{
  "labels": {
    "12": [
      {
        "is_tti": 0,
        "non_interaction_tool": "Dissector",
        "instrument_polygon": {
          "0": {
            "x": 0.993164,
            "y": 0.157492
          },
          "1": {
            "x": 0.991211,
            "y": 0.16055
          },
          "10": {
            "x": 0.90625,
            "y": 0.220183
          },
          "100": {
            "x": 0.994141,
            "y": 0.157492
          },
          "11": {
            "x": 0.880859,
            "y": 0.24159
          },
          "12": {
            "x": 0.875977,
            "y": 0.243119
          },
          "13": {
            "x": 0.863281,
            "y": 0.255352
          },
          "14": {
            "x": 0.858398,
            "y": 0.256881
          },
          "15": {
            "x": 0.84668,
            "y": 0.267584
          },
          "16": {
            "x": 0.84082,
            "y": 0.270642
          },
          "17": {
            "x": 0.838867,
            "y": 0.2737
          },
          "18": {
            "x": 0.824219,
            "y": 0.281346
          },
          "19": {
            "x": 0.820312,
            "y": 0.285933
          },
          "2": {
            "x": 0.989258,
            "y": 0.16055
          },
          "20": {
            "x": 0.818359,
            "y": 0.285933
          },
          "21": {
            "x": 0.802734,
            "y": 0.298165
          },
          "22": {
            "x": 0.795898,
            "y": 0.30581
          },
          "23": {
            "x": 0.769531,
            "y": 0.350153
          },
          "24": {
            "x": 0.763672,
            "y": 0.353211
          },
          "25": {
            "x": 0.757812,
            "y": 0.360856
          },
          "26": {
            "x": 0.74707,
            "y": 0.385321
          },
          "27": {
            "x": 0.735352,
            "y": 0.391437
          },
          "28": {
            "x": 0.714844,
            "y": 0.414373
          },
          "29": {
            "x": 0.709961,
            "y": 0.41896
          },
          "3": {
            "x": 0.974609,
            "y": 0.172783
          },
          "30": {
            "x": 0.708008,
            "y": 0.41896
          },
          "31": {
            "x": 0.701172,
            "y": 0.426606
          },
          "32": {
            "x": 0.68457,
            "y": 0.438838
          },
          "33": {
            "x": 0.682617,
            "y": 0.438838
          },
          "34": {
            "x": 0.674805,
            "y": 0.446483
          },
          "35": {
            "x": 0.672852,
            "y": 0.446483
          },
          "36": {
            "x": 0.667969,
            "y": 0.452599
          },
          "37": {
            "x": 0.663086,
            "y": 0.454128
          },
          "38": {
            "x": 0.654297,
            "y": 0.461774
          },
          "39": {
            "x": 0.649414,
            "y": 0.463303
          },
          "4": {
            "x": 0.972656,
            "y": 0.172783
          },
          "40": {
            "x": 0.638672,
            "y": 0.470948
          },
          "41": {
            "x": 0.629883,
            "y": 0.474006
          },
          "42": {
            "x": 0.626953,
            "y": 0.477064
          },
          "43": {
            "x": 0.615234,
            "y": 0.478593
          },
          "44": {
            "x": 0.614258,
            "y": 0.480122
          },
          "45": {
            "x": 0.600586,
            "y": 0.478593
          },
          "46": {
            "x": 0.599609,
            "y": 0.480122
          },
          "47": {
            "x": 0.588867,
            "y": 0.480122
          },
          "48": {
            "x": 0.576172,
            "y": 0.486239
          },
          "49": {
            "x": 0.567383,
            "y": 0.501529
          },
          "5": {
            "x": 0.957031,
            "y": 0.185015
          },
          "50": {
            "x": 0.566406,
            "y": 0.521407
          },
          "51": {
            "x": 0.568359,
            "y": 0.529052
          },
          "52": {
            "x": 0.576172,
            "y": 0.539755
          },
          "53": {
            "x": 0.59082,
            "y": 0.547401
          },
          "54": {
            "x": 0.600586,
            "y": 0.547401
          },
          "55": {
            "x": 0.601562,
            "y": 0.54893
          },
          "56": {
            "x": 0.625977,
            "y": 0.54893
          },
          "57": {
            "x": 0.626953,
            "y": 0.547401
          },
          "58": {
            "x": 0.651367,
            "y": 0.545872
          },
          "59": {
            "x": 0.65625,
            "y": 0.542813
          },
          "6": {
            "x": 0.955078,
            "y": 0.185015
          },
          "60": {
            "x": 0.673828,
            "y": 0.539755
          },
          "61": {
            "x": 0.69043,
            "y": 0.53211
          },
          "62": {
            "x": 0.696289,
            "y": 0.53211
          },
          "63": {
            "x": 0.708008,
            "y": 0.525994
          },
          "64": {
            "x": 0.710938,
            "y": 0.525994
          },
          "65": {
            "x": 0.72168,
            "y": 0.518349
          },
          "66": {
            "x": 0.730469,
            "y": 0.515291
          },
          "67": {
            "x": 0.735352,
            "y": 0.510703
          },
          "68": {
            "x": 0.75293,
            "y": 0.501529
          },
          "69": {
            "x": 0.771484,
            "y": 0.486239
          },
          "7": {
            "x": 0.946289,
            "y": 0.192661
          },
          "70": {
            "x": 0.773438,
            "y": 0.486239
          },
          "71": {
            "x": 0.782227,
            "y": 0.478593
          },
          "72": {
            "x": 0.787109,
            "y": 0.477064
          },
          "73": {
            "x": 0.791992,
            "y": 0.472477
          },
          "74": {
            "x": 0.800781,
            "y": 0.469419
          },
          "75": {
            "x": 0.803711,
            "y": 0.466361
          },
          "76": {
            "x": 0.821289,
            "y": 0.458716
          },
          "77": {
            "x": 0.824219,
            "y": 0.455657
          },
          "78": {
            "x": 0.831055,
            "y": 0.454128
          },
          "79": {
            "x": 0.838867,
            "y": 0.448012
          },
          "8": {
            "x": 0.939453,
            "y": 0.195719
          },
          "80": {
            "x": 0.84375,
            "y": 0.446483
          },
          "81": {
            "x": 0.874023,
            "y": 0.423547
          },
          "82": {
            "x": 0.878906,
            "y": 0.422018
          },
          "83": {
            "x": 0.908203,
            "y": 0.400612
          },
          "84": {
            "x": 0.913086,
            "y": 0.399083
          },
          "85": {
            "x": 0.916992,
            "y": 0.394495
          },
          "86": {
            "x": 0.927734,
            "y": 0.389908
          },
          "87": {
            "x": 0.935547,
            "y": 0.382263
          },
          "88": {
            "x": 0.951172,
            "y": 0.374618
          },
          "89": {
            "x": 0.967773,
            "y": 0.360856
          },
          "9": {
            "x": 0.908203,
            "y": 0.220183
          },
          "90": {
            "x": 0.970703,
            "y": 0.360856
          },
          "91": {
            "x": 0.985352,
            "y": 0.348624
          },
          "92": {
            "x": 0.994141,
            "y": 0.344037
          },