{
  "labels": {
    "120": [
      {
        "is_tti": 0,
        "non_interaction_tool": "Cautery (Hook, Spatula)",
        "tti_polygon": {
          "0": {
            "x": 0.827148,
            "y": 0
          },
          "1": {
            "x": 0.824219,
            "y": 0.00289
          },
          "2": {
            "x": 0.822266,
            "y": 0.013006
          },
          "3": {
            "x": 0.818359,
            "y": 0.018786
          },
          "4": {
            "x": 0.814453,
            "y": 0.023121
          },
          "5": {
            "x": 0.8125,
            "y": 0.023121
          },
          "6": {
            "x": 0.810547,
            "y": 0.027457
          },
          "7": {
            "x": 0.804688,
            "y": 0.031792
          },
          "8": {
            "x": 0.803711,
            "y": 0.034682
          },
          "9": {
            "x": 0.798828,
            "y": 0.039017
          },
          "10": {
            "x": 0.795898,
            "y": 0.039017
          },
          "11": {
            "x": 0.794922,
            "y": 0.041908
          },
          "12": {
            "x": 0.792969,
            "y": 0.041908
          },
          "13": {
            "x": 0.786133,
            "y": 0.049133
          },
          "14": {
            "x": 0.783203,
            "y": 0.049133
          },
          "15": {
            "x": 0.78125,
            "y": 0.052023
          },
          "16": {
            "x": 0.779297,
            "y": 0.052023
          },
          "17": {
            "x": 0.77832,
            "y": 0.056358
          },
          "18": {
            "x": 0.774414,
            "y": 0.056358
          },
          "19": {
            "x": 0.768555,
            "y": 0.062139
          },
          "20": {
            "x": 0.765625,
            "y": 0.062139
          },
          "21": {
            "x": 0.755859,
            "y": 0.072254
          },
          "22": {
            "x": 0.750977,
            "y": 0.072254
          },
          "23": {
            "x": 0.748047,
            "y": 0.080925
          },
          "24": {
            "x": 0.745117,
            "y": 0.080925
          },
          "25": {
            "x": 0.743164,
            "y": 0.083815
          },
          "26": {
            "x": 0.740234,
            "y": 0.083815
          },
          "27": {
            "x": 0.739258,
            "y": 0.08815
          },
          "28": {
            "x": 0.738281,
            "y": 0.086705
          },
          "29": {
            "x": 0.735352,
            "y": 0.086705
          },
          "30": {
            "x": 0.727539,
            "y": 0.098266
          },
          "31": {
            "x": 0.722656,
            "y": 0.102601
          },
          "32": {
            "x": 0.720703,
            "y": 0.102601
          },
          "33": {
            "x": 0.717773,
            "y": 0.106936
          },
          "34": {
            "x": 0.717773,
            "y": 0.109827
          },
          "35": {
            "x": 0.708984,
            "y": 0.121387
          },
          "36": {
            "x": 0.691406,
            "y": 0.137283
          },
          "37": {
            "x": 0.6875,
            "y": 0.144509
          },
          "38": {
            "x": 0.68457,
            "y": 0.145954
          },
          "39": {
            "x": 0.682617,
            "y": 0.153179
          },
          "40": {
            "x": 0.677734,
            "y": 0.160405
          },
          "41": {
            "x": 0.666016,
            "y": 0.171965
          },
          "42": {
            "x": 0.663086,
            "y": 0.180636
          },
          "43": {
            "x": 0.65332,
            "y": 0.192197
          },
          "44": {
            "x": 0.654297,
            "y": 0.196532
          },
          "45": {
            "x": 0.642578,
            "y": 0.212428
          },
          "46": {
            "x": 0.640625,
            "y": 0.219653
          },
          "47": {
            "x": 0.631836,
            "y": 0.231214
          },
          "48": {
            "x": 0.633789,
            "y": 0.235549
          },
          "49": {
            "x": 0.631836,
            "y": 0.238439
          },
          "50": {
            "x": 0.626953,
            "y": 0.241329
          },
          "51": {
            "x": 0.621094,
            "y": 0.241329
          },
          "52": {
            "x": 0.614258,
            "y": 0.245665
          },
          "53": {
            "x": 0.600586,
            "y": 0.248555
          },
          "54": {
            "x": 0.599609,
            "y": 0.25
          },
          "55": {
            "x": 0.591797,
            "y": 0.25
          },
          "56": {
            "x": 0.576172,
            "y": 0.260116
          },
          "57": {
            "x": 0.572266,
            "y": 0.258671
          },
          "58": {
            "x": 0.568359,
            "y": 0.277457
          },
          "59": {
            "x": 0.5625,
            "y": 0.287572
          },
          "60": {
            "x": 0.557617,
            "y": 0.290462
          },
          "61": {
            "x": 0.547852,
            "y": 0.303468
          },
          "62": {
            "x": 0.544922,
            "y": 0.303468
          },
          "63": {
            "x": 0.540039,
            "y": 0.307803
          },
          "64": {
            "x": 0.535156,
            "y": 0.309249
          },
          "65": {
            "x": 0.530273,
            "y": 0.315029
          },
          "66": {
            "x": 0.514648,
            "y": 0.325145
          },
          "67": {
            "x": 0.508789,
            "y": 0.33237
          },
          "68": {
            "x": 0.506836,
            "y": 0.33237
          },
          "69": {
            "x": 0.499023,
            "y": 0.33815
          },
          "70": {
            "x": 0.496094,
            "y": 0.342486
          },
          "71": {
            "x": 0.485352,
            "y": 0.349711
          },
          "72": {
            "x": 0.469727,
            "y": 0.367052
          },
          "73": {
            "x": 0.463867,
            "y": 0.369942
          },
          "74": {
            "x": 0.458008,
            "y": 0.378613
          },
          "75": {
            "x": 0.453125,
            "y": 0.398844
          },
          "76": {
            "x": 0.447266,
            "y": 0.407514
          },
          "77": {
            "x": 0.447266,
            "y": 0.426301
          },
          "78": {
            "x": 0.451172,
            "y": 0.427746
          },
          "79": {
            "x": 0.454102,
            "y": 0.432081
          },
          "80": {
            "x": 0.458984,
            "y": 0.427746
          },
          "81": {
            "x": 0.461914,
            "y": 0.433526
          },
          "82": {
            "x": 0.463867,
            "y": 0.433526
          },
          "83": {
            "x": 0.463867,
            "y": 0.430636
          },
          "84": {
            "x": 0.469727,
            "y": 0.42341
          },
          "85": {
            "x": 0.470703,
            "y": 0.419075
          },
          "86": {
            "x": 0.489258,
            "y": 0.395954
          },
          "87": {
            "x": 0.489258,
            "y": 0.391618
          },
          "88": {
            "x": 0.492188,
            "y": 0.387283
          },
          "89": {
            "x": 0.496094,
            "y": 0.385838
          },
          "90": {
            "x": 0.498047,
            "y": 0.382948
          },
          "91": {
            "x": 0.501953,
            "y": 0.382948
          },
          "92": {
            "x": 0.503906,
            "y": 0.380058
          },
          "93": {
            "x": 0.505859,
            "y": 0.380058
          },