{
  "labels": {
    "54": [
      {
        "instrument_polygon": {
          "0": {
            "x": 0.981445,
            "y": 0.401506
          },
          "1": {
            "x": 0.980469,
            "y": 0.40276
          },
          "2": {
            "x": 0.96582,
            "y": 0.40276
          },
          "3": {
            "x": 0.964844,
            "y": 0.404015
          },
          "4": {
            "x": 0.945312,
            "y": 0.40527
          },
          "5": {
            "x": 0.93457,
            "y": 0.409034
          },
          "6": {
            "x": 0.925781,
            "y": 0.409034
          },
          "7": {
            "x": 0.910156,
            "y": 0.412798
          },
          "8": {
            "x": 0.899414,
            "y": 0.412798
          },
          "9": {
            "x": 0.891602,
            "y": 0.415307
          },
          "10": {
            "x": 0.880859,
            "y": 0.415307
          },
          "11": {
            "x": 0.879883,
            "y": 0.416562
          },
          "12": {
            "x": 0.869141,
            "y": 0.416562
          },
          "13": {
            "x": 0.868164,
            "y": 0.417817
          },
          "14": {
            "x": 0.864258,
            "y": 0.416562
          },
          "15": {
            "x": 0.863281,
            "y": 0.417817
          },
          "16": {
            "x": 0.845703,
            "y": 0.419072
          },
          "17": {
            "x": 0.844727,
            "y": 0.420326
          },
          "18": {
            "x": 0.826172,
            "y": 0.421581
          },
          "19": {
            "x": 0.813477,
            "y": 0.425345
          },
          "20": {
            "x": 0.796875,
            "y": 0.4266
          },
          "21": {
            "x": 0.774414,
            "y": 0.432873
          },
          "22": {
            "x": 0.765625,
            "y": 0.432873
          },
          "23": {
            "x": 0.756836,
            "y": 0.435383
          },
          "24": {
            "x": 0.740234,
            "y": 0.435383
          },
          "25": {
            "x": 0.732422,
            "y": 0.437892
          },
          "26": {
            "x": 0.726562,
            "y": 0.437892
          },
          "27": {
            "x": 0.719727,
            "y": 0.440402
          },
          "28": {
            "x": 0.696289,
            "y": 0.444166
          },
          "29": {
            "x": 0.686523,
            "y": 0.44793
          },
          "30": {
            "x": 0.666992,
            "y": 0.449184
          },
          "31": {
            "x": 0.666016,
            "y": 0.44793
          },
          "32": {
            "x": 0.651367,
            "y": 0.44793
          },
          "33": {
            "x": 0.643555,
            "y": 0.450439
          },
          "34": {
            "x": 0.636719,
            "y": 0.450439
          },
          "35": {
            "x": 0.62207,
            "y": 0.457967
          },
          "36": {
            "x": 0.619141,
            "y": 0.457967
          },
          "37": {
            "x": 0.613281,
            "y": 0.462986
          },
          "38": {
            "x": 0.606445,
            "y": 0.465496
          },
          "39": {
            "x": 0.59375,
            "y": 0.474279
          },
          "40": {
            "x": 0.582031,
            "y": 0.486826
          },
          "41": {
            "x": 0.577148,
            "y": 0.489335
          },
          "42": {
            "x": 0.566406,
            "y": 0.501882
          },
          "43": {
            "x": 0.564453,
            "y": 0.506901
          },
          "44": {
            "x": 0.551758,
            "y": 0.506901
          },
          "45": {
            "x": 0.550781,
            "y": 0.508156
          },
          "46": {
            "x": 0.541992,
            "y": 0.508156
          },
          "47": {
            "x": 0.541016,
            "y": 0.50941
          },
          "48": {
            "x": 0.524414,
            "y": 0.51192
          },
          "49": {
            "x": 0.514648,
            "y": 0.524467
          },
          "50": {
            "x": 0.507812,
            "y": 0.540778
          },
          "51": {
            "x": 0.508789,
            "y": 0.548306
          },
          "52": {
            "x": 0.515625,
            "y": 0.558344
          },
          "53": {
            "x": 0.525391,
            "y": 0.564617
          },
          "54": {
            "x": 0.53418,
            "y": 0.565872
          },
          "55": {
            "x": 0.545898,
            "y": 0.560853
          },
          "56": {
            "x": 0.558594,
            "y": 0.560853
          },
          "57": {
            "x": 0.569336,
            "y": 0.578419
          },
          "58": {
            "x": 0.580078,
            "y": 0.589711
          },
          "59": {
            "x": 0.59082,
            "y": 0.595985
          },
          "60": {
            "x": 0.594727,
            "y": 0.595985
          },
          "61": {
            "x": 0.603516,
            "y": 0.601004
          },
          "62": {
            "x": 0.620117,
            "y": 0.606023
          },
          "63": {
            "x": 0.629883,
            "y": 0.606023
          },
          "64": {
            "x": 0.634766,
            "y": 0.608532
          },
          "65": {
            "x": 0.641602,
            "y": 0.608532
          },
          "66": {
            "x": 0.650391,
            "y": 0.611041
          },
          "67": {
            "x": 0.675781,
            "y": 0.611041
          },
          "68": {
            "x": 0.677734,
            "y": 0.609787
          },
          "69": {
            "x": 0.678711,
            "y": 0.611041
          },
          "70": {
            "x": 0.686523,
            "y": 0.611041
          },
          "71": {
            "x": 0.6875,
            "y": 0.609787
          },
          "72": {
            "x": 0.695312,
            "y": 0.609787
          },
          "73": {
            "x": 0.698242,
            "y": 0.611041
          },
          "74": {
            "x": 0.702148,
            "y": 0.609787
          },
          "75": {
            "x": 0.707031,
            "y": 0.611041
          },
          "76": {
            "x": 0.708008,
            "y": 0.609787
          },
          "77": {
            "x": 0.708984,
            "y": 0.611041
          },
          "78": {
            "x": 0.725586,
            "y": 0.612296
          },
          "79": {
            "x": 0.726562,
            "y": 0.613551
          },
          "80": {
            "x": 0.734375,
            "y": 0.613551
          },
          "81": {
            "x": 0.739258,
            "y": 0.61606
          },
          "82": {
            "x": 0.797852,
            "y": 0.61857
          },
          "83": {
            "x": 0.822266,
            "y": 0.624843
          },
          "84": {
            "x": 0.830078,
            "y": 0.624843
          },
          "85": {
            "x": 0.836914,
            "y": 0.627353
          },
          "86": {
            "x": 0.848633,
            "y": 0.627353
          },
          "87": {
            "x": 0.869141,
            "y": 0.632371
          },
          "88": {
            "x": 0.910156,
            "y": 0.63739
          },
          "89": {
            "x": 0.916016,
            "y": 0.6399
          },
          "90": {
            "x": 0.921875,
            "y": 0.6399
          },
          "91": {
            "x": 0.922852,
            "y": 0.638645
          },
          "92": {
            "x": 0.931641,
            "y": 0.641154
          },
          "93": {
            "x": 0.944336,
            "y": 0.641154
          },
          "94": {
            "x": 0.955078,