{
  "labels": {
    "42": [
      {
        "is_tti": 0,
        "non_interaction_tool": "Cautery (Hook, Spatula)",
        "instrument_polygon": {
          "0": {
            "x": 0.96582,
            "y": 0.245312
          },
          "1": {
            "x": 0.964844,
            "y": 0.246875
          },
          "2": {
            "x": 0.961914,
            "y": 0.246875
          },
          "3": {
            "x": 0.958984,
            "y": 0.251563
          },
          "4": {
            "x": 0.950195,
            "y": 0.25625
          },
          "5": {
            "x": 0.946289,
            "y": 0.2625
          },
          "6": {
            "x": 0.94043,
            "y": 0.28125
          },
          "7": {
            "x": 0.94043,
            "y": 0.285938
          },
          "8": {
            "x": 0.936523,
            "y": 0.29375
          },
          "9": {
            "x": 0.936523,
            "y": 0.298438
          },
          "10": {
            "x": 0.931641,
            "y": 0.301563
          },
          "11": {
            "x": 0.926758,
            "y": 0.307812
          },
          "12": {
            "x": 0.921875,
            "y": 0.309375
          },
          "13": {
            "x": 0.923828,
            "y": 0.3125
          },
          "14": {
            "x": 0.926758,
            "y": 0.3125
          },
          "15": {
            "x": 0.926758,
            "y": 0.315625
          },
          "16": {
            "x": 0.917969,
            "y": 0.317188
          },
          "17": {
            "x": 0.911133,
            "y": 0.325
          },
          "18": {
            "x": 0.908203,
            "y": 0.325
          },
          "19": {
            "x": 0.908203,
            "y": 0.326562
          },
          "20": {
            "x": 0.911133,
            "y": 0.326562
          },
          "21": {
            "x": 0.913086,
            "y": 0.329688
          },
          "22": {
            "x": 0.912109,
            "y": 0.33125
          },
          "23": {
            "x": 0.90918,
            "y": 0.33125
          },
          "24": {
            "x": 0.904297,
            "y": 0.335938
          },
          "25": {
            "x": 0.899414,
            "y": 0.3375
          },
          "26": {
            "x": 0.897461,
            "y": 0.340625
          },
          "27": {
            "x": 0.898438,
            "y": 0.345313
          },
          "28": {
            "x": 0.896484,
            "y": 0.348438
          },
          "29": {
            "x": 0.893555,
            "y": 0.35
          },
          "30": {
            "x": 0.887695,
            "y": 0.35
          },
          "31": {
            "x": 0.884766,
            "y": 0.353125
          },
          "32": {
            "x": 0.880859,
            "y": 0.3625
          },
          "33": {
            "x": 0.876953,
            "y": 0.364063
          },
          "34": {
            "x": 0.864258,
            "y": 0.384375
          },
          "35": {
            "x": 0.861328,
            "y": 0.385937
          },
          "36": {
            "x": 0.858398,
            "y": 0.382812
          },
          "37": {
            "x": 0.855469,
            "y": 0.382812
          },
          "38": {
            "x": 0.851562,
            "y": 0.3875
          },
          "39": {
            "x": 0.854492,
            "y": 0.392188
          },
          "40": {
            "x": 0.852539,
            "y": 0.395313
          },
          "41": {
            "x": 0.844727,
            "y": 0.4
          },
          "42": {
            "x": 0.841797,
            "y": 0.40625
          },
          "43": {
            "x": 0.837891,
            "y": 0.407813
          },
          "44": {
            "x": 0.834961,
            "y": 0.414062
          },
          "45": {
            "x": 0.826172,
            "y": 0.417187
          },
          "46": {
            "x": 0.826172,
            "y": 0.421875
          },
          "47": {
            "x": 0.830078,
            "y": 0.420312
          },
          "48": {
            "x": 0.833008,
            "y": 0.423438
          },
          "49": {
            "x": 0.830078,
            "y": 0.426563
          },
          "50": {
            "x": 0.828125,
            "y": 0.425
          },
          "51": {
            "x": 0.824219,
            "y": 0.425
          },
          "52": {
            "x": 0.819336,
            "y": 0.43125
          },
          "53": {
            "x": 0.819336,
            "y": 0.439063
          },
          "54": {
            "x": 0.817383,
            "y": 0.442188
          },
          "55": {
            "x": 0.813477,
            "y": 0.44375
          },
          "56": {
            "x": 0.8125,
            "y": 0.442188
          },
          "57": {
            "x": 0.801758,
            "y": 0.442188
          },
          "58": {
            "x": 0.791016,
            "y": 0.43125
          },
          "59": {
            "x": 0.787109,
            "y": 0.423438
          },
          "60": {
            "x": 0.788086,
            "y": 0.41875
          },
          "61": {
            "x": 0.786133,
            "y": 0.415625
          },
          "62": {
            "x": 0.786133,
            "y": 0.40625
          },
          "63": {
            "x": 0.788086,
            "y": 0.401562
          },
          "64": {
            "x": 0.786133,
            "y": 0.392188
          },
          "65": {
            "x": 0.788086,
            "y": 0.389062
          },
          "66": {
            "x": 0.788086,
            "y": 0.384375
          },
          "67": {
            "x": 0.785156,
            "y": 0.376563
          },
          "68": {
            "x": 0.786133,
            "y": 0.371875
          },
          "69": {
            "x": 0.782227,
            "y": 0.367188
          },
          "70": {
            "x": 0.776367,
            "y": 0.364063
          },
          "71": {
            "x": 0.771484,
            "y": 0.35625
          },
          "72": {
            "x": 0.759766,
            "y": 0.357812
          },
          "73": {
            "x": 0.75,
            "y": 0.36875
          },
          "74": {
            "x": 0.742188,
            "y": 0.409375
          },
          "75": {
            "x": 0.730469,
            "y": 0.428125
          },
          "76": {
            "x": 0.723633,
            "y": 0.432812
          },
          "77": {
            "x": 0.720703,
            "y": 0.432812
          },
          "78": {
            "x": 0.716797,
            "y": 0.440625
          },
          "79": {
            "x": 0.710938,
            "y": 0.44375
          },
          "80": {
            "x": 0.708008,
            "y": 0.448437
          },
          "81": {
            "x": 0.709961,
            "y": 0.453125
          },
          "82": {
            "x": 0.709961,
            "y": 0.459375
          },
          "83": {
            "x": 0.708008,
            "y": 0.4625
          },
          "84": {
            "x": 0.704102,
            "y": 0.465625
          },
          "85": {
            "x": 0.697266,
            "y": 0.467187
          },
          "86": {
            "x": 0.694336,
            "y": 0.470313
          },
          "87": {
            "x": 0.683594,
            "y": 0.471875
          },
          "88": {
            "x": 0.682617,
            "y": 0.473438
          },
          "89": {
            "x": 0.676758,
            "y": 0.473438
          },
          "90": {
            "x": 0.672852,
            "y": 0.476562
          },
          "91": {
            "x": 0.664062,
            "y": 0.476562
          },
          "92": {
            "x": 0.663086,
            "y": 0.478125
          },
          "93": {
            "x": 0.637695,
            "y": 0.48125
          },