{
  "labels": {
    "0": [],
    "33": [
      {
        "is_tti": 0,
        "non_interaction_tool": "Cautery (Hook, Spatula)",
        "instrument_polygon": {
          "0": {
            "x": 0.741211,
            "y": 0
          },
          "1": {
            "x": 0.736328,
            "y": 0.005725
          },
          "2": {
            "x": 0.724609,
            "y": 0.028626
          },
          "3": {
            "x": 0.711914,
            "y": 0.045802
          },
          "4": {
            "x": 0.707031,
            "y": 0.049618
          },
          "5": {
            "x": 0.685547,
            "y": 0.076336
          },
          "6": {
            "x": 0.676758,
            "y": 0.097328
          },
          "7": {
            "x": 0.662109,
            "y": 0.160305
          },
          "8": {
            "x": 0.65625,
            "y": 0.171756
          },
          "9": {
            "x": 0.629883,
            "y": 0.198473
          },
          "10": {
            "x": 0.62793,
            "y": 0.198473
          },
          "11": {
            "x": 0.615234,
            "y": 0.211832
          },
          "12": {
            "x": 0.613281,
            "y": 0.211832
          },
          "13": {
            "x": 0.598633,
            "y": 0.227099
          },
          "14": {
            "x": 0.586914,
            "y": 0.232824
          },
          "15": {
            "x": 0.580078,
            "y": 0.242366
          },
          "16": {
            "x": 0.576172,
            "y": 0.246183
          },
          "17": {
            "x": 0.574219,
            "y": 0.246183
          },
          "18": {
            "x": 0.566406,
            "y": 0.232824
          },
          "19": {
            "x": 0.564453,
            "y": 0.219466
          },
          "20": {
            "x": 0.5625,
            "y": 0.215649
          },
          "21": {
            "x": 0.5625,
            "y": 0.206107
          },
          "22": {
            "x": 0.555664,
            "y": 0.187023
          },
          "23": {
            "x": 0.553711,
            "y": 0.187023
          },
          "24": {
            "x": 0.552734,
            "y": 0.185115
          },
          "25": {
            "x": 0.548828,
            "y": 0.185115
          },
          "26": {
            "x": 0.539062,
            "y": 0.196565
          },
          "27": {
            "x": 0.536133,
            "y": 0.208015
          },
          "28": {
            "x": 0.537109,
            "y": 0.215649
          },
          "29": {
            "x": 0.539062,
            "y": 0.217557
          },
          "30": {
            "x": 0.540039,
            "y": 0.229008
          },
          "31": {
            "x": 0.546875,
            "y": 0.253817
          },
          "32": {
            "x": 0.547852,
            "y": 0.263359
          },
          "33": {
            "x": 0.556641,
            "y": 0.288168
          },
          "34": {
            "x": 0.561523,
            "y": 0.29771
          },
          "35": {
            "x": 0.573242,
            "y": 0.30916
          },
          "36": {
            "x": 0.578125,
            "y": 0.30916
          },
          "37": {
            "x": 0.579102,
            "y": 0.307252
          },
          "38": {
            "x": 0.583984,
            "y": 0.305344
          },
          "39": {
            "x": 0.586914,
            "y": 0.299618
          },
          "40": {
            "x": 0.592773,
            "y": 0.301527
          },
          "41": {
            "x": 0.59668,
            "y": 0.305344
          },
          "42": {
            "x": 0.603516,
            "y": 0.305344
          },
          "43": {
            "x": 0.606445,
            "y": 0.301527
          },
          "44": {
            "x": 0.617188,
            "y": 0.295802
          },
          "45": {
            "x": 0.638672,
            "y": 0.274809
          },
          "46": {
            "x": 0.640625,
            "y": 0.274809
          },
          "47": {
            "x": 0.655273,
            "y": 0.26145
          },
          "48": {
            "x": 0.657227,
            "y": 0.26145
          },
          "49": {
            "x": 0.674805,
            "y": 0.244275
          },
          "50": {
            "x": 0.676758,
            "y": 0.240458
          },
          "51": {
            "x": 0.680664,
            "y": 0.23855
          },
          "52": {
            "x": 0.691406,
            "y": 0.217557
          },
          "53": {
            "x": 0.701172,
            "y": 0.192748
          },
          "54": {
            "x": 0.708984,
            "y": 0.181298
          },
          "55": {
            "x": 0.714844,
            "y": 0.175573
          },
          "56": {
            "x": 0.72168,
            "y": 0.171756
          },
          "57": {
            "x": 0.734375,
            "y": 0.160305
          },
          "58": {
            "x": 0.742188,
            "y": 0.156489
          },
          "59": {
            "x": 0.746094,
            "y": 0.150763
          },
          "60": {
            "x": 0.748047,
            "y": 0.150763
          },
          "61": {
            "x": 0.757812,
            "y": 0.141221
          },
          "62": {
            "x": 0.763672,
            "y": 0.141221
          },
          "63": {
            "x": 0.764648,
            "y": 0.14313
          },
          "64": {
            "x": 0.775391,
            "y": 0.141221
          },
          "65": {
            "x": 0.777344,
            "y": 0.137405
          },
          "66": {
            "x": 0.785156,
            "y": 0.133588
          },
          "67": {
            "x": 0.792969,
            "y": 0.125954
          },
          "68": {
            "x": 0.795898,
            "y": 0.125954
          },
          "69": {
            "x": 0.800781,
            "y": 0.120229
          },
          "70": {
            "x": 0.803711,
            "y": 0.120229
          },
          "71": {
            "x": 0.807617,
            "y": 0.116412
          },
          "72": {
            "x": 0.810547,
            "y": 0.116412
          },
          "73": {
            "x": 0.813477,
            "y": 0.112595
          },
          "74": {
            "x": 0.816406,
            "y": 0.112595
          },
          "75": {
            "x": 0.831055,
            "y": 0.101145
          },
          "76": {
            "x": 0.833984,
            "y": 0.101145
          },
          "77": {
            "x": 0.84375,
            "y": 0.091603
          },
          "78": {
            "x": 0.845703,
            "y": 0.087786
          },
          "79": {
            "x": 0.849609,
            "y": 0.085878
          },
          "80": {
            "x": 0.853516,
            "y": 0.080153
          },
          "81": {
            "x": 0.859375,
            "y": 0.076336
          },
          "82": {
            "x": 0.861328,
            "y": 0.072519
          },
          "83": {
            "x": 0.863281,
            "y": 0.072519
          },
          "84": {
            "x": 0.869141,
            "y": 0.066794
          },
          "85": {
            "x": 0.876953,
            "y": 0.062977
          },
          "86": {
            "x": 0.884766,
            "y": 0.055344
          },
          "87": {
            "x": 0.887695,
            "y": 0.055344
          },
          "88": {
            "x": 0.888672,
            "y": 0.053435
          },
          "89": {
            "x": 0.899414,
            "y": 0.04771
          },
          "90": {
            "x": 0.90625,
            "y": 0.038168
          },
          "91": {
            "x": 0.917969,
            "y": 0.026718
          },
          "92": {
            "x": 0.919922,
            "y": 0.026718
          },
          "93": {
            "x": 0.924805,