{
  "labels": {
    "134": [
      {
        "is_tti": 0,
        "non_interaction_tool": "Dissector",
        "instrument_polygon": {
          "0": {
            "x": 0.7595469093598006,
            "y": 0.007784299312994855
          },
          "1": {
            "x": 0.751874160093764,
            "y": 0.012987780915230531
          },
          "2": {
            "x": 0.7451313400393801,
            "y": 0.020724775850023264
          },
          "3": {
            "x": 0.7349787795422701,
            "y": 0.03134096995808103
          },
          "4": {
            "x": 0.7289059084898294,
            "y": 0.038882379482999524
          },
          "5": {
            "x": 0.7245495734373926,
            "y": 0.048538840533302256
          },
          "6": {
            "x": 0.7193566354024296,
            "y": 0.06000560374941777
          },
          "7": {
            "x": 0.7134937483655234,
            "y": 0.07574340649743827
          },
          "8": {
            "x": 0.7081141578723075,
            "y": 0.08748762808570096
          },
          "9": {
            "x": 0.7036111673169577,
            "y": 0.09733967454587797
          },
          "10": {
            "x": 0.699251499184909,
            "y": 0.10841526694224499
          },
          "11": {
            "x": 0.694058561149946,
            "y": 0.1187403571844434
          },
          "12": {
            "x": 0.6914454267344065,
            "y": 0.12953849120866326
          },
          "13": {
            "x": 0.6873790696081836,
            "y": 0.14530813344201213
          },
          "14": {
            "x": 0.6834393695072042,
            "y": 0.15650653528178857
          },
          "15": {
            "x": 0.6813628609091411,
            "y": 0.16872380065207268
          },
          "16": {
            "x": 0.6851759039848777,
            "y": 0.17913076385654406
          },
          "17": {
            "x": 0.6937819155421785,
            "y": 0.1843069544713554
          },
          "18": {
            "x": 0.7017546419732642,
            "y": 0.18951043607359108
          },
          "19": {
            "x": 0.7083408072859003,
            "y": 0.19849826793199815
          },
          "20": {
            "x": 0.7145803323189238,
            "y": 0.2070130560083838
          },
          "21": {
            "x": 0.7233896617325356,
            "y": 0.2089052311364695
          },
          "22": {
            "x": 0.7310157478840088,
            "y": 0.2041338568351188
          },
          "23": {
            "x": 0.7402217137714079,
            "y": 0.19252609018397768
          },
          "24": {
            "x": 0.7493510188277389,
            "y": 0.18569424633209133
          },
          "25": {
            "x": 0.7562171628277543,
            "y": 0.17709758529343272
          },
          "26": {
            "x": 0.7640165691190337,
            "y": 0.16341115510013976
          },
          "27": {
            "x": 0.769012855456909,
            "y": 0.15398666744294365
          },
          "28": {
            "x": 0.7737124977093467,
            "y": 0.14429836690731254
          },
          "29": {
            "x": 0.7797487048860591,
            "y": 0.13581541831625524
          },
          "30": {
            "x": 0.7857382489482083,
            "y": 0.12750986114345597
          },
          "31": {
            "x": 0.7918244523190956,
            "y": 0.11924069195388913
          },
          "32": {
            "x": 0.7973306998375544,
            "y": 0.11073500087331159
          },
          "33": {
            "x": 0.8049467867501928,
            "y": 0.09964576298323241
          },
          "34": {
            "x": 0.8111663133055463,
            "y": 0.09042595773171867
          },
          "35": {
            "x": 0.8185890816007084,
            "y": 0.08213859455053561
          },
          "36": {
            "x": 0.8258485289948995,
            "y": 0.07338728458313926
          },
          "37": {
            "x": 0.831864737693942,
            "y": 0.06513630938518862
          },
          "38": {
            "x": 0.838390907573568,
            "y": 0.05778138827433626
          },
          "39": {
            "x": 0.8457336819580505,
            "y": 0.050508340125756855
          },
          "40": {
            "x": 0.8534764258959319,
            "y": 0.04431328598043781
          },
          "41": {
            "x": 0.8582893928551659,
            "y": 0.035102577724732166
          },
          "42": {
            "x": 0.8617557956512901,
            "y": 0.024436350139729838
          },
          "43": {
            "x": 0.8662621192862515,
            "y": 0.013956610968793647
          },
          "44": {
            "x": 0.8711150832008253,
            "y": 0.005369046925943154
          }
        }
      },
      {
        "instrument_polygon": {
          "0": {
            "x": 0.136719,
            "y": 0
          },
          "1": {
            "x": 0.137695,
            "y": 0.008
          },
          "2": {
            "x": 0.133789,
            "y": 0.029333
          },
          "3": {
            "x": 0.133789,
            "y": 0.049333
          },
          "4": {
            "x": 0.136719,
            "y": 0.054667
          },
          "5": {
            "x": 0.136719,
            "y": 0.058667
          },
          "6": {
            "x": 0.139648,
            "y": 0.062667
          },
          "7": {
            "x": 0.142578,
            "y": 0.062667
          },
          "8": {
            "x": 0.154297,
            "y": 0.078667
          },
          "9": {
            "x": 0.15918,
            "y": 0.081333
          },
          "10": {
            "x": 0.165039,
            "y": 0.090667
          },
          "11": {
            "x": 0.194336,
            "y": 0.094667
          },
          "12": {
            "x": 0.197266,
            "y": 0.092
          },
          "13": {
            "x": 0.204102,
            "y": 0.090667
          },
          "14": {
            "x": 0.208008,
            "y": 0.084
          },
          "15": {
            "x": 0.208984,
            "y": 0.064
          },
          "16": {
            "x": 0.207031,
            "y": 0.06
          },
          "17": {
            "x": 0.204102,
            "y": 0.041333
          },
          "18": {
            "x": 0.204102,
            "y": 0.02
          },
          "19": {
            "x": 0.206055,
            "y": 0.005333
          },
          "20": {
            "x": 0.205078,
            "y": 0
          }
        },
        "instrument_type": "Grasper"
      },
      {
        "is_tti": 1,
        "interaction_type": "Retract and grab",
        "interaction_tool": "Grasper",
        "tti_polygon": {
          "0": {
            "x": 0.12498521365353481,
            "y": 0.0042774074289706355
          },
          "1": {
            "x": 0.12236541307877173,
            "y": 0.020138019620400537
          },
          "2": {
            "x": 0.12097218580109874,
            "y": 0.032318897007452246
          },
          "3": {
            "x": 0.12177879106711995,
            "y": 0.045445861958546795
          },
          "4": {
            "x": 0.1234919939875121,
            "y": 0.05813617111085234
          },
          "5": {
            "x": 0.12603180065159542,
            "y": 0.06917537552398695
          },
          "6": {
            "x": 0.1305381242865569,
            "y": 0.07863625116441546
          },
          "7": {
            "x": 0.13808421652735037,
            "y": 0.09196789852119235
          },
          "8": {
            "x": 0.14428374460503404,
            "y": 0.10040081363530506
          },
          "9": {
            "x": 0.15135987262058376,
            "y": 0.10607733901956218
          },
          "10": {
            "x": 0.1592459389817664,
            "y": 0.11181754337447601
          },