{
  "labels": {
    "96": [
      {
        "instrument_polygon": {
          "0": {
            "x": 0.4715316835443791,
            "y": 0.0038528642047106405
          },
          "1": {
            "x": 0.46412853893601147,
            "y": 0.010315953038674002
          },
          "2": {
            "x": 0.4568866661500253,
            "y": 0.016813117912183748
          },
          "3": {
            "x": 0.44949120115224744,
            "y": 0.021225965033439924
          },
          "4": {
            "x": 0.44169255659851575,
            "y": 0.027723129906949664
          },
          "5": {
            "x": 0.434143499388946,
            "y": 0.032692552340796724
          },
          "6": {
            "x": 0.4263909324987519,
            "y": 0.0376108607153242
          },
          "7": {
            "x": 0.41859228794502024,
            "y": 0.04202370783658038
          },
          "8": {
            "x": 0.41119298314194747,
            "y": 0.04702720630997381
          },
          "9": {
            "x": 0.40283372701517567,
            "y": 0.05317793144809534
          },
          "10": {
            "x": 0.39528083000031095,
            "y": 0.057590778569351526
          },
          "11": {
            "x": 0.3879122436395966,
            "y": 0.06461044271590577
          },
          "12": {
            "x": 0.3798601719364084,
            "y": 0.07169825894155275
          },
          "13": {
            "x": 0.3711438139172204,
            "y": 0.07748550632451291
          },
          "14": {
            "x": 0.3641476886701012,
            "y": 0.08394859515847627
          },
          "15": {
            "x": 0.3583495826749586,
            "y": 0.09277428940098863
          },
          "16": {
            "x": 0.3527089086969025,
            "y": 0.10104340833091013
          },
          "17": {
            "x": 0.3474714142748002,
            "y": 0.10990317861296887
          },
          "18": {
            "x": 0.34090918702599304,
            "y": 0.11779178176795578
          },
          "19": {
            "x": 0.3344775131572089,
            "y": 0.1260609006978773
          },
          "20": {
            "x": 0.32656367444463347,
            "y": 0.13204692497819132
          },
          "21": {
            "x": 0.3205236607159186,
            "y": 0.1403160439081128
          },
          "22": {
            "x": 0.3139345548300479,
            "y": 0.1482727991421925
          },
          "23": {
            "x": 0.3085434681961537,
            "y": 0.15709849338470486
          },
          "24": {
            "x": 0.30457310952133415,
            "y": 0.16794035330037804
          },
          "25": {
            "x": 0.2989516345697521,
            "y": 0.1791627289909858
          },
          "26": {
            "x": 0.2951694263543776,
            "y": 0.1908735279150916
          },
          "27": {
            "x": 0.2901469610287838,
            "y": 0.20234011522244838
          },
          "28": {
            "x": 0.2859577334521609,
            "y": 0.2122789600901425
          },
          "29": {
            "x": 0.2811618166389601,
            "y": 0.2233991076621111
          },
          "30": {
            "x": 0.2759550406592161,
            "y": 0.23368439226519339
          },
          "31": {
            "x": 0.2693582551627558,
            "y": 0.24132878380343126
          },
          "32": {
            "x": 0.2589869410615105,
            "y": 0.24396967686827567
          },
          "33": {
            "x": 0.25062768493473864,
            "y": 0.24396967686827567
          },
          "34": {
            "x": 0.24257945303684525,
            "y": 0.23980104136376854
          },
          "35": {
            "x": 0.23518398803906723,
            "y": 0.23475778751090434
          },
          "36": {
            "x": 0.22641771255104692,
            "y": 0.22677831491712708
          },
          "37": {
            "x": 0.21917583976506078,
            "y": 0.22082636667635944
          },
          "38": {
            "x": 0.21136951560073963,
            "y": 0.21610115585926143
          },
          "39": {
            "x": 0.2039318127447189,
            "y": 0.22165555030532133
          },
          "40": {
            "x": 0.2031254536328116,
            "y": 0.23346857734806634
          },
          "41": {
            "x": 0.20610898234686847,
            "y": 0.24434451330328585
          },
          "42": {
            "x": 0.21165366119255455,
            "y": 0.25310205546670544
          },
          "43": {
            "x": 0.21820820883077213,
            "y": 0.26015579565280605
          },
          "44": {
            "x": 0.2251620962196485,
            "y": 0.266340596830474
          },
          "45": {
            "x": 0.2323502117315075,
            "y": 0.271065807647572
          },
          "46": {
            "x": 0.24047139993000197,
            "y": 0.2728377617039837
          },
          "47": {
            "x": 0.24982132582283137,
            "y": 0.27579101846467
          },
          "48": {
            "x": 0.25797323246368425,
            "y": 0.2775629725210817
          },
          "49": {
            "x": 0.26689310016349643,
            "y": 0.279528024134923
          },
          "50": {
            "x": 0.27607791442864954,
            "y": 0.2801186754870602
          },
          "51": {
            "x": 0.28422982106950245,
            "y": 0.2801186754870602
          },
          "52": {
            "x": 0.29394836827063237,
            "y": 0.27892601410293694
          },
          "53": {
            "x": 0.30233450303446774,
            "y": 0.27595003998255313
          },
          "54": {
            "x": 0.30992195829698566,
            "y": 0.27058874309392267
          },
          "55": {
            "x": 0.3175094135595034,
            "y": 0.2646311155132306
          },
          "56": {
            "x": 0.32645999970167394,
            "y": 0.26077484370456533
          },
          "57": {
            "x": 0.3353414693485382,
            "y": 0.254584363186973
          },
          "58": {
            "x": 0.3432591478664085,
            "y": 0.24871760504507126
          },
          "59": {
            "x": 0.3519447874432381,
            "y": 0.24319728663855775
          },
          "60": {
            "x": 0.36179772782968583,
            "y": 0.2380574840069788
          },
          "61": {
            "x": 0.3697154063475561,
            "y": 0.23152624309392267
          },
          "62": {
            "x": 0.3781975362437615,
            "y": 0.22620470158476302
          },
          "63": {
            "x": 0.3863494428846144,
            "y": 0.21996878634777553
          },
          "64": {
            "x": 0.39940094108162755,
            "y": 0.20830910148298926
          },
          "65": {
            "x": 0.4116115219190803,
            "y": 0.1977852846030823
          },
          "66": {
            "x": 0.42089233131660336,
            "y": 0.1904135013812155
          },
          "67": {
            "x": 0.428011330333156,
            "y": 0.18335408185519048
          },
          "68": {
            "x": 0.4359059700192575,
            "y": 0.1760106953329456
          },
          "69": {
            "x": 0.44227236719803004,
            "y": 0.16862755343123004
          },
          "70": {
            "x": 0.4496255943375653,
            "y": 0.16061968413783076
          },
          "71": {
            "x": 0.4595092531663714,
            "y": 0.15155545761849376
          },
          "72": {
            "x": 0.4664631405552478,
            "y": 0.1441609570369293
          },
          "73": {
            "x": 0.47358213957180034,
            "y": 0.13703906477173597
          },
          "74": {
            "x": 0.4811004783390118,
            "y": 0.13025225356208198
          },
          "75": {
            "x": 0.4884537054785471,