{
  "labels": {
    "117": [
      {
        "is_tti": 0,
        "non_interaction_tool": "Staple",
        "tti_polygon": {
          "0": {
            "x": 0.825195,
            "y": 0
          },
          "1": {
            "x": 0.824219,
            "y": 0.005282
          },
          "2": {
            "x": 0.819336,
            "y": 0.008803
          },
          "3": {
            "x": 0.817383,
            "y": 0.014085
          },
          "4": {
            "x": 0.814453,
            "y": 0.015845
          },
          "5": {
            "x": 0.807617,
            "y": 0.028169
          },
          "6": {
            "x": 0.807617,
            "y": 0.03169
          },
          "7": {
            "x": 0.804688,
            "y": 0.036972
          },
          "8": {
            "x": 0.800781,
            "y": 0.051056
          },
          "9": {
            "x": 0.796875,
            "y": 0.054577
          },
          "10": {
            "x": 0.791016,
            "y": 0.056338
          },
          "11": {
            "x": 0.788086,
            "y": 0.066901
          },
          "12": {
            "x": 0.782227,
            "y": 0.075704
          },
          "13": {
            "x": 0.780273,
            "y": 0.075704
          },
          "14": {
            "x": 0.78125,
            "y": 0.079225
          },
          "15": {
            "x": 0.777344,
            "y": 0.082746
          },
          "16": {
            "x": 0.773438,
            "y": 0.089789
          },
          "17": {
            "x": 0.769531,
            "y": 0.103873
          },
          "18": {
            "x": 0.769531,
            "y": 0.109155
          },
          "19": {
            "x": 0.771484,
            "y": 0.110915
          },
          "20": {
            "x": 0.767578,
            "y": 0.117958
          },
          "21": {
            "x": 0.765625,
            "y": 0.117958
          },
          "22": {
            "x": 0.761719,
            "y": 0.121479
          },
          "23": {
            "x": 0.756836,
            "y": 0.132042
          },
          "24": {
            "x": 0.75,
            "y": 0.139085
          },
          "25": {
            "x": 0.746094,
            "y": 0.147887
          },
          "26": {
            "x": 0.744141,
            "y": 0.147887
          },
          "27": {
            "x": 0.740234,
            "y": 0.153169
          },
          "28": {
            "x": 0.736328,
            "y": 0.15493
          },
          "29": {
            "x": 0.720703,
            "y": 0.169014
          },
          "30": {
            "x": 0.713867,
            "y": 0.177817
          },
          "31": {
            "x": 0.711914,
            "y": 0.177817
          },
          "32": {
            "x": 0.705078,
            "y": 0.184859
          },
          "33": {
            "x": 0.701172,
            "y": 0.18662
          },
          "34": {
            "x": 0.699219,
            "y": 0.190141
          },
          "35": {
            "x": 0.697266,
            "y": 0.190141
          },
          "36": {
            "x": 0.688477,
            "y": 0.197183
          },
          "37": {
            "x": 0.682617,
            "y": 0.205986
          },
          "38": {
            "x": 0.677734,
            "y": 0.207746
          },
          "39": {
            "x": 0.666992,
            "y": 0.21831
          },
          "40": {
            "x": 0.660156,
            "y": 0.221831
          },
          "41": {
            "x": 0.65332,
            "y": 0.230634
          },
          "42": {
            "x": 0.641602,
            "y": 0.241197
          },
          "43": {
            "x": 0.636719,
            "y": 0.242958
          },
          "44": {
            "x": 0.632812,
            "y": 0.246479
          },
          "45": {
            "x": 0.62793,
            "y": 0.253521
          },
          "46": {
            "x": 0.618164,
            "y": 0.257042
          },
          "47": {
            "x": 0.603516,
            "y": 0.271127
          },
          "48": {
            "x": 0.601562,
            "y": 0.271127
          },
          "49": {
            "x": 0.595703,
            "y": 0.276408
          },
          "50": {
            "x": 0.589844,
            "y": 0.286972
          },
          "51": {
            "x": 0.587891,
            "y": 0.286972
          },
          "52": {
            "x": 0.584961,
            "y": 0.292254
          },
          "53": {
            "x": 0.585938,
            "y": 0.297535
          },
          "54": {
            "x": 0.580078,
            "y": 0.31338
          },
          "55": {
            "x": 0.580078,
            "y": 0.322183
          },
          "56": {
            "x": 0.582031,
            "y": 0.325704
          },
          "57": {
            "x": 0.582031,
            "y": 0.332746
          },
          "58": {
            "x": 0.589844,
            "y": 0.346831
          },
          "59": {
            "x": 0.599609,
            "y": 0.34507
          },
          "60": {
            "x": 0.606445,
            "y": 0.338028
          },
          "61": {
            "x": 0.611328,
            "y": 0.339789
          },
          "62": {
            "x": 0.614258,
            "y": 0.336268
          },
          "63": {
            "x": 0.629883,
            "y": 0.332746
          },
          "64": {
            "x": 0.633789,
            "y": 0.325704
          },
          "65": {
            "x": 0.638672,
            "y": 0.323944
          },
          "66": {
            "x": 0.639648,
            "y": 0.320423
          },
          "67": {
            "x": 0.646484,
            "y": 0.318662
          },
          "68": {
            "x": 0.650391,
            "y": 0.315141
          },
          "69": {
            "x": 0.65918,
            "y": 0.302817
          },
          "70": {
            "x": 0.664062,
            "y": 0.302817
          },
          "71": {
            "x": 0.666016,
            "y": 0.299296
          },
          "72": {
            "x": 0.666992,
            "y": 0.301056
          },
          "73": {
            "x": 0.668945,
            "y": 0.301056
          },
          "74": {
            "x": 0.672852,
            "y": 0.295775
          },
          "75": {
            "x": 0.676758,
            "y": 0.295775
          },
          "76": {
            "x": 0.678711,
            "y": 0.294014
          },
          "77": {
            "x": 0.681641,
            "y": 0.288732
          },
          "78": {
            "x": 0.6875,
            "y": 0.288732
          },
          "79": {
            "x": 0.688477,
            "y": 0.290493
          },
          "80": {
            "x": 0.69043,
            "y": 0.290493
          },
          "81": {
            "x": 0.691406,
            "y": 0.288732
          },
          "82": {
            "x": 0.693359,
            "y": 0.288732
          },
          "83": {
            "x": 0.697266,
            "y": 0.292254
          },
          "84": {
            "x": 0.703125,
            "y": 0.292254
          },
          "85": {
            "x": 0.703125,
            "y": 0.297535
          },
          "86": {
            "x": 0.708984,
            "y": 0.301056
          },
          "87": {
            "x": 0.714844,
            "y": 0.31338
          },
          "88": {
            "x": 0.709961,
            "y": 0.348592
          },
          "89": {
            "x": 0.706055,
            "y": 0.353873
          },
          "90": {
            "x": 0.706055,
            "y": 0.357394
          },
          "91": {
            "x": 0.708008,
            "y": 0.357394
          },
          "92": {
            "x": 0.709961,
            "y": 0.360915
          },
          "93": {
            "x": 0.709961,
            "y": 0.366197
          },