{
  "labels": {
    "0": [
      {
        "is_tti": 0,
        "non_interaction_tool": "Harmonic",
        "tti_polygon": {
          "0": {
            "x": 0.748047,
            "y": 0
          },
          "1": {
            "x": 0.74707,
            "y": 0.002915
          },
          "2": {
            "x": 0.740234,
            "y": 0.004373
          },
          "3": {
            "x": 0.731445,
            "y": 0.008746
          },
          "4": {
            "x": 0.724609,
            "y": 0.014577
          },
          "5": {
            "x": 0.71875,
            "y": 0.016035
          },
          "6": {
            "x": 0.714844,
            "y": 0.020408
          },
          "7": {
            "x": 0.698242,
            "y": 0.024781
          },
          "8": {
            "x": 0.691406,
            "y": 0.029155
          },
          "9": {
            "x": 0.674805,
            "y": 0.034985
          },
          "10": {
            "x": 0.658203,
            "y": 0.05102
          },
          "11": {
            "x": 0.65625,
            "y": 0.049563
          },
          "12": {
            "x": 0.651367,
            "y": 0.049563
          },
          "13": {
            "x": 0.646484,
            "y": 0.052478
          },
          "14": {
            "x": 0.632812,
            "y": 0.068513
          },
          "15": {
            "x": 0.618164,
            "y": 0.078717
          },
          "16": {
            "x": 0.616211,
            "y": 0.081633
          },
          "17": {
            "x": 0.609375,
            "y": 0.08309
          },
          "18": {
            "x": 0.606445,
            "y": 0.086006
          },
          "19": {
            "x": 0.601562,
            "y": 0.087464
          },
          "20": {
            "x": 0.599609,
            "y": 0.103499
          },
          "21": {
            "x": 0.600586,
            "y": 0.11516
          },
          "22": {
            "x": 0.597656,
            "y": 0.119534
          },
          "23": {
            "x": 0.59082,
            "y": 0.123907
          },
          "24": {
            "x": 0.586914,
            "y": 0.123907
          },
          "25": {
            "x": 0.583008,
            "y": 0.126822
          },
          "26": {
            "x": 0.580078,
            "y": 0.126822
          },
          "27": {
            "x": 0.577148,
            "y": 0.132653
          },
          "28": {
            "x": 0.571289,
            "y": 0.134111
          },
          "29": {
            "x": 0.569336,
            "y": 0.137026
          },
          "30": {
            "x": 0.56543,
            "y": 0.138484
          },
          "31": {
            "x": 0.55957,
            "y": 0.148688
          },
          "32": {
            "x": 0.556641,
            "y": 0.148688
          },
          "33": {
            "x": 0.552734,
            "y": 0.153061
          },
          "34": {
            "x": 0.548828,
            "y": 0.153061
          },
          "35": {
            "x": 0.543945,
            "y": 0.157434
          },
          "36": {
            "x": 0.541016,
            "y": 0.157434
          },
          "37": {
            "x": 0.530273,
            "y": 0.164723
          },
          "38": {
            "x": 0.525391,
            "y": 0.164723
          },
          "39": {
            "x": 0.520508,
            "y": 0.169096
          },
          "40": {
            "x": 0.517578,
            "y": 0.169096
          },
          "41": {
            "x": 0.513672,
            "y": 0.173469
          },
          "42": {
            "x": 0.500977,
            "y": 0.177843
          },
          "43": {
            "x": 0.499023,
            "y": 0.180758
          },
          "44": {
            "x": 0.493164,
            "y": 0.180758
          },
          "45": {
            "x": 0.487305,
            "y": 0.185131
          },
          "46": {
            "x": 0.481445,
            "y": 0.185131
          },
          "47": {
            "x": 0.470703,
            "y": 0.189504
          },
          "48": {
            "x": 0.466797,
            "y": 0.189504
          },
          "49": {
            "x": 0.46582,
            "y": 0.190962
          },
          "50": {
            "x": 0.453125,
            "y": 0.19242
          },
          "51": {
            "x": 0.452148,
            "y": 0.193878
          },
          "52": {
            "x": 0.443359,
            "y": 0.193878
          },
          "53": {
            "x": 0.439453,
            "y": 0.196793
          },
          "54": {
            "x": 0.435547,
            "y": 0.196793
          },
          "55": {
            "x": 0.429688,
            "y": 0.201166
          },
          "56": {
            "x": 0.427734,
            "y": 0.212828
          },
          "57": {
            "x": 0.439453,
            "y": 0.237609
          },
          "58": {
            "x": 0.443359,
            "y": 0.240525
          },
          "59": {
            "x": 0.454102,
            "y": 0.240525
          },
          "60": {
            "x": 0.455078,
            "y": 0.239067
          },
          "61": {
            "x": 0.461914,
            "y": 0.239067
          },
          "62": {
            "x": 0.462891,
            "y": 0.237609
          },
          "63": {
            "x": 0.46582,
            "y": 0.239067
          },
          "64": {
            "x": 0.469727,
            "y": 0.236152
          },
          "65": {
            "x": 0.474609,
            "y": 0.236152
          },
          "66": {
            "x": 0.478516,
            "y": 0.233236
          },
          "67": {
            "x": 0.482422,
            "y": 0.233236
          },
          "68": {
            "x": 0.491211,
            "y": 0.228863
          },
          "69": {
            "x": 0.498047,
            "y": 0.228863
          },
          "70": {
            "x": 0.501953,
            "y": 0.22449
          },
          "71": {
            "x": 0.50293,
            "y": 0.225948
          },
          "72": {
            "x": 0.507812,
            "y": 0.225948
          },
          "73": {
            "x": 0.509766,
            "y": 0.227405
          },
          "74": {
            "x": 0.515625,
            "y": 0.220117
          },
          "75": {
            "x": 0.519531,
            "y": 0.217201
          },
          "76": {
            "x": 0.522461,
            "y": 0.217201
          },
          "77": {
            "x": 0.524414,
            "y": 0.214286
          },
          "78": {
            "x": 0.52832,
            "y": 0.214286
          },
          "79": {
            "x": 0.533203,
            "y": 0.209913
          },
          "80": {
            "x": 0.540039,
            "y": 0.208455
          },
          "81": {
            "x": 0.547852,
            "y": 0.202624
          },
          "82": {
            "x": 0.552734,
            "y": 0.202624
          },
          "83": {
            "x": 0.553711,
            "y": 0.201166
          },
          "84": {
            "x": 0.560547,
            "y": 0.199708
          },
          "85": {
            "x": 0.563477,
            "y": 0.195335
          },
          "86": {
            "x": 0.569336,
            "y": 0.193878
          },
          "87": {
            "x": 0.572266,
            "y": 0.190962
          },
          "88": {
            "x": 0.575195,
            "y": 0.190962
          },
          "89": {
            "x": 0.579102,
            "y": 0.186589
          },
          "90": {
            "x": 0.583984,
            "y": 0.186589
          },
          "91": {
            "x": 0.595703,
            "y": 0.177843
          },
          "92": {
            "x": 0.599609,
            "y": 0.177843
          },
          "93": {
            "x": 0.602539,
            "y": 0.173469
          },