{
  "labels": {
    "31": [],
    "32": [],
    "33": [],
    "34": [],
    "35": [],
    "36": [],
    "37": [],
    "38": [],
    "39": [],
    "40": [],
    "41": [],
    "42": [],
    "43": [],
    "44": [],
    "45": [],
    "46": [],
    "47": [],
    "48": [],
    "49": [],
    "50": [
      {
        "is_tti": 0,
        "non_interaction_tool": "Cautery (Hook, Spatula)",
        "instrument_polygon": {
          "0": {
            "x": 0.998047,
            "y": 0.149273
          },
          "1": {
            "x": 0.991211,
            "y": 0.154557
          },
          "2": {
            "x": 0.985352,
            "y": 0.162483
          },
          "3": {
            "x": 0.982422,
            "y": 0.162483
          },
          "4": {
            "x": 0.96875,
            "y": 0.178336
          },
          "5": {
            "x": 0.957031,
            "y": 0.184941
          },
          "6": {
            "x": 0.949219,
            "y": 0.191546
          },
          "7": {
            "x": 0.93457,
            "y": 0.214003
          },
          "8": {
            "x": 0.931641,
            "y": 0.224571
          },
          "9": {
            "x": 0.930664,
            "y": 0.241744
          },
          "10": {
            "x": 0.938477,
            "y": 0.27609
          },
          "11": {
            "x": 0.938477,
            "y": 0.281374
          },
          "12": {
            "x": 0.949219,
            "y": 0.318362
          },
          "13": {
            "x": 0.942383,
            "y": 0.323646
          },
          "14": {
            "x": 0.935547,
            "y": 0.332893
          },
          "15": {
            "x": 0.915039,
            "y": 0.354029
          },
          "16": {
            "x": 0.904297,
            "y": 0.372523
          },
          "17": {
            "x": 0.899414,
            "y": 0.377807
          },
          "18": {
            "x": 0.894531,
            "y": 0.387054
          },
          "19": {
            "x": 0.893555,
            "y": 0.393659
          },
          "20": {
            "x": 0.889648,
            "y": 0.398943
          },
          "21": {
            "x": 0.875,
            "y": 0.412153
          },
          "22": {
            "x": 0.866211,
            "y": 0.414795
          },
          "23": {
            "x": 0.84375,
            "y": 0.414795
          },
          "24": {
            "x": 0.817383,
            "y": 0.406869
          },
          "25": {
            "x": 0.805664,
            "y": 0.398943
          },
          "26": {
            "x": 0.790039,
            "y": 0.397622
          },
          "27": {
            "x": 0.786133,
            "y": 0.402906
          },
          "28": {
            "x": 0.786133,
            "y": 0.418758
          },
          "29": {
            "x": 0.791016,
            "y": 0.425363
          },
          "30": {
            "x": 0.799805,
            "y": 0.430647
          },
          "31": {
            "x": 0.823242,
            "y": 0.435931
          },
          "32": {
            "x": 0.827148,
            "y": 0.438573
          },
          "33": {
            "x": 0.834961,
            "y": 0.439894
          },
          "34": {
            "x": 0.837891,
            "y": 0.442536
          },
          "35": {
            "x": 0.864258,
            "y": 0.443857
          },
          "36": {
            "x": 0.865234,
            "y": 0.442536
          },
          "37": {
            "x": 0.873047,
            "y": 0.442536
          },
          "38": {
            "x": 0.885742,
            "y": 0.435931
          },
          "39": {
            "x": 0.888672,
            "y": 0.435931
          },
          "40": {
            "x": 0.895508,
            "y": 0.430647
          },
          "41": {
            "x": 0.90918,
            "y": 0.413474
          },
          "42": {
            "x": 0.918945,
            "y": 0.393659
          },
          "43": {
            "x": 0.930664,
            "y": 0.377807
          },
          "44": {
            "x": 0.941406,
            "y": 0.369881
          },
          "45": {
            "x": 0.950195,
            "y": 0.360634
          },
          "46": {
            "x": 0.955078,
            "y": 0.357992
          },
          "47": {
            "x": 0.969727,
            "y": 0.34214
          },
          "48": {
            "x": 0.974609,
            "y": 0.340819
          },
          "49": {
            "x": 0.979492,
            "y": 0.344782
          },
          "50": {
            "x": 0.999023,
            "y": 0.350066
          },
          "51": {
            "x": 0.999023,
            "y": 0.149273
          }
        }
      }
    ],
    "51": [],
    "52": [],
    "53": [],
    "54": [],
    "55": [],
    "56": [],
    "57": [],
    "58": [],
    "59": [],
    "60": [],
    "61": [],
    "62": [],
    "63": [],
    "64": [],
    "65": [],
    "66": [],
    "67": [],
    "68": [],
    "69": [],
    "70": [],
    "71": [],
    "72": [],
    "73": [],
    "74": [],
    "75": [],
    "76": [],
    "77": [],
    "78": [],
    "79": [],
    "80": [],
    "81": [],
    "82": [],
    "83": [],
    "84": [],
    "85": [],
    "86": [],
    "87": [],
    "88": [],
    "89": [],
    "90": [],
    "91": [],
    "92": [],
    "93": [],
    "94": [],
    "95": [],
    "96": [],
    "97": [],
    "98": [],
    "99": [],
    "100": [],
    "101": [],
    "102": [],
    "103": [],
    "104": [],
    "105": [],
    "106": [],
    "107": [],
    "108": [],
    "109": [],
    "110": [],
    "111": [],
    "112": [],
    "113": [],
    "114": [],
    "115": [],
    "116": [],
    "117": [],
    "118": [],
    "119": [],
    "120": [],
    "121": [],
    "122": [],
    "123": [],
    "124": [],
    "125": [],
    "126": [],
    "127": [],
    "128": [],
    "129": [],
    "130": [],
    "131": [],
    "132": [],
    "133": [],
    "134": [],
    "135": [],
    "136": [],
    "137": [],
    "138": [],
    "139": [],
    "140": [],
    "141": [],
    "142": [],
    "143": [],
    "144": [],
    "145": [],
    "146": [],
    "147": [],
    "148": [],
    "149": [],
    "150": [],
    "151": []
  }
}