{
  "labels": {
    "51": [
      {
        "is_tti": 0,
        "non_interaction_tool": "Cautery (Hook, Spatula)",
        "tti_polygon": {
          "0": {
            "x": 0.6914105467571396,
            "y": 0.006824566255239843
          },
          "1": {
            "x": 0.5644411730350671,
            "y": 0.09809472519795061
          },
          "2": {
            "x": 0.4778408481842077,
            "y": 0.18033156730321379
          },
          "3": {
            "x": 0.437498460948508,
            "y": 0.2208268441429902
          },
          "4": {
            "x": 0.4237010645704991,
            "y": 0.2769234687936656
          },
          "5": {
            "x": 0.42325448217565537,
            "y": 0.3305639045761528
          },
          "6": {
            "x": 0.42076161925518424,
            "y": 0.3643865349906847
          },
          "7": {
            "x": 0.4090871556049029,
            "y": 0.3679207178621332
          },
          "8": {
            "x": 0.39196705290107886,
            "y": 0.3602883383791337
          },
          "9": {
            "x": 0.3724840627499099,
            "y": 0.3467429116208663
          },
          "10": {
            "x": 0.35157134239435306,
            "y": 0.3253695199697252
          },
          "11": {
            "x": 0.34269635047294306,
            "y": 0.33388430804611086
          },
          "12": {
            "x": 0.3537775927330588,
            "y": 0.35623107824871914
          },
          "13": {
            "x": 0.38615814906367085,
            "y": 0.37982868537494174
          },
          "14": {
            "x": 0.40701754614820157,
            "y": 0.4001149860270144
          },
          "15": {
            "x": 0.4236344104817165,
            "y": 0.4211244978458314
          },
          "16": {
            "x": 0.4528122378463221,
            "y": 0.42266643863530506
          },
          "17": {
            "x": 0.4652898832664344,
            "y": 0.42785172624592455
          },
          "18": {
            "x": 0.49168823512880344,
            "y": 0.4198418214368887
          },
          "19": {
            "x": 0.727903660365641,
            "y": 0.3358901956217979
          },
          "20": {
            "x": 0.8843741337829151,
            "y": 0.28368708517699115
          },
          "21": {
            "x": 0.9939667865593501,
            "y": 0.24018070272473216
          },
          "22": {
            "x": 1,
            "y": 0.08867933453656261
          },
          "23": {
            "x": 0.9965229708641647,
            "y": 0.005328110444806682
          }
        }
      }
    ]
  }
}