{
  "labels": {
    "101": [
      {
        "instrument_polygon": {
          "0": {
            "x": 0.753906,
            "y": 0
          },
          "1": {
            "x": 0.750977,
            "y": 0.007225
          },
          "2": {
            "x": 0.745117,
            "y": 0.008671
          },
          "3": {
            "x": 0.724609,
            "y": 0.040462
          },
          "4": {
            "x": 0.72168,
            "y": 0.041908
          },
          "5": {
            "x": 0.716797,
            "y": 0.054913
          },
          "6": {
            "x": 0.705078,
            "y": 0.069364
          },
          "7": {
            "x": 0.695312,
            "y": 0.08526
          },
          "8": {
            "x": 0.69043,
            "y": 0.089595
          },
          "9": {
            "x": 0.689453,
            "y": 0.093931
          },
          "10": {
            "x": 0.685547,
            "y": 0.099711
          },
          "11": {
            "x": 0.662109,
            "y": 0.134393
          },
          "12": {
            "x": 0.658203,
            "y": 0.137283
          },
          "13": {
            "x": 0.654297,
            "y": 0.147399
          },
          "14": {
            "x": 0.646484,
            "y": 0.15896
          },
          "15": {
            "x": 0.641602,
            "y": 0.163295
          },
          "16": {
            "x": 0.621094,
            "y": 0.192197
          },
          "17": {
            "x": 0.597656,
            "y": 0.238439
          },
          "18": {
            "x": 0.588867,
            "y": 0.268786
          },
          "19": {
            "x": 0.568359,
            "y": 0.315029
          },
          "20": {
            "x": 0.538086,
            "y": 0.362717
          },
          "21": {
            "x": 0.532227,
            "y": 0.367052
          },
          "22": {
            "x": 0.522461,
            "y": 0.381503
          },
          "23": {
            "x": 0.517578,
            "y": 0.384393
          },
          "24": {
            "x": 0.510742,
            "y": 0.391618
          },
          "25": {
            "x": 0.508789,
            "y": 0.391618
          },
          "26": {
            "x": 0.501953,
            "y": 0.398844
          },
          "27": {
            "x": 0.495117,
            "y": 0.400289
          },
          "28": {
            "x": 0.493164,
            "y": 0.404624
          },
          "29": {
            "x": 0.485352,
            "y": 0.406069
          },
          "30": {
            "x": 0.481445,
            "y": 0.410405
          },
          "31": {
            "x": 0.474609,
            "y": 0.41474
          },
          "32": {
            "x": 0.47168,
            "y": 0.41474
          },
          "33": {
            "x": 0.46582,
            "y": 0.42052
          },
          "34": {
            "x": 0.455078,
            "y": 0.421965
          },
          "35": {
            "x": 0.454102,
            "y": 0.42341
          },
          "36": {
            "x": 0.447266,
            "y": 0.42341
          },
          "37": {
            "x": 0.4375,
            "y": 0.429191
          },
          "38": {
            "x": 0.433594,
            "y": 0.437861
          },
          "39": {
            "x": 0.433594,
            "y": 0.442197
          },
          "40": {
            "x": 0.43457,
            "y": 0.446532
          },
          "41": {
            "x": 0.439453,
            "y": 0.452312
          },
          "42": {
            "x": 0.450195,
            "y": 0.453757
          },
          "43": {
            "x": 0.451172,
            "y": 0.455202
          },
          "44": {
            "x": 0.464844,
            "y": 0.453757
          },
          "45": {
            "x": 0.469727,
            "y": 0.450867
          },
          "46": {
            "x": 0.473633,
            "y": 0.450867
          },
          "47": {
            "x": 0.482422,
            "y": 0.446532
          },
          "48": {
            "x": 0.487305,
            "y": 0.446532
          },
          "49": {
            "x": 0.507812,
            "y": 0.437861
          },
          "50": {
            "x": 0.512695,
            "y": 0.433526
          },
          "51": {
            "x": 0.515625,
            "y": 0.433526
          },
          "52": {
            "x": 0.520508,
            "y": 0.429191
          },
          "53": {
            "x": 0.522461,
            "y": 0.429191
          },
          "54": {
            "x": 0.532227,
            "y": 0.42052
          },
          "55": {
            "x": 0.541992,
            "y": 0.41474
          },
          "56": {
            "x": 0.549805,
            "y": 0.407514
          },
          "57": {
            "x": 0.558594,
            "y": 0.395954
          },
          "58": {
            "x": 0.572266,
            "y": 0.384393
          },
          "59": {
            "x": 0.59375,
            "y": 0.354046
          },
          "60": {
            "x": 0.638672,
            "y": 0.297688
          },
          "61": {
            "x": 0.641602,
            "y": 0.296243
          },
          "62": {
            "x": 0.647461,
            "y": 0.289017
          },
          "63": {
            "x": 0.666016,
            "y": 0.261561
          },
          "64": {
            "x": 0.685547,
            "y": 0.24422
          },
          "65": {
            "x": 0.698242,
            "y": 0.216763
          },
          "66": {
            "x": 0.719727,
            "y": 0.183526
          },
          "67": {
            "x": 0.728516,
            "y": 0.17341
          },
          "68": {
            "x": 0.737305,
            "y": 0.15896
          },
          "69": {
            "x": 0.742188,
            "y": 0.154624
          },
          "70": {
            "x": 0.760742,
            "y": 0.125723
          },
          "71": {
            "x": 0.765625,
            "y": 0.122832
          },
          "72": {
            "x": 0.803711,
            "y": 0.072254
          },
          "73": {
            "x": 0.806641,
            "y": 0.070809
          },
          "74": {
            "x": 0.807617,
            "y": 0.067919
          },
          "75": {
            "x": 0.8125,
            "y": 0.063584
          },
          "76": {
            "x": 0.822266,
            "y": 0.057803
          },
          "77": {
            "x": 0.826172,
            "y": 0.049133
          },
          "78": {
            "x": 0.853516,
            "y": 0.008671
          },
          "79": {
            "x": 0.855469,
            "y": 0
          }
        },
        "instrument_type": "Dissector"
      },
      {
        "is_tti": 1,
        "interaction_type": "Blunt dissection",
        "interaction_tool": "Dissector",
        "tti_polygon": {
          "0": {
            "x": 0.5210162058346003,
            "y": 0.3441912042966931
          },
          "1": {
            "x": 0.5135033889112862,
            "y": 0.34861234425943183
          },
          "2": {
            "x": 0.505230987141448,
            "y": 0.3527742198416396
          },
          "3": {
            "x": 0.4978903837865766,
            "y": 0.3572271992897066
          },
          "4": {
            "x": 0.4894918970826999,
            "y": 0.35934225081509086
          },
          "5": {
            "x": 0.4819637039479177,
            "y": 0.3635723538658594
          },
          "6": {
            "x": 0.4692875552136153,
            "y": 0.3682027247321845
          },
          "7": {
            "x": 0.4597666050725672,
            "y": 0.37340165783651613
          },
          "8": {
            "x": 0.4527827298237559,
            "y": 0.37914186219143
          },
          "9": {
            "x": 0.4451376774818161,
            "y": 0.3857781206334421
          },