{
  "labels": {
    "32": [
      {
        "is_tti": 0,
        "non_interaction_tool": "Cautery (Hook, Spatula)",
        "instrument_polygon": {
          "0": {
            "x": 0.578125,
            "y": 0
          },
          "1": {
            "x": 0.579102,
            "y": 0.025926
          },
          "2": {
            "x": 0.582031,
            "y": 0.040741
          },
          "3": {
            "x": 0.583008,
            "y": 0.068519
          },
          "4": {
            "x": 0.585938,
            "y": 0.087037
          },
          "5": {
            "x": 0.59082,
            "y": 0.185185
          },
          "6": {
            "x": 0.59375,
            "y": 0.214815
          },
          "7": {
            "x": 0.594727,
            "y": 0.255556
          },
          "8": {
            "x": 0.591797,
            "y": 0.309259
          },
          "9": {
            "x": 0.587891,
            "y": 0.335185
          },
          "10": {
            "x": 0.586914,
            "y": 0.353704
          },
          "11": {
            "x": 0.583984,
            "y": 0.361111
          },
          "12": {
            "x": 0.581055,
            "y": 0.361111
          },
          "13": {
            "x": 0.569336,
            "y": 0.35
          },
          "14": {
            "x": 0.567383,
            "y": 0.344444
          },
          "15": {
            "x": 0.563477,
            "y": 0.342593
          },
          "16": {
            "x": 0.561523,
            "y": 0.335185
          },
          "17": {
            "x": 0.558594,
            "y": 0.335185
          },
          "18": {
            "x": 0.557617,
            "y": 0.337037
          },
          "19": {
            "x": 0.549805,
            "y": 0.337037
          },
          "20": {
            "x": 0.547852,
            "y": 0.342593
          },
          "21": {
            "x": 0.547852,
            "y": 0.353704
          },
          "22": {
            "x": 0.549805,
            "y": 0.364815
          },
          "23": {
            "x": 0.55957,
            "y": 0.37963
          },
          "24": {
            "x": 0.5625,
            "y": 0.381481
          },
          "25": {
            "x": 0.567383,
            "y": 0.390741
          },
          "26": {
            "x": 0.580078,
            "y": 0.4
          },
          "27": {
            "x": 0.583008,
            "y": 0.4
          },
          "28": {
            "x": 0.586914,
            "y": 0.403704
          },
          "29": {
            "x": 0.591797,
            "y": 0.405556
          },
          "30": {
            "x": 0.592773,
            "y": 0.407407
          },
          "31": {
            "x": 0.600586,
            "y": 0.407407
          },
          "32": {
            "x": 0.606445,
            "y": 0.4
          },
          "33": {
            "x": 0.610352,
            "y": 0.4
          },
          "34": {
            "x": 0.618164,
            "y": 0.390741
          },
          "35": {
            "x": 0.62793,
            "y": 0.361111
          },
          "36": {
            "x": 0.632812,
            "y": 0.333333
          },
          "37": {
            "x": 0.632812,
            "y": 0.322222
          },
          "38": {
            "x": 0.636719,
            "y": 0.292593
          },
          "39": {
            "x": 0.639648,
            "y": 0.283333
          },
          "40": {
            "x": 0.643555,
            "y": 0.242593
          },
          "41": {
            "x": 0.647461,
            "y": 0.227778
          },
          "42": {
            "x": 0.649414,
            "y": 0.205556
          },
          "43": {
            "x": 0.654297,
            "y": 0.17963
          },
          "44": {
            "x": 0.655273,
            "y": 0.15
          },
          "45": {
            "x": 0.658203,
            "y": 0.138889
          },
          "46": {
            "x": 0.65918,
            "y": 0.122222
          },
          "47": {
            "x": 0.662109,
            "y": 0.112963
          },
          "48": {
            "x": 0.661133,
            "y": 0.107407
          },
          "49": {
            "x": 0.664062,
            "y": 0.098148
          },
          "50": {
            "x": 0.669922,
            "y": 0.038889
          },
          "51": {
            "x": 0.673828,
            "y": 0.027778
          },
          "52": {
            "x": 0.677734,
            "y": 0
          }
        }
      },
      {
        "instrument_polygon": {
          "0": {
            "x": 0.9161679488872746,
            "y": 0.0727335230033208
          },
          "1": {
            "x": 0.9070697888463316,
            "y": 0.08295803592065176
          },
          "2": {
            "x": 0.8982708594730238,
            "y": 0.09329485246601454
          },
          "3": {
            "x": 0.890248382090735,
            "y": 0.1034656549525477
          },
          "4": {
            "x": 0.8822233251337251,
            "y": 0.11414426514844207
          },
          "5": {
            "x": 0.8725396016311167,
            "y": 0.12065787557428709
          },
          "6": {
            "x": 0.8630957785775606,
            "y": 0.12705918237210032
          },
          "7": {
            "x": 0.8542581555834379,
            "y": 0.13536476808001818
          },
          "8": {
            "x": 0.8428151621211121,
            "y": 0.14459319664437134
          },
          "9": {
            "x": 0.8340549263686191,
            "y": 0.15207847759101334
          },
          "10": {
            "x": 0.8254907382949218,
            "y": 0.16451976647036354
          },
          "11": {
            "x": 0.815113109192366,
            "y": 0.1748614657821625
          },
          "12": {
            "x": 0.8065695577164366,
            "y": 0.18259088505061277
          },
          "13": {
            "x": 0.7955625123819586,
            "y": 0.18983691044188267
          },
          "14": {
            "x": 0.7860903140064717,
            "y": 0.19698528050442923
          },
          "15": {
            "x": 0.776078984514297,
            "y": 0.2071804968231432
          },
          "16": {
            "x": 0.7658019588258601,
            "y": 0.2187282394446751
          },
          "17": {
            "x": 0.7617623448127848,
            "y": 0.23658451630173305
          },
          "18": {
            "x": 0.7614914894670805,
            "y": 0.2555833605048538
          },
          "19": {
            "x": 0.7692250544806181,
            "y": 0.2667258335121839
          },
          "20": {
            "x": 0.7858684705804662,
            "y": 0.2722042974535618
          },
          "21": {
            "x": 0.79579983325629,
            "y": 0.2722042974535618
          },
          "22": {
            "x": 0.8053545780228488,
            "y": 0.2722042974535618
          },
          "23": {
            "x": 0.8153452709172555,
            "y": 0.26735571038244926
          },
          "24": {
            "x": 0.824224167106914,
            "y": 0.2606370237662853
          },
          "25": {
            "x": 0.8338666174139866,
            "y": 0.256974948939161
          },
          "26": {
            "x": 0.8432820651456118,
            "y": 0.25014884146140137
          },
          "27": {
            "x": 0.8527852184177508,
            "y": 0.2424438360251319
          },
          "28": {
            "x": 0.8620820057122102,
            "y": 0.23381110496599092
          },
          "29": {
            "x": 0.8709995955226838,
            "y": 0.22368424737738327
          },
          "30": {
            "x": 0.8825328741002443,
            "y": 0.21417750112616868
          },
          "31": {
            "x": 0.8924848733738361,
            "y": 0.2068972963698456
          },
          "32": {
            "x": 0.902777376510599,