{
  "labels": {
    "3": [
      {
        "is_tti": 0,
        "non_interaction_tool": "Cautery (Hook, Spatula)",
        "tti_polygon": {
          "0": {
            "x": 0.7744479495268138,
            "y": 0.3732394366197183
          },
          "1": {
            "x": 0.7752365930599369,
            "y": 0.3720657276995305
          },
          "2": {
            "x": 0.7752365930599369,
            "y": 0.3685446009389671
          },
          "3": {
            "x": 0.776813880126183,
            "y": 0.36619718309859156
          },
          "4": {
            "x": 0.776813880126183,
            "y": 0.36502347417840375
          },
          "5": {
            "x": 0.7783911671924291,
            "y": 0.3626760563380282
          },
          "6": {
            "x": 0.7791798107255521,
            "y": 0.3626760563380282
          },
          "7": {
            "x": 0.7799684542586751,
            "y": 0.3615023474178404
          },
          "8": {
            "x": 0.7807570977917981,
            "y": 0.3615023474178404
          },
          "9": {
            "x": 0.7815457413249212,
            "y": 0.36032863849765256
          },
          "10": {
            "x": 0.7925867507886435,
            "y": 0.36032863849765256
          },
          "11": {
            "x": 0.7933753943217665,
            "y": 0.3615023474178404
          },
          "12": {
            "x": 0.7941640378548895,
            "y": 0.3615023474178404
          },
          "13": {
            "x": 0.7949526813880127,
            "y": 0.3626760563380282
          },
          "14": {
            "x": 0.7957413249211357,
            "y": 0.3626760563380282
          },
          "15": {
            "x": 0.8020504731861199,
            "y": 0.3720657276995305
          },
          "16": {
            "x": 0.8020504731861199,
            "y": 0.3732394366197183
          },
          "17": {
            "x": 0.8036277602523659,
            "y": 0.3755868544600939
          },
          "18": {
            "x": 0.8036277602523659,
            "y": 0.3779342723004695
          },
          "19": {
            "x": 0.804416403785489,
            "y": 0.37910798122065725
          },
          "20": {
            "x": 0.804416403785489,
            "y": 0.38028169014084506
          },
          "21": {
            "x": 0.806782334384858,
            "y": 0.38380281690140844
          },
          "22": {
            "x": 0.806782334384858,
            "y": 0.38497652582159625
          },
          "23": {
            "x": 0.807570977917981,
            "y": 0.38615023474178406
          },
          "24": {
            "x": 0.807570977917981,
            "y": 0.3873239436619718
          },
          "25": {
            "x": 0.8091482649842271,
            "y": 0.38967136150234744
          },
          "26": {
            "x": 0.8091482649842271,
            "y": 0.3908450704225352
          },
          "27": {
            "x": 0.8115141955835962,
            "y": 0.39436619718309857
          },
          "28": {
            "x": 0.8115141955835962,
            "y": 0.3955399061032864
          },
          "29": {
            "x": 0.8123028391167192,
            "y": 0.3967136150234742
          },
          "30": {
            "x": 0.8123028391167192,
            "y": 0.397887323943662
          },
          "31": {
            "x": 0.8130914826498423,
            "y": 0.39906103286384975
          },
          "32": {
            "x": 0.8130914826498423,
            "y": 0.40023474178403756
          },
          "33": {
            "x": 0.8138801261829653,
            "y": 0.4014084507042254
          },
          "34": {
            "x": 0.8138801261829653,
            "y": 0.4025821596244131
          },
          "35": {
            "x": 0.8146687697160884,
            "y": 0.40375586854460094
          },
          "36": {
            "x": 0.8146687697160884,
            "y": 0.40492957746478875
          },
          "37": {
            "x": 0.8162460567823344,
            "y": 0.4072769953051643
          },
          "38": {
            "x": 0.8162460567823344,
            "y": 0.4084507042253521
          },
          "39": {
            "x": 0.8170347003154574,
            "y": 0.4096244131455399
          },
          "40": {
            "x": 0.8170347003154574,
            "y": 0.4107981220657277
          },
          "41": {
            "x": 0.8178233438485805,
            "y": 0.4119718309859155
          },
          "42": {
            "x": 0.8178233438485805,
            "y": 0.4131455399061033
          },
          "43": {
            "x": 0.8194006309148265,
            "y": 0.4154929577464789
          },
          "44": {
            "x": 0.8194006309148265,
            "y": 0.41560099631786906
          },
          "45": {
            "x": 0.821289,
            "y": 0.412791
          },
          "46": {
            "x": 0.828125,
            "y": 0.40843
          },
          "47": {
            "x": 0.835938,
            "y": 0.399709
          },
          "48": {
            "x": 0.839844,
            "y": 0.398256
          },
          "49": {
            "x": 0.853516,
            "y": 0.375
          },
          "50": {
            "x": 0.860352,
            "y": 0.360465
          },
          "51": {
            "x": 0.860352,
            "y": 0.357558
          },
          "52": {
            "x": 0.865234,
            "y": 0.351744
          },
          "53": {
            "x": 0.865234,
            "y": 0.348837
          },
          "54": {
            "x": 0.868164,
            "y": 0.344477
          },
          "55": {
            "x": 0.868164,
            "y": 0.338663
          },
          "56": {
            "x": 0.878906,
            "y": 0.324128
          },
          "57": {
            "x": 0.883789,
            "y": 0.313953
          },
          "58": {
            "x": 0.889648,
            "y": 0.297965
          },
          "59": {
            "x": 0.890625,
            "y": 0.289244
          },
          "60": {
            "x": 0.894531,
            "y": 0.284884
          },
          "61": {
            "x": 0.898438,
            "y": 0.271802
          },
          "62": {
            "x": 0.9156151419558359,
            "y": 0.23527827162226211
          },
          "63": {
            "x": 0.9156151419558359,
            "y": 0.2347417840375587
          },
          "64": {
            "x": 0.9164559848973765,
            "y": 0.23349038867385752
          },
          "65": {
            "x": 0.918945,
            "y": 0.228198
          },
          "66": {
            "x": 0.9203470031545742,
            "y": 0.22715463212336212
          },
          "67": {
            "x": 0.9203470031545742,
            "y": 0.22652582159624413
          },
          "68": {
            "x": 0.9227129337539433,
            "y": 0.22300469483568075
          },
          "69": {
            "x": 0.9227129337539433,
            "y": 0.22183098591549297
          },
          "70": {
            "x": 0.9235015772870663,
            "y": 0.22183098591549297
          },
          "71": {
            "x": 0.9274447949526814,
            "y": 0.215962441314554
          },
          "72": {
            "x": 0.9282334384858044,
            "y": 0.215962441314554
          },
          "73": {
            "x": 0.9298107255520505,
            "y": 0.2136150234741784
          },
          "74": {
            "x": 0.9301469028767309,
            "y": 0.2136150234741784
          },
          "75": {
            "x": 0.931641,
            "y": 0.210756
          },
          "76": {
            "x": 0.9345000309682359,
            "y": 0.20780981306605267
          },
          "77": {
            "x": 0.9353312302839116,
            "y": 0.20657276995305165
          },
          "78": {
            "x": 0.9357004790892837,
            "y": 0.20657276995305165
          },