{
  "labels": {
    "0": [
      {
        "instrument_polygon": {
          "0": {
            "x": 0.50293,
            "y": 0
          },
          "1": {
            "x": 0.50293,
            "y": 0.008746
          },
          "2": {
            "x": 0.49707,
            "y": 0.014577
          },
          "3": {
            "x": 0.494141,
            "y": 0.021866
          },
          "4": {
            "x": 0.486328,
            "y": 0.05102
          },
          "5": {
            "x": 0.486328,
            "y": 0.071429
          },
          "6": {
            "x": 0.484375,
            "y": 0.08309
          },
          "7": {
            "x": 0.486328,
            "y": 0.086006
          },
          "8": {
            "x": 0.488281,
            "y": 0.100583
          },
          "9": {
            "x": 0.487305,
            "y": 0.110787
          },
          "10": {
            "x": 0.485352,
            "y": 0.112245
          },
          "11": {
            "x": 0.482422,
            "y": 0.109329
          },
          "12": {
            "x": 0.481445,
            "y": 0.110787
          },
          "13": {
            "x": 0.475586,
            "y": 0.135569
          },
          "14": {
            "x": 0.476562,
            "y": 0.148688
          },
          "15": {
            "x": 0.485352,
            "y": 0.167638
          },
          "16": {
            "x": 0.490234,
            "y": 0.167638
          },
          "17": {
            "x": 0.494141,
            "y": 0.164723
          },
          "18": {
            "x": 0.49707,
            "y": 0.164723
          },
          "19": {
            "x": 0.504883,
            "y": 0.155977
          },
          "20": {
            "x": 0.507812,
            "y": 0.150146
          },
          "21": {
            "x": 0.514648,
            "y": 0.14723
          },
          "22": {
            "x": 0.520508,
            "y": 0.139942
          },
          "23": {
            "x": 0.525391,
            "y": 0.139942
          },
          "24": {
            "x": 0.52832,
            "y": 0.135569
          },
          "25": {
            "x": 0.532227,
            "y": 0.135569
          },
          "26": {
            "x": 0.538086,
            "y": 0.131195
          },
          "27": {
            "x": 0.541992,
            "y": 0.126822
          },
          "28": {
            "x": 0.541992,
            "y": 0.122449
          },
          "29": {
            "x": 0.550781,
            "y": 0.109329
          },
          "30": {
            "x": 0.560547,
            "y": 0.100583
          },
          "31": {
            "x": 0.564453,
            "y": 0.094752
          },
          "32": {
            "x": 0.569336,
            "y": 0.093294
          },
          "33": {
            "x": 0.575195,
            "y": 0.088921
          },
          "34": {
            "x": 0.579102,
            "y": 0.08309
          },
          "35": {
            "x": 0.584961,
            "y": 0.078717
          },
          "36": {
            "x": 0.592773,
            "y": 0.069971
          },
          "37": {
            "x": 0.59668,
            "y": 0.062682
          },
          "38": {
            "x": 0.598633,
            "y": 0.062682
          },
          "39": {
            "x": 0.607422,
            "y": 0.053936
          },
          "40": {
            "x": 0.623047,
            "y": 0.036443
          },
          "41": {
            "x": 0.625977,
            "y": 0.030612
          },
          "42": {
            "x": 0.628906,
            "y": 0.029155
          },
          "43": {
            "x": 0.632812,
            "y": 0.023324
          },
          "44": {
            "x": 0.637695,
            "y": 0.020408
          },
          "45": {
            "x": 0.644531,
            "y": 0.007289
          },
          "46": {
            "x": 0.651367,
            "y": 0.004373
          },
          "47": {
            "x": 0.65332,
            "y": 0
          }
        },
        "instrument_type": "Dissector"
      },
      {
        "is_tti": 1,
        "interaction_type": "Blunt dissection",
        "interaction_tool": "Dissector",
        "tti_polygon": {
          "0": {
            "x": 0.38398633498836243,
            "y": 0.36544810204468015
          },
          "1": {
            "x": 0.3748490076891173,
            "y": 0.3626181291808659
          },
          "2": {
            "x": 0.363623903508772,
            "y": 0.3626181291808659
          },
          "3": {
            "x": 0.3551571754292473,
            "y": 0.3609763504985486
          },
          "4": {
            "x": 0.34454320846884434,
            "y": 0.35891056891329043
          },
          "5": {
            "x": 0.3355611430579089,
            "y": 0.35643557522403135
          },
          "6": {
            "x": 0.32699531164542056,
            "y": 0.3536105326265304
          },
          "7": {
            "x": 0.31829403901121534,
            "y": 0.35257517670074473
          },
          "8": {
            "x": 0.30966213871008463,
            "y": 0.3501001830114856
          },
          "9": {
            "x": 0.30026053585626983,
            "y": 0.3470335573646347
          },
          "10": {
            "x": 0.29099437422417207,
            "y": 0.33842531238167367
          },
          "11": {
            "x": 0.2829372732542303,
            "y": 0.33241038747949014
          },
          "12": {
            "x": 0.27553425428184847,
            "y": 0.3259665294080526
          },
          "13": {
            "x": 0.27618503283497614,
            "y": 0.3126498800959233
          },
          "14": {
            "x": 0.2812029649273671,
            "y": 0.30094542786823175
          },
          "15": {
            "x": 0.28595331802075624,
            "y": 0.29053270541461573
          },
          "16": {
            "x": 0.29253708277397233,
            "y": 0.27658005174807526
          },
          "17": {
            "x": 0.29884335819489016,
            "y": 0.2678534803735959
          },
          "18": {
            "x": 0.30742240338510696,
            "y": 0.2542903177458034
          },
          "19": {
            "x": 0.31466355358031506,
            "y": 0.24256121418654553
          },
          "20": {
            "x": 0.3192057896744806,
            "y": 0.23191183894989273
          },
          "21": {
            "x": 0.3263610503144535,
            "y": 0.21841770005048594
          },
          "22": {
            "x": 0.33443136506212373,
            "y": 0.20670831755648114
          },
          "23": {
            "x": 0.3424653419210406,
            "y": 0.19024122807017546
          },
          "24": {
            "x": 0.3498221126713728,
            "y": 0.1769689511548656
          },
          "25": {
            "x": 0.3559962503150059,
            "y": 0.16701967373469648
          },
          "26": {
            "x": 0.36269233217891406,
            "y": 0.15661681181370693
          },
          "27": {
            "x": 0.372893368585302,
            "y": 0.14548920074466742
          },
          "28": {
            "x": 0.38288959143689844,
            "y": 0.1348348952417014
          },
          "29": {
            "x": 0.3909070510736547,
            "y": 0.1262660923892465
          },
          "30": {
            "x": 0.39737519527174653,
            "y": 0.11785998832512938
          },
          "31": {
            "x": 0.40668099823702986,
            "y": 0.11247120724473053
          },
          "32": {
            "x": 0.41521049176076485,
            "y": 0.1037397056039379
          },
          "33": {
            "x": 0.42353847517414045,
            "y": 0.09784803735958601
          },
          "34": {
            "x": 0.4322100168084566,
            "y": 0.09374605578694939
          },
          "35": {
            "x": 0.440395952111251,