{
  "labels": {
    "4": [
      {
        "is_tti": 0,
        "non_interaction_tool": "Dissector",
        "tti_polygon": {
          "0": {
            "x": 0.8492938096121906,
            "y": 0.004966014829892379
          },
          "1": {
            "x": 0.8409846575610481,
            "y": 0.012053831055539367
          },
          "2": {
            "x": 0.8342603573997696,
            "y": 0.019732298633323608
          },
          "3": {
            "x": 0.8271511646366668,
            "y": 0.0280014175632451
          },
          "4": {
            "x": 0.8190910607396458,
            "y": 0.03536752144518753
          },
          "5": {
            "x": 0.8118120624169148,
            "y": 0.042142973974992705
          },
          "6": {
            "x": 0.8037481850630134,
            "y": 0.05214997092177956
          },
          "7": {
            "x": 0.7961408959916677,
            "y": 0.06323604245420178
          },
          "8": {
            "x": 0.7879713618451085,
            "y": 0.06989222884559462
          },
          "9": {
            "x": 0.7803036974636729,
            "y": 0.07871792308810699
          },
          "10": {
            "x": 0.7744284251005354,
            "y": 0.0886567679558011
          },
          "11": {
            "x": 0.7689229515116995,
            "y": 0.09894205255888339
          },
          "12": {
            "x": 0.7622024248073015,
            "y": 0.10721117148880485
          },
          "13": {
            "x": 0.7548366369763161,
            "y": 0.1162129252689735
          },
          "14": {
            "x": 0.7485160967012646,
            "y": 0.12507269555103226
          },
          "15": {
            "x": 0.74163708480788,
            "y": 0.13421075348938644
          },
          "16": {
            "x": 0.7351882469988873,
            "y": 0.1426900079965106
          },
          "17": {
            "x": 0.729290333894466,
            "y": 0.15238464124745565
          },
          "18": {
            "x": 0.7233546862212387,
            "y": 0.16301636558592614
          },
          "19": {
            "x": 0.7149361039205581,
            "y": 0.17208627144518757
          },
          "20": {
            "x": 0.7041930721814107,
            "y": 0.1790832182320442
          },
          "21": {
            "x": 0.6963744695247499,
            "y": 0.185824594722303
          },
          "22": {
            "x": 0.6883105921708484,
            "y": 0.1940596376126781
          },
          "23": {
            "x": 0.6806202870481292,
            "y": 0.20729817897644665
          },
          "24": {
            "x": 0.6733488356391594,
            "y": 0.2158455855626636
          },
          "25": {
            "x": 0.6653491070522284,
            "y": 0.22175209908403606
          },
          "26": {
            "x": 0.6560098012726747,
            "y": 0.23018023953184066
          },
          "27": {
            "x": 0.6481345967628045,
            "y": 0.24105617548706018
          },
          "28": {
            "x": 0.6422366836583834,
            "y": 0.25050659712125617
          },
          "29": {
            "x": 0.6349840995338167,
            "y": 0.25969576911892994
          },
          "30": {
            "x": 0.6306295302935724,
            "y": 0.27057170507414946
          },
          "31": {
            "x": 0.6264825011817624,
            "y": 0.28321959508578076
          },
          "32": {
            "x": 0.619014830015,
            "y": 0.2964581364495493
          },
          "33": {
            "x": 0.6138602879160625,
            "y": 0.30666391029369006
          },
          "34": {
            "x": 0.6083208532153009,
            "y": 0.3190675886885723
          },
          "35": {
            "x": 0.602419166653999,
            "y": 0.3287622219395173
          },
          "36": {
            "x": 0.5936873874322264,
            "y": 0.3409103300378017
          },
          "37": {
            "x": 0.5883668132305412,
            "y": 0.3529391719976738
          },
          "38": {
            "x": 0.5835330149664569,
            "y": 0.36457046016283806
          },
          "39": {
            "x": 0.5762691104712485,
            "y": 0.3875149934574004
          },
          "40": {
            "x": 0.5725107474181432,
            "y": 0.4004298124454784
          },
          "41": {
            "x": 0.5687976658476055,
            "y": 0.41484965651352146
          },
          "42": {
            "x": 0.5633676613963821,
            "y": 0.4278610242803141
          },
          "43": {
            "x": 0.5566358143213423,
            "y": 0.44316684537656303
          },
          "44": {
            "x": 0.552024650013215,
            "y": 0.45528087743530093
          },
          "45": {
            "x": 0.5474965017564618,
            "y": 0.4671052631578948
          },
          "46": {
            "x": 0.5436475757382214,
            "y": 0.47892964888048856
          },
          "47": {
            "x": 0.5410552108612302,
            "y": 0.49192397862750803
          },
          "48": {
            "x": 0.5374213718851856,
            "y": 0.5050205364931666
          },
          "49": {
            "x": 0.5345686384834311,
            "y": 0.5173503834690317
          },
          "50": {
            "x": 0.5334516952467652,
            "y": 0.5301629743384705
          },
          "51": {
            "x": 0.5331460452394344,
            "y": 0.5436116512794418
          },
          "52": {
            "x": 0.532308337811935,
            "y": 0.5569581001017738
          },
          "53": {
            "x": 0.532308337811935,
            "y": 0.57073617875836
          },
          "54": {
            "x": 0.5370553465677647,
            "y": 0.5827366240186101
          },
          "55": {
            "x": 0.5444324547693921,
            "y": 0.5899266683628962
          },
          "56": {
            "x": 0.553171780904926,
            "y": 0.592987832582146
          },
          "57": {
            "x": 0.5617337545670704,
            "y": 0.5897846848647863
          },
          "58": {
            "x": 0.5678316608861648,
            "y": 0.5805614368275662
          },
          "59": {
            "x": 0.5741182400492908,
            "y": 0.5696059901134051
          },
          "60": {
            "x": 0.5800878488344438,
            "y": 0.55661733970631
          },
          "61": {
            "x": 0.5852838989590683,
            "y": 0.5455994202529806
          },
          "62": {
            "x": 0.5904799490836927,
            "y": 0.534581500799651
          },
          "63": {
            "x": 0.5956986399496009,
            "y": 0.5243643682756616
          },
          "64": {
            "x": 0.6025248234466566,
            "y": 0.5114381906077348
          },
          "65": {
            "x": 0.6090264896519783,
            "y": 0.4968820423815063
          },
          "66": {
            "x": 0.6141206564408258,
            "y": 0.4828370347484734
          },
          "67": {
            "x": 0.6195242466938847,
            "y": 0.4726766956237279
          },
          "68": {
            "x": 0.6250599079377657,
            "y": 0.46173828692933994
          },
          "69": {
            "x": 0.6306899056036623,
            "y": 0.45165745856353595
          },
          "70": {
            "x": 0.6409688021464924,
            "y": 0.4417242930357662
          },
          "71": {
            "x": 0.6502137715040304,
            "y": 0.43326775588833966
          },
          "72": {
            "x": 0.6580323741606912,
            "y": 0.4255040982116895
          },
          "73": {
            "x": 0.6646510175293122,
            "y": 0.41558229136376856
          },
          "74": {
            "x": 0.6710998553383052,
            "y": 0.4053026861006107
          },
          "75": {
            "x": 0.6771902147436383,