{
  "labels": {
    "0": [
      {
        "instrument_polygon": {
          "0": {
            "x": 0,
            "y": 0.288742
          },
          "1": {
            "x": 0,
            "y": 0.422517
          },
          "10": {
            "x": 0.110352,
            "y": 0.365563
          },
          "11": {
            "x": 0.110352,
            "y": 0.353642
          },
          "12": {
            "x": 0.103516,
            "y": 0.327152
          },
          "13": {
            "x": 0.091797,
            "y": 0.307285
          },
          "14": {
            "x": 0.086914,
            "y": 0.301987
          },
          "15": {
            "x": 0.081055,
            "y": 0.299338
          },
          "16": {
            "x": 0.051758,
            "y": 0.298013
          },
          "17": {
            "x": 0.050781,
            "y": 0.296689
          },
          "18": {
            "x": 0.041992,
            "y": 0.296689
          },
          "19": {
            "x": 0.03125,
            "y": 0.292715
          },
          "2": {
            "x": 0.005859,
            "y": 0.421192
          },
          "20": {
            "x": 0.025391,
            "y": 0.292715
          },
          "21": {
            "x": 0.024414,
            "y": 0.291391
          },
          "22": {
            "x": 0.00293,
            "y": 0.290066
          },
          "23": {
            "x": 0.001953,
            "y": 0.288742
          },
          "3": {
            "x": 0.006836,
            "y": 0.422517
          },
          "4": {
            "x": 0.022461,
            "y": 0.422517
          },
          "5": {
            "x": 0.023438,
            "y": 0.423841
          },
          "6": {
            "x": 0.027344,
            "y": 0.423841
          },
          "7": {
            "x": 0.066406,
            "y": 0.407947
          },
          "8": {
            "x": 0.094727,
            "y": 0.406623
          },
          "9": {
            "x": 0.104492,
            "y": 0.392053
          }
        },
        "instrument_type": "Grasper"
      },
      {
        "is_tti": 1,
        "interaction_type": "Retract and grab",
        "interaction_tool": "Grasper",
        "tti_polygon": {
          "0": {
            "x": 0.02633647074516695,
            "y": 0.4828112264205869
          },
          "1": {
            "x": 0.017103466213343032,
            "y": 0.4794680804611085
          },
          "10": {
            "x": 0.015543950373423621,
            "y": 0.2517975663716814
          },
          "11": {
            "x": 0.020591415618754185,
            "y": 0.241122241790871
          },
          "12": {
            "x": 0.02791610937011757,
            "y": 0.23301227002794597
          },
          "13": {
            "x": 0.035200557551418536,
            "y": 0.2280544073125291
          },
          "14": {
            "x": 0.04572142032524041,
            "y": 0.22592116179552865
          },
          "15": {
            "x": 0.05525626663253257,
            "y": 0.22497052573358176
          },
          "16": {
            "x": 0.06388894141092516,
            "y": 0.2273357446436889
          },
          "17": {
            "x": 0.07478542950532979,
            "y": 0.2351000305659059
          },
          "18": {
            "x": 0.08155674666833468,
            "y": 0.24239127270610153
          },
          "19": {
            "x": 0.08877076510202639,
            "y": 0.24760839980204935
          },
          "2": {
            "x": 0.009486992079026958,
            "y": 0.47204948037959943
          },
          "20": {
            "x": 0.09807755317896477,
            "y": 0.2556637895901257
          },
          "21": {
            "x": 0.10729043492575749,
            "y": 0.2658615218910107
          },
          "22": {
            "x": 0.11352849828543508,
            "y": 0.2757135683511877
          },
          "23": {
            "x": 0.12031993823347122,
            "y": 0.28915437965766183
          },
          "24": {
            "x": 0.12252673699189479,
            "y": 0.3019674982533768
          },
          "25": {
            "x": 0.12421705093451711,
            "y": 0.3166773404750815
          },
          "26": {
            "x": 0.12572625981185848,
            "y": 0.33019547624592455
          },
          "27": {
            "x": 0.12658818577069564,
            "y": 0.34316324377037727
          },
          "28": {
            "x": 0.12658818577069564,
            "y": 0.3543980335933861
          },
          "29": {
            "x": 0.12658818577069564,
            "y": 0.36913971530041917
          },
          "3": {
            "x": 0.0024540787106162396,
            "y": 0.46346191633674894
          },
          "30": {
            "x": 0.12384813320894479,
            "y": 0.38179363646949227
          },
          "31": {
            "x": 0.12037695279105967,
            "y": 0.392314312121565
          },
          "32": {
            "x": 0.11630879641724841,
            "y": 0.4040221457265952
          },
          "33": {
            "x": 0.11043629698563788,
            "y": 0.4164531904983698
          },
          "34": {
            "x": 0.10470130325174075,
            "y": 0.4251362729972054
          },
          "35": {
            "x": 0.09686012468457607,
            "y": 0.433819355496041
          },
          "36": {
            "x": 0.08922688156273402,
            "y": 0.44115153411737307
          },
          "37": {
            "x": 0.08102349286500743,
            "y": 0.4479970234629716
          },
          "38": {
            "x": 0.07198165479098005,
            "y": 0.4574033171285515
          },
          "39": {
            "x": 0.06377155849824308,
            "y": 0.4663638579995342
          },
          "4": {
            "x": 0.0003780780548955604,
            "y": 0.33086865393572423
          },
          "40": {
            "x": 0.05580628942338591,
            "y": 0.47421911387983234
          },
          "41": {
            "x": 0.04843128870944444,
            "y": 0.48036868304611086
          },
          "5": {
            "x": 0.0033964958095782766,
            "y": 0.31441218851886354
          },
          "6": {
            "x": 0.006331068626630932,
            "y": 0.30355037552398695
          },
          "7": {
            "x": 0.007192994585468094,
            "y": 0.28937270755705635
          },
          "8": {
            "x": 0.00893696928817367,
            "y": 0.27822888769212856
          },
          "9": {
            "x": 0.012076123753043698,
            "y": 0.2652247321844434
          }
        }
      }
    ]
  }
}