{
  "labels": {
    "199": [
      {
        "is_tti": 0,
        "non_interaction_tool": "Cautery (Hook, Spatula)",
        "instrument_polygon": {
          "0": {
            "x": 0.583008,
            "y": 0
          },
          "1": {
            "x": 0.575195,
            "y": 0.017949
          },
          "10": {
            "x": 0.545898,
            "y": 0.14359
          },
          "11": {
            "x": 0.542969,
            "y": 0.15641
          },
          "12": {
            "x": 0.536133,
            "y": 0.178205
          },
          "13": {
            "x": 0.536133,
            "y": 0.189744
          },
          "14": {
            "x": 0.53418,
            "y": 0.19359
          },
          "15": {
            "x": 0.533203,
            "y": 0.203846
          },
          "16": {
            "x": 0.52832,
            "y": 0.208974
          },
          "17": {
            "x": 0.52832,
            "y": 0.215385
          },
          "18": {
            "x": 0.522461,
            "y": 0.226923
          },
          "19": {
            "x": 0.522461,
            "y": 0.238462
          },
          "2": {
            "x": 0.572266,
            "y": 0.020513
          },
          "20": {
            "x": 0.519531,
            "y": 0.244872
          },
          "21": {
            "x": 0.519531,
            "y": 0.248718
          },
          "22": {
            "x": 0.516602,
            "y": 0.251282
          },
          "23": {
            "x": 0.515325268058254,
            "y": 0.26567528053399764
          },
          "24": {
            "x": 0.5125214467637565,
            "y": 0.28444338443547823
          },
          "25": {
            "x": 0.507812,
            "y": 0.341026
          },
          "26": {
            "x": 0.504883,
            "y": 0.348718
          },
          "27": {
            "x": 0.499023,
            "y": 0.388462
          },
          "28": {
            "x": 0.49707,
            "y": 0.392308
          },
          "29": {
            "x": 0.494141,
            "y": 0.420513
          },
          "3": {
            "x": 0.568359,
            "y": 0.034615
          },
          "30": {
            "x": 0.491211,
            "y": 0.429487
          },
          "31": {
            "x": 0.488281,
            "y": 0.470513
          },
          "32": {
            "x": 0.485352,
            "y": 0.476923
          },
          "33": {
            "x": 0.483398,
            "y": 0.497436
          },
          "34": {
            "x": 0.481445,
            "y": 0.501282
          },
          "35": {
            "x": 0.479492,
            "y": 0.515385
          },
          "36": {
            "x": 0.477539,
            "y": 0.517949
          },
          "37": {
            "x": 0.477539,
            "y": 0.530769
          },
          "38": {
            "x": 0.475586,
            "y": 0.538462
          },
          "39": {
            "x": 0.476562,
            "y": 0.55641
          },
          "4": {
            "x": 0.568359,
            "y": 0.041026
          },
          "40": {
            "x": 0.481445,
            "y": 0.562821
          },
          "41": {
            "x": 0.486328,
            "y": 0.562821
          },
          "42": {
            "x": 0.489258,
            "y": 0.560256
          },
          "43": {
            "x": 0.493164,
            "y": 0.552564
          },
          "44": {
            "x": 0.495117,
            "y": 0.528205
          },
          "45": {
            "x": 0.5,
            "y": 0.501282
          },
          "46": {
            "x": 0.503906,
            "y": 0.497436
          },
          "47": {
            "x": 0.504883,
            "y": 0.49359
          },
          "48": {
            "x": 0.509766,
            "y": 0.487179
          },
          "49": {
            "x": 0.511719,
            "y": 0.479487
          },
          "5": {
            "x": 0.55957,
            "y": 0.058974
          },
          "50": {
            "x": 0.517578,
            "y": 0.471795
          },
          "51": {
            "x": 0.527344,
            "y": 0.444872
          },
          "52": {
            "x": 0.529297,
            "y": 0.433333
          },
          "53": {
            "x": 0.540039,
            "y": 0.407692
          },
          "54": {
            "x": 0.542969,
            "y": 0.396154
          },
          "55": {
            "x": 0.546875,
            "y": 0.391026
          },
          "56": {
            "x": 0.552734,
            "y": 0.375641
          },
          "57": {
            "x": 0.558594,
            "y": 0.366667
          },
          "58": {
            "x": 0.561523,
            "y": 0.355128
          },
          "59": {
            "x": 0.576172,
            "y": 0.333333
          },
          "6": {
            "x": 0.55957,
            "y": 0.079487
          },
          "60": {
            "x": 0.578125,
            "y": 0.325641
          },
          "61": {
            "x": 0.585938,
            "y": 0.317949
          },
          "62": {
            "x": 0.59082,
            "y": 0.30641
          },
          "63": {
            "x": 0.594727,
            "y": 0.305128
          },
          "64": {
            "x": 0.59668,
            "y": 0.302564
          },
          "65": {
            "x": 0.59668,
            "y": 0.29359
          },
          "66": {
            "x": 0.600586,
            "y": 0.285897
          },
          "67": {
            "x": 0.600586,
            "y": 0.282051
          },
          "68": {
            "x": 0.608398,
            "y": 0.260256
          },
          "69": {
            "x": 0.612305,
            "y": 0.253846
          },
          "7": {
            "x": 0.553711,
            "y": 0.097436
          },
          "70": {
            "x": 0.613281,
            "y": 0.246154
          },
          "71": {
            "x": 0.62207,
            "y": 0.220513
          },
          "72": {
            "x": 0.621094,
            "y": 0.214103
          },
          "73": {
            "x": 0.626953,
            "y": 0.207692
          },
          "74": {
            "x": 0.62793,
            "y": 0.2
          },
          "75": {
            "x": 0.634766,
            "y": 0.183333
          },
          "76": {
            "x": 0.637695,
            "y": 0.170513
          },
          "77": {
            "x": 0.642578,
            "y": 0.161538
          },
          "78": {
            "x": 0.643555,
            "y": 0.152564
          },
          "79": {
            "x": 0.646484,
            "y": 0.146154
          },
          "8": {
            "x": 0.549805,
            "y": 0.126923
          },
          "80": {
            "x": 0.652344,
            "y": 0.121795
          },
          "81": {
            "x": 0.658203,
            "y": 0.112821
          },
          "82": {
            "x": 0.663086,
            "y": 0.087179
          },
          "83": {
            "x": 0.666016,
            "y": 0.082051
          },
          "84": {
            "x": 0.667969,
            "y": 0.071795
          },
          "85": {
            "x": 0.673828,
            "y": 0.060256
          },
          "86": {
            "x": 0.676758,
            "y": 0.041026
          },
          "87": {
            "x": 0.679688,
            "y": 0.035897
          },
          "88": {
            "x": 0.679688,
            "y": 0.032051
          },
          "89": {
            "x": 0.685547,
            "y": 0.016667
          },
          "9": {
            "x": 0.544922,
            "y": 0.137179
          },
          "90": {
            "x": 0.688477,
            "y": 0.012821
          },
          "91": {
            "x": 0.688477,
            "y": 0
          }
        }
      }
    ]
  }
}