{
  "labels": {
    "122": [
      {
        "instrument_polygon": {
          "0": {
            "x": 0.5665055325372768,
            "y": 0.5653619492617983
          },
          "1": {
            "x": 0.5934798129118232,
            "y": 0.5927228164745334
          },
          "2": {
            "x": 0.6139430209396347,
            "y": 0.60488316968845
          },
          "3": {
            "x": 0.6278952275853044,
            "y": 0.5790423828681659
          },
          "4": {
            "x": 0.6383593825695565,
            "y": 0.5642219614488826
          },
          "5": {
            "x": 0.6513815272630261,
            "y": 0.5239407298185742
          },
          "6": {
            "x": 0.6753327869522552,
            "y": 0.48631962437877047
          },
          "7": {
            "x": 0.6920754633128956,
            "y": 0.46351894035824986
          },
          "8": {
            "x": 0.6744025830708696,
            "y": 0.4163974919247578
          },
          "9": {
            "x": 0.6734725211186695,
            "y": 0.3875166602898478
          },
          "10": {
            "x": 0.6762628489044551,
            "y": 0.3738362266834802
          },
          "11": {
            "x": 0.6827739922157826,
            "y": 0.3540756454627233
          },
          "12": {
            "x": 0.9032188288315246,
            "y": 0
          },
          "13": {
            "x": 0.9255423026929218,
            "y": 0
          },
          "14": {
            "x": 0.9534467159842609,
            "y": 0.08502756242355237
          },
          "15": {
            "x": 0.972049658178487,
            "y": 0.1488694602854687
          },
          "16": {
            "x": 0.9767003937270435,
            "y": 0.18079042371271137
          },
          "17": {
            "x": 0.7562555571113015,
            "y": 0.5106403308066039
          },
          "18": {
            "x": 0.7330018793685188,
            "y": 0.5030401027997637
          },
          "19": {
            "x": 0.6799835225008116,
            "y": 0.5729621772686384
          },
          "20": {
            "x": 0.650218843375887,
            "y": 0.6383241845155746
          },
          "21": {
            "x": 0.6046415498425217,
            "y": 0.6504845377294914
          },
          "22": {
            "x": 0.5683657983708623,
            "y": 0.6261637733165198
          },
          "23": {
            "x": 0.5451121206280797,
            "y": 0.5896827136747697
          },
          "24": {
            "x": 0.546972457426258,
            "y": 0.5592818016474088
          }
        },
        "instrument_type": "Cautery (Hook, Spatula)"
      },
      {
        "is_tti": 1,
        "interaction_type": "Energy - sharp dissection",
        "interaction_tool": "Cautery (Hook, Spatula)",
        "tti_polygon": {
          "0": {
            "x": 0.5658079505908306,
            "y": 0.5353410718288345
          },
          "1": {
            "x": 0.529532199119171,
            "y": 0.5338210494215218
          },
          "2": {
            "x": 0.5127895227585305,
            "y": 0.5839825426696394
          },
          "3": {
            "x": 0.5472050083966042,
            "y": 0.6417443798948735
          },
          "4": {
            "x": 0.5732490848897651,
            "y": 0.6295839107106808
          },
          "5": {
            "x": 0.5899917612504059,
            "y": 0.5642219614488826
          },
          "6": {
            "x": 0.5825505559868783,
            "y": 0.5277408438219944
          }
        }
      },
      {}
    ]
  }
}