{
  "labels": {
    "0": [
      {},
      {
        "is_tti": 1,
        "interaction_type": "Other",
        "interaction_tool": "Cautery (Hook, Spatula)",
        "tti_polygon": {
          "0": {
            "x": 0.7970710783663465,
            "y": 0.49097051523038365
          },
          "1": {
            "x": 0.7773271061386707,
            "y": 0.45094406689801425
          },
          "2": {
            "x": 0.7496733409034232,
            "y": 0.45406936813186816
          },
          "3": {
            "x": 0.7287280259576253,
            "y": 0.48963755542702914
          },
          "4": {
            "x": 0.7368246944991272,
            "y": 0.5423459490071332
          },
          "5": {
            "x": 0.7650810379866393,
            "y": 0.5478284051474841
          },
          "6": {
            "x": 0.7921474801152495,
            "y": 0.5348151026604974
          }
        }
      },
      {
        "instrument_polygon": {
          "0": {
            "x": 0.9921729495757743,
            "y": 0.30663798920377866
          },
          "1": {
            "x": 0.9643628190978505,
            "y": 0.3298631193368035
          },
          "2": {
            "x": 0.9398783103666011,
            "y": 0.3534497300944669
          },
          "3": {
            "x": 0.9138797284318775,
            "y": 0.3768932547715443
          },
          "4": {
            "x": 0.8867522657207594,
            "y": 0.3998849286678234
          },
          "5": {
            "x": 0.8601434779609576,
            "y": 0.4172058752650858
          },
          "6": {
            "x": 0.8392896938889215,
            "y": 0.4526836924040871
          },
          "7": {
            "x": 0.8176235733122504,
            "y": 0.48963755542702914
          },
          "8": {
            "x": 0.7833452610885012,
            "y": 0.4918591550992866
          },
          "9": {
            "x": 0.8090768779747536,
            "y": 0.5231272291305187
          },
          "10": {
            "x": 0.8369365876759649,
            "y": 0.5316973322729902
          },
          "11": {
            "x": 0.8644339876685363,
            "y": 0.5369162087912088
          },
          "12": {
            "x": 0.8948031688253805,
            "y": 0.5177953899171005
          },
          "13": {
            "x": 0.9226209268761177,
            "y": 0.5018450573549258
          },
          "14": {
            "x": 0.9505454709462435,
            "y": 0.4863164521881628
          },
          "15": {
            "x": 1,
            "y": 0.47273833622517836
          },
          "16": {
            "x": 1,
            "y": 0.42620523664931553
          },
          "17": {
            "x": 1,
            "y": 0.3687448790244843
          }
        },
        "instrument_type": "Cautery (Hook, Spatula)"
      }
    ],
    "76": [
      {},
      {
        "is_tti": 1,
        "interaction_type": "Blunt dissection",
        "interaction_tool": "Cautery (Hook, Spatula)",
        "tti_polygon": {
          "0": {
            "x": 0.7579378160468215,
            "y": 0.3833622517833044
          },
          "1": {
            "x": 0.7177138108149699,
            "y": 0.3423793859649123
          },
          "2": {
            "x": 0.6852661160664542,
            "y": 0.4044410907075381
          },
          "3": {
            "x": 0.718491823241944,
            "y": 0.46535057595912865
          },
          "4": {
            "x": 0.7578539127458733,
            "y": 0.43773496240601506
          }
        }
      },
      {
        "instrument_polygon": {
          "0": {
            "x": 0.7376560999357958,
            "y": 0.3960441970310391
          },
          "1": {
            "x": 0.7616295612885426,
            "y": 0.31864215828031617
          },
          "2": {
            "x": 0.791487695066884,
            "y": 0.2520619457297089
          },
          "3": {
            "x": 0.8319290861239197,
            "y": 0.21210327501445927
          },
          "4": {
            "x": 0.8714589822297453,
            "y": 0.15837821717755932
          },
          "5": {
            "x": 0.9131703641602242,
            "y": 0.12342002843647583
          },
          "6": {
            "x": 0.929641459637629,
            "y": 0.10813552354163836
          },
          "7": {
            "x": 0.9311926605504587,
            "y": 0.10507246376811594
          },
          "8": {
            "x": 0.9321100917431193,
            "y": 0.10507246376811594
          },
          "9": {
            "x": 0.9339449541284404,
            "y": 0.10144927536231885
          },
          "10": {
            "x": 0.9357798165137615,
            "y": 0.10144927536231885
          },
          "11": {
            "x": 0.936697247706422,
            "y": 0.09963768115942029
          },
          "12": {
            "x": 0.9376146788990826,
            "y": 0.09963768115942029
          },
          "13": {
            "x": 0.9385321100917431,
            "y": 0.09782608695652174
          },
          "14": {
            "x": 0.9403669724770642,
            "y": 0.09782608695652174
          },
          "15": {
            "x": 0.9412844036697248,
            "y": 0.09601449275362318
          },
          "16": {
            "x": 0.9427034892400006,
            "y": 0.09601449275362318
          },
          "17": {
            "x": 0.9556711998768976,
            "y": 0.08398098611914405
          },
          "18": {
            "x": 0.9558260133930382,
            "y": 0.09936658441741238
          },
          "19": {
            "x": 0.9559633027522936,
            "y": 0.09963768115942029
          },
          "20": {
            "x": 0.9568807339449541,
            "y": 0.09963768115942029
          },
          "21": {
            "x": 0.9577981651376147,
            "y": 0.10144927536231885
          },
          "22": {
            "x": 0.9587155963302753,
            "y": 0.10144927536231885
          },
          "23": {
            "x": 0.9596330275229358,
            "y": 0.10326086956521739
          },
          "24": {
            "x": 0.9605504587155963,
            "y": 0.10326086956521739
          },
          "25": {
            "x": 0.9669724770642202,
            "y": 0.11594202898550725
          },
          "26": {
            "x": 0.9669724770642202,
            "y": 0.11775362318840579
          },
          "27": {
            "x": 0.9678899082568807,
            "y": 0.11956521739130435
          },
          "28": {
            "x": 0.9678899082568807,
            "y": 0.1213768115942029
          },
          "29": {
            "x": 0.9688073394495413,
            "y": 0.12318840579710146
          },
          "30": {
            "x": 0.9688073394495413,
            "y": 0.125
          },
          "31": {
            "x": 0.9697247706422019,
            "y": 0.12681159420289856
          },
          "32": {
            "x": 0.9697247706422019,
            "y": 0.13043478260869565
          },
          "33": {
            "x": 0.9706422018348624,
            "y": 0.1322463768115942
          },
          "34": {
            "x": 0.9706422018348624,
            "y": 0.1539855072463768
          },
          "35": {
            "x": 0.9715596330275229,
            "y": 0.15579710144927536
          },
          "36": {
            "x": 0.9715596330275229,
            "y": 0.161231884057971
          },
          "37": {
            "x": 0.9724770642201835,
            "y": 0.16304347826086957
          },
          "38": {
            "x": 0.9724770642201835,
            "y": 0.16485507246376813
          },
          "39": {
            "x": 0.9733944954128441,
            "y": 0.16666666666666666
          },
          "40": {
            "x": 0.9733944954128441,
            "y": 0.17028985507246377
          },
          "41": {
            "x": 0.9743119266055046,
            "y": 0.1721014492753623
          },