{
  "labels": {
    "43": [
      {
        "is_tti": 0,
        "non_interaction_tool": "Cautery (Hook, Spatula)",
        "tti_polygon": {
          "0": {
            "x": 0.574219,
            "y": 0
          },
          "1": {
            "x": 0.571289,
            "y": 0.005338
          },
          "2": {
            "x": 0.567383,
            "y": 0.019573
          },
          "3": {
            "x": 0.566406,
            "y": 0.02847
          },
          "4": {
            "x": 0.55957,
            "y": 0.053381
          },
          "5": {
            "x": 0.553711,
            "y": 0.092527
          },
          "6": {
            "x": 0.543945,
            "y": 0.137011
          },
          "7": {
            "x": 0.53418,
            "y": 0.206406
          },
          "8": {
            "x": 0.532227,
            "y": 0.209964
          },
          "9": {
            "x": 0.52832,
            "y": 0.209964
          },
          "10": {
            "x": 0.527344,
            "y": 0.211744
          },
          "11": {
            "x": 0.514648,
            "y": 0.211744
          },
          "12": {
            "x": 0.513672,
            "y": 0.209964
          },
          "13": {
            "x": 0.508789,
            "y": 0.209964
          },
          "14": {
            "x": 0.504883,
            "y": 0.206406
          },
          "15": {
            "x": 0.49707,
            "y": 0.206406
          },
          "16": {
            "x": 0.490234,
            "y": 0.213523
          },
          "17": {
            "x": 0.487305,
            "y": 0.213523
          },
          "18": {
            "x": 0.485352,
            "y": 0.215302
          },
          "19": {
            "x": 0.482422,
            "y": 0.22242
          },
          "20": {
            "x": 0.485352,
            "y": 0.231317
          },
          "21": {
            "x": 0.495117,
            "y": 0.243772
          },
          "22": {
            "x": 0.500977,
            "y": 0.245552
          },
          "23": {
            "x": 0.505859,
            "y": 0.25089
          },
          "24": {
            "x": 0.511719,
            "y": 0.252669
          },
          "25": {
            "x": 0.512695,
            "y": 0.254448
          },
          "26": {
            "x": 0.520508,
            "y": 0.254448
          },
          "27": {
            "x": 0.525391,
            "y": 0.259786
          },
          "28": {
            "x": 0.52832,
            "y": 0.270463
          },
          "29": {
            "x": 0.541016,
            "y": 0.293594
          },
          "30": {
            "x": 0.544922,
            "y": 0.290036
          },
          "31": {
            "x": 0.546875,
            "y": 0.282918
          },
          "32": {
            "x": 0.550781,
            "y": 0.252669
          },
          "33": {
            "x": 0.55957,
            "y": 0.236655
          },
          "34": {
            "x": 0.569336,
            "y": 0.236655
          },
          "35": {
            "x": 0.569336,
            "y": 0.234875
          },
          "36": {
            "x": 0.566406,
            "y": 0.234875
          },
          "37": {
            "x": 0.564453,
            "y": 0.231317
          },
          "38": {
            "x": 0.575195,
            "y": 0.215302
          },
          "39": {
            "x": 0.574219,
            "y": 0.208185
          },
          "40": {
            "x": 0.576172,
            "y": 0.204626
          },
          "41": {
            "x": 0.578125,
            "y": 0.204626
          },
          "42": {
            "x": 0.579102,
            "y": 0.199288
          },
          "43": {
            "x": 0.585938,
            "y": 0.186833
          },
          "44": {
            "x": 0.589844,
            "y": 0.183274
          },
          "45": {
            "x": 0.59668,
            "y": 0.160142
          },
          "46": {
            "x": 0.626953,
            "y": 0.088968
          },
          "47": {
            "x": 0.660156,
            "y": 0.032028
          },
          "48": {
            "x": 0.669922,
            "y": 0.019573
          },
          "49": {
            "x": 0.676758,
            "y": 0.007117
          },
          "50": {
            "x": 0.679688,
            "y": 0.005338
          },
          "51": {
            "x": 0.680664,
            "y": 0
          }
        }
      },
      {
        "instrument_polygon": {
          "0": {
            "x": 0.0625,
            "y": 0.807829
          },
          "1": {
            "x": 0.061523,
            "y": 0.809609
          },
          "2": {
            "x": 0.045898,
            "y": 0.809609
          },
          "3": {
            "x": 0.044922,
            "y": 0.811388
          },
          "4": {
            "x": 0.020508,
            "y": 0.813167
          },
          "5": {
            "x": 0.016602,
            "y": 0.816726
          },
          "6": {
            "x": 0.011719,
            "y": 0.816726
          },
          "7": {
            "x": 0.008789,
            "y": 0.820285
          },
          "8": {
            "x": 0.006836,
            "y": 0.820285
          },
          "9": {
            "x": 0.003906,
            "y": 0.825623
          },
          "10": {
            "x": 0.001953,
            "y": 0.848754
          },
          "11": {
            "x": 0.004883,
            "y": 0.86121
          },
          "12": {
            "x": 0.014648,
            "y": 0.886121
          },
          "13": {
            "x": 0.019531,
            "y": 0.893238
          },
          "14": {
            "x": 0.024414,
            "y": 0.905694
          },
          "15": {
            "x": 0.041016,
            "y": 0.930605
          },
          "16": {
            "x": 0.042969,
            "y": 0.928826
          },
          "17": {
            "x": 0.046875,
            "y": 0.928826
          },
          "18": {
            "x": 0.047852,
            "y": 0.927046
          },
          "19": {
            "x": 0.050781,
            "y": 0.927046
          },
          "20": {
            "x": 0.055664,
            "y": 0.921708
          },
          "21": {
            "x": 0.060547,
            "y": 0.919929
          },
          "22": {
            "x": 0.073242,
            "y": 0.907473
          },
          "23": {
            "x": 0.075195,
            "y": 0.907473
          },
          "24": {
            "x": 0.083984,
            "y": 0.898577
          },
          "25": {
            "x": 0.089844,
            "y": 0.896797
          },
          "26": {
            "x": 0.098633,
            "y": 0.884342
          },
          "27": {
            "x": 0.101562,
            "y": 0.875445
          },
          "28": {
            "x": 0.102539,
            "y": 0.859431
          },
          "29": {
            "x": 0.095703,
            "y": 0.83452
          },
          "30": {
            "x": 0.091797,
            "y": 0.825623
          },
          "31": {
            "x": 0.089844,
            "y": 0.822064
          },
          "32": {
            "x": 0.079102,
            "y": 0.813167
          },
          "33": {
            "x": 0.075195,
            "y": 0.813167
          },
          "34": {
            "x": 0.071289,
            "y": 0.809609
          },
          "35": {
            "x": 0.067383,
            "y": 0.809609
          },
          "36": {
            "x": 0.066406,
            "y": 0.807829
          }
        },
        "instrument_type": "Grasper"
      },
      {
        "is_tti": 1,
        "interaction_type": "Retract and grab",
        "interaction_tool": "Grasper",
        "tti_polygon": {
          "0": {
            "x": 0.05167791712221913,
            "y": 0.9571442375829415
          },
          "1": {
            "x": 0.04270599938663749,