{
  "labels": {
    "111": [
      {
        "is_tti": 0,
        "non_interaction_tool": "Dissector",
        "instrument_polygon": {
          "0": {
            "x": 0.787109,
            "y": 0
          },
          "1": {
            "x": 0.774414,
            "y": 0.018301
          },
          "2": {
            "x": 0.739258,
            "y": 0.087582
          },
          "3": {
            "x": 0.735352,
            "y": 0.099346
          },
          "4": {
            "x": 0.720703,
            "y": 0.130719
          },
          "5": {
            "x": 0.707031,
            "y": 0.16732
          },
          "6": {
            "x": 0.706055,
            "y": 0.173856
          },
          "7": {
            "x": 0.700195,
            "y": 0.188235
          },
          "8": {
            "x": 0.69043,
            "y": 0.220915
          },
          "9": {
            "x": 0.6875,
            "y": 0.233987
          },
          "10": {
            "x": 0.6875,
            "y": 0.25098
          },
          "11": {
            "x": 0.694336,
            "y": 0.265359
          },
          "12": {
            "x": 0.708984,
            "y": 0.282353
          },
          "13": {
            "x": 0.711914,
            "y": 0.28366
          },
          "14": {
            "x": 0.71875,
            "y": 0.281046
          },
          "15": {
            "x": 0.724609,
            "y": 0.281046
          },
          "16": {
            "x": 0.733398,
            "y": 0.275817
          },
          "17": {
            "x": 0.742188,
            "y": 0.264052
          },
          "18": {
            "x": 0.74707,
            "y": 0.253595
          },
          "19": {
            "x": 0.750977,
            "y": 0.254902
          },
          "20": {
            "x": 0.75293,
            "y": 0.252288
          },
          "21": {
            "x": 0.751953,
            "y": 0.245752
          },
          "22": {
            "x": 0.760742,
            "y": 0.228758
          },
          "23": {
            "x": 0.761719,
            "y": 0.222222
          },
          "24": {
            "x": 0.768555,
            "y": 0.211765
          },
          "25": {
            "x": 0.777344,
            "y": 0.189542
          },
          "26": {
            "x": 0.798828,
            "y": 0.154248
          },
          "27": {
            "x": 0.81543,
            "y": 0.122876
          },
          "28": {
            "x": 0.839844,
            "y": 0.086275
          },
          "29": {
            "x": 0.863281,
            "y": 0.054902
          },
          "30": {
            "x": 0.867188,
            "y": 0.052288
          },
          "31": {
            "x": 0.879883,
            "y": 0.033987
          },
          "32": {
            "x": 0.898438,
            "y": 0.015686
          },
          "33": {
            "x": 0.916016,
            "y": 0.005229
          },
          "34": {
            "x": 0.916992,
            "y": 0
          }
        }
      }
    ]
  }
}