{
  "labels": {
    "66": [
      {
        "instrument_polygon": {
          "0": {
            "x": 0.977539,
            "y": 0.259259
          },
          "1": {
            "x": 0.959961,
            "y": 0.270012
          },
          "10": {
            "x": 0.864258,
            "y": 0.328554
          },
          "11": {
            "x": 0.810547,
            "y": 0.359618
          },
          "12": {
            "x": 0.803711,
            "y": 0.365591
          },
          "13": {
            "x": 0.797852,
            "y": 0.367981
          },
          "14": {
            "x": 0.788086,
            "y": 0.376344
          },
          "15": {
            "x": 0.78125,
            "y": 0.379928
          },
          "16": {
            "x": 0.771484,
            "y": 0.389486
          },
          "17": {
            "x": 0.75,
            "y": 0.399044
          },
          "18": {
            "x": 0.714844,
            "y": 0.419355
          },
          "19": {
            "x": 0.709961,
            "y": 0.424134
          },
          "2": {
            "x": 0.953125,
            "y": 0.272401
          },
          "20": {
            "x": 0.689453,
            "y": 0.436081
          },
          "21": {
            "x": 0.682617,
            "y": 0.442055
          },
          "22": {
            "x": 0.666992,
            "y": 0.450418
          },
          "23": {
            "x": 0.65332,
            "y": 0.462366
          },
          "24": {
            "x": 0.625977,
            "y": 0.477897
          },
          "25": {
            "x": 0.617188,
            "y": 0.48626
          },
          "26": {
            "x": 0.594727,
            "y": 0.499403
          },
          "27": {
            "x": 0.589844,
            "y": 0.505376
          },
          "28": {
            "x": 0.581055,
            "y": 0.51135
          },
          "29": {
            "x": 0.571289,
            "y": 0.514934
          },
          "3": {
            "x": 0.936523,
            "y": 0.283154
          },
          "30": {
            "x": 0.560547,
            "y": 0.523297
          },
          "31": {
            "x": 0.547852,
            "y": 0.529271
          },
          "32": {
            "x": 0.53418,
            "y": 0.544803
          },
          "33": {
            "x": 0.52832,
            "y": 0.561529
          },
          "34": {
            "x": 0.525391,
            "y": 0.583035
          },
          "35": {
            "x": 0.522461,
            "y": 0.590203
          },
          "36": {
            "x": 0.516602,
            "y": 0.594982
          },
          "37": {
            "x": 0.491211,
            "y": 0.60693
          },
          "38": {
            "x": 0.481445,
            "y": 0.616487
          },
          "39": {
            "x": 0.484375,
            "y": 0.633214
          },
          "4": {
            "x": 0.931641,
            "y": 0.287933
          },
          "40": {
            "x": 0.492188,
            "y": 0.646356
          },
          "41": {
            "x": 0.498047,
            "y": 0.65233
          },
          "42": {
            "x": 0.507812,
            "y": 0.654719
          },
          "43": {
            "x": 0.513672,
            "y": 0.654719
          },
          "44": {
            "x": 0.520508,
            "y": 0.64994
          },
          "45": {
            "x": 0.529297,
            "y": 0.648746
          },
          "46": {
            "x": 0.532227,
            "y": 0.65233
          },
          "47": {
            "x": 0.540039,
            "y": 0.655914
          },
          "48": {
            "x": 0.550781,
            "y": 0.664277
          },
          "49": {
            "x": 0.555664,
            "y": 0.666667
          },
          "5": {
            "x": 0.922852,
            "y": 0.291517
          },
          "50": {
            "x": 0.55957,
            "y": 0.666667
          },
          "51": {
            "x": 0.570312,
            "y": 0.67264
          },
          "52": {
            "x": 0.583008,
            "y": 0.673835
          },
          "53": {
            "x": 0.594727,
            "y": 0.670251
          },
          "54": {
            "x": 0.611328,
            "y": 0.657109
          },
          "55": {
            "x": 0.619141,
            "y": 0.653524
          },
          "56": {
            "x": 0.629883,
            "y": 0.651135
          },
          "57": {
            "x": 0.639648,
            "y": 0.646356
          },
          "58": {
            "x": 0.647461,
            "y": 0.645161
          },
          "59": {
            "x": 0.650391,
            "y": 0.642772
          },
          "6": {
            "x": 0.898438,
            "y": 0.310633
          },
          "60": {
            "x": 0.658203,
            "y": 0.641577
          },
          "61": {
            "x": 0.670898,
            "y": 0.634409
          },
          "62": {
            "x": 0.679688,
            "y": 0.632019
          },
          "63": {
            "x": 0.691406,
            "y": 0.624851
          },
          "64": {
            "x": 0.694336,
            "y": 0.624851
          },
          "65": {
            "x": 0.712891,
            "y": 0.616487
          },
          "66": {
            "x": 0.742188,
            "y": 0.599761
          },
          "67": {
            "x": 0.751953,
            "y": 0.591398
          },
          "68": {
            "x": 0.771484,
            "y": 0.584229
          },
          "69": {
            "x": 0.795898,
            "y": 0.569892
          },
          "7": {
            "x": 0.890625,
            "y": 0.311828
          },
          "70": {
            "x": 0.81543,
            "y": 0.561529
          },
          "71": {
            "x": 0.822266,
            "y": 0.560335
          },
          "72": {
            "x": 0.848633,
            "y": 0.547192
          },
          "73": {
            "x": 0.873047,
            "y": 0.538829
          },
          "74": {
            "x": 0.885742,
            "y": 0.531661
          },
          "75": {
            "x": 0.902344,
            "y": 0.528076
          },
          "76": {
            "x": 0.931641,
            "y": 0.514934
          },
          "77": {
            "x": 0.935547,
            "y": 0.514934
          },
          "78": {
            "x": 0.94043,
            "y": 0.51135
          },
          "79": {
            "x": 0.946289,
            "y": 0.510155
          },
          "8": {
            "x": 0.880859,
            "y": 0.318996
          },
          "80": {
            "x": 0.973633,
            "y": 0.497013
          },
          "81": {
            "x": 0.999023,
            "y": 0.489845
          },
          "82": {
            "x": 0.999023,
            "y": 0.384707
          },
          "83": {
            "x": 0.993164,
            "y": 0.378734
          },
          "84": {
            "x": 0.995117,
            "y": 0.375149
          },
          "85": {
            "x": 0.999023,
            "y": 0.375149
          },
          "86": {
            "x": 0.999023,
            "y": 0.309438
          },
          "87": {
            "x": 0.996094,
            "y": 0.307049
          },
          "88": {
            "x": 0.995117,
            "y": 0.297491
          },
          "89": {
            "x": 0.985352,
            "y": 0.262843
          },
          "9": {
            "x": 0.875977,
            "y": 0.320191
          },
          "90": {
            "x": 0.981445,
            "y": 0.259259
          }
        },
        "instrument_type": "Cautery (Hook, Spatula)"
      },
      {
        "is_tti": 1,
        "interaction_type": "Blunt dissection",
        "interaction_tool": "Cautery (Hook, Spatula)",
        "tti_polygon": {
          "0": {
            "x": 0.4992494350357337,