{
  "labels": {
    "0": [
      {
        "is_tti": 0,
        "non_interaction_tool": "Harmonic",
        "tti_polygon": {
          "0": {
            "x": 0.630859,
            "y": 0.570281
          },
          "1": {
            "x": 0.629883,
            "y": 0.57162
          },
          "2": {
            "x": 0.619141,
            "y": 0.572959
          },
          "3": {
            "x": 0.616211,
            "y": 0.579652
          },
          "4": {
            "x": 0.610352,
            "y": 0.586345
          },
          "5": {
            "x": 0.610352,
            "y": 0.60241
          },
          "6": {
            "x": 0.615234,
            "y": 0.614458
          },
          "7": {
            "x": 0.624023,
            "y": 0.626506
          },
          "8": {
            "x": 0.632812,
            "y": 0.64257
          },
          "9": {
            "x": 0.638672,
            "y": 0.649264
          },
          "10": {
            "x": 0.641602,
            "y": 0.657296
          },
          "11": {
            "x": 0.647461,
            "y": 0.666667
          },
          "12": {
            "x": 0.648438,
            "y": 0.67336
          },
          "13": {
            "x": 0.652344,
            "y": 0.681392
          },
          "14": {
            "x": 0.655273,
            "y": 0.70415
          },
          "15": {
            "x": 0.654297,
            "y": 0.708166
          },
          "16": {
            "x": 0.657227,
            "y": 0.716198
          },
          "17": {
            "x": 0.65918,
            "y": 0.729585
          },
          "18": {
            "x": 0.65918,
            "y": 0.753681
          },
          "19": {
            "x": 0.657227,
            "y": 0.759036
          },
          "20": {
            "x": 0.657227,
            "y": 0.779116
          },
          "21": {
            "x": 0.655273,
            "y": 0.781794
          },
          "22": {
            "x": 0.655273,
            "y": 0.795181
          },
          "23": {
            "x": 0.65918,
            "y": 0.831325
          },
          "24": {
            "x": 0.662109,
            "y": 0.839357
          },
          "25": {
            "x": 0.662109,
            "y": 0.846051
          },
          "26": {
            "x": 0.665039,
            "y": 0.858099
          },
          "27": {
            "x": 0.672852,
            "y": 0.872825
          },
          "28": {
            "x": 0.672852,
            "y": 0.876841
          },
          "29": {
            "x": 0.676758,
            "y": 0.886212
          },
          "30": {
            "x": 0.676758,
            "y": 0.894244
          },
          "31": {
            "x": 0.688477,
            "y": 0.933066
          },
          "32": {
            "x": 0.69043,
            "y": 0.946452
          },
          "33": {
            "x": 0.694336,
            "y": 0.954485
          },
          "34": {
            "x": 0.705078,
            "y": 0.98929
          },
          "35": {
            "x": 0.705078,
            "y": 0.993307
          },
          "36": {
            "x": 0.708008,
            "y": 0.998661
          },
          "37": {
            "x": 0.853516,
            "y": 0.998661
          },
          "38": {
            "x": 0.853516,
            "y": 0.991968
          },
          "39": {
            "x": 0.842773,
            "y": 0.965194
          },
          "40": {
            "x": 0.836914,
            "y": 0.943775
          },
          "41": {
            "x": 0.829102,
            "y": 0.927711
          },
          "42": {
            "x": 0.829102,
            "y": 0.923695
          },
          "43": {
            "x": 0.814453,
            "y": 0.895582
          },
          "44": {
            "x": 0.807617,
            "y": 0.878179
          },
          "45": {
            "x": 0.804688,
            "y": 0.866131
          },
          "46": {
            "x": 0.793945,
            "y": 0.843373
          },
          "47": {
            "x": 0.779297,
            "y": 0.799197
          },
          "48": {
            "x": 0.775391,
            "y": 0.793842
          },
          "49": {
            "x": 0.776367,
            "y": 0.791165
          },
          "50": {
            "x": 0.774414,
            "y": 0.781794
          },
          "51": {
            "x": 0.763672,
            "y": 0.767068
          },
          "52": {
            "x": 0.764648,
            "y": 0.763052
          },
          "53": {
            "x": 0.75,
            "y": 0.722892
          },
          "54": {
            "x": 0.735352,
            "y": 0.689424
          },
          "55": {
            "x": 0.733398,
            "y": 0.688086
          },
          "56": {
            "x": 0.720703,
            "y": 0.655957
          },
          "57": {
            "x": 0.717773,
            "y": 0.65328
          },
          "58": {
            "x": 0.712891,
            "y": 0.641232
          },
          "59": {
            "x": 0.709961,
            "y": 0.639893
          },
          "60": {
            "x": 0.699219,
            "y": 0.62249
          },
          "61": {
            "x": 0.693359,
            "y": 0.617135
          },
          "62": {
            "x": 0.670898,
            "y": 0.587684
          },
          "63": {
            "x": 0.662109,
            "y": 0.580991
          },
          "64": {
            "x": 0.660156,
            "y": 0.580991
          },
          "65": {
            "x": 0.65332,
            "y": 0.574297
          },
          "66": {
            "x": 0.644531,
            "y": 0.570281
          }
        }
      },
      {
        "instrument_polygon": {
          "0": {
            "x": 0.070312,
            "y": 0.285141
          },
          "1": {
            "x": 0.069336,
            "y": 0.286479
          },
          "2": {
            "x": 0.063477,
            "y": 0.286479
          },
          "3": {
            "x": 0.050781,
            "y": 0.294511
          },
          "4": {
            "x": 0.041992,
            "y": 0.297189
          },
          "5": {
            "x": 0.026367,
            "y": 0.309237
          },
          "6": {
            "x": 0.023438,
            "y": 0.309237
          },
          "7": {
            "x": 0.018555,
            "y": 0.313253
          },
          "8": {
            "x": 0.010742,
            "y": 0.314592
          },
          "9": {
            "x": 0.001953,
            "y": 0.321285
          },
          "10": {
            "x": 0,
            "y": 0.321285
          },
          "11": {
            "x": 0,
            "y": 0.453815
          },
          "12": {
            "x": 0.009766,
            "y": 0.448461
          },
          "13": {
            "x": 0.016602,
            "y": 0.441767
          },
          "14": {
            "x": 0.024414,
            "y": 0.427041
          },
          "15": {
            "x": 0.026367,
            "y": 0.427041
          },
          "16": {
            "x": 0.02832,
            "y": 0.424364
          },
          "17": {
            "x": 0.032227,
            "y": 0.424364
          },
          "18": {
            "x": 0.041016,
            "y": 0.416332
          },
          "19": {
            "x": 0.047852,
            "y": 0.414993
          },
          "20": {
            "x": 0.056641,
            "y": 0.409639
          },
          "21": {
            "x": 0.072266,
            "y": 0.386881
          },
          "22": {
            "x": 0.074219,
            "y": 0.386881
          },
          "23": {
            "x": 0.078125,
            "y": 0.382865
          },
          "24": {
            "x": 0.091797,
            "y": 0.374833
          },
          "25": {
            "x": 0.109375,
            "y": 0.354752
          },
          "26": {
            "x": 0.113281,