{
  "labels": {
    "0": [
      {
        "instrument_polygon": {
          "0": {
            "x": 0,
            "y": 0.059445
          },
          "1": {
            "x": 0.018555,
            "y": 0.059445
          },
          "2": {
            "x": 0.017578,
            "y": 0.060766
          },
          "3": {
            "x": 0.010742,
            "y": 0.060766
          },
          "4": {
            "x": 0.010101430734292205,
            "y": 0.0625
          },
          "5": {
            "x": 0.023109243697478993,
            "y": 0.0625
          },
          "6": {
            "x": 0.023809523809523808,
            "y": 0.0634469696969697
          },
          "7": {
            "x": 0.028011204481792718,
            "y": 0.0634469696969697
          },
          "8": {
            "x": 0.028711484593837534,
            "y": 0.06439393939393939
          },
          "9": {
            "x": 0.03221288515406162,
            "y": 0.06439393939393939
          },
          "10": {
            "x": 0.032913165266106444,
            "y": 0.06534090909090909
          },
          "11": {
            "x": 0.0350140056022409,
            "y": 0.06534090909090909
          },
          "12": {
            "x": 0.03571428571428571,
            "y": 0.06628787878787878
          },
          "13": {
            "x": 0.04061624649859944,
            "y": 0.06628787878787878
          },
          "14": {
            "x": 0.04131652661064426,
            "y": 0.06723484848484848
          },
          "15": {
            "x": 0.042717086834733894,
            "y": 0.06723484848484848
          },
          "16": {
            "x": 0.04341736694677871,
            "y": 0.06818181818181818
          },
          "17": {
            "x": 0.04971988795518207,
            "y": 0.06818181818181818
          },
          "18": {
            "x": 0.05042016806722689,
            "y": 0.06912878787878787
          },
          "19": {
            "x": 0.052521008403361345,
            "y": 0.06912878787878787
          },
          "20": {
            "x": 0.05322128851540616,
            "y": 0.07007575757575757
          },
          "21": {
            "x": 0.05392156862745098,
            "y": 0.07007575757575757
          },
          "22": {
            "x": 0.0546218487394958,
            "y": 0.07102272727272728
          },
          "23": {
            "x": 0.055322128851540614,
            "y": 0.07102272727272728
          },
          "24": {
            "x": 0.056022408963585436,
            "y": 0.07196969696969698
          },
          "25": {
            "x": 0.06092436974789916,
            "y": 0.07196969696969698
          },
          "26": {
            "x": 0.06162464985994398,
            "y": 0.07291666666666667
          },
          "27": {
            "x": 0.06442577030812324,
            "y": 0.07291666666666667
          },
          "28": {
            "x": 0.06512605042016807,
            "y": 0.07386363636363637
          },
          "29": {
            "x": 0.06792717086834733,
            "y": 0.07386363636363637
          },
          "30": {
            "x": 0.06862745098039216,
            "y": 0.07481060606060606
          },
          "31": {
            "x": 0.07212885154061624,
            "y": 0.07481060606060606
          },
          "32": {
            "x": 0.07282913165266107,
            "y": 0.07575757575757576
          },
          "33": {
            "x": 0.0784313725490196,
            "y": 0.07575757575757576
          },
          "34": {
            "x": 0.07913165266106442,
            "y": 0.07670454545454546
          },
          "35": {
            "x": 0.08123249299719888,
            "y": 0.07670454545454546
          },
          "36": {
            "x": 0.0819327731092437,
            "y": 0.07765151515151515
          },
          "37": {
            "x": 0.08263305322128851,
            "y": 0.07765151515151515
          },
          "38": {
            "x": 0.08333333333333333,
            "y": 0.07859848484848485
          },
          "39": {
            "x": 0.08543417366946779,
            "y": 0.07859848484848485
          },
          "40": {
            "x": 0.0861344537815126,
            "y": 0.07954545454545454
          },
          "41": {
            "x": 0.08753501400560224,
            "y": 0.07954545454545454
          },
          "42": {
            "x": 0.08823529411764706,
            "y": 0.08049242424242424
          },
          "43": {
            "x": 0.08893557422969188,
            "y": 0.08049242424242424
          },
          "44": {
            "x": 0.09033613445378151,
            "y": 0.08238636363636363
          },
          "45": {
            "x": 0.09103641456582633,
            "y": 0.08238636363636363
          },
          "46": {
            "x": 0.09160778608622094,
            "y": 0.08315901376053364
          },
          "47": {
            "x": 0.091797,
            "y": 0.083223
          },
          "48": {
            "x": 0.09196919572714272,
            "y": 0.08333333333333333
          },
          "49": {
            "x": 0.09313725490196079,
            "y": 0.08333333333333333
          },
          "50": {
            "x": 0.0938375350140056,
            "y": 0.08428030303030302
          },
          "51": {
            "x": 0.09453781512605042,
            "y": 0.08428030303030302
          },
          "52": {
            "x": 0.09523809523809523,
            "y": 0.08522727272727272
          },
          "53": {
            "x": 0.09593837535014006,
            "y": 0.08522727272727272
          },
          "54": {
            "x": 0.09663865546218488,
            "y": 0.08617424242424243
          },
          "55": {
            "x": 0.09733893557422969,
            "y": 0.08617424242424243
          },
          "56": {
            "x": 0.09803921568627451,
            "y": 0.08712121212121213
          },
          "57": {
            "x": 0.09873949579831932,
            "y": 0.08712121212121213
          },
          "58": {
            "x": 0.09943977591036414,
            "y": 0.08806818181818182
          },
          "59": {
            "x": 0.10014005602240897,
            "y": 0.08806818181818182
          },
          "60": {
            "x": 0.10084033613445378,
            "y": 0.08901515151515152
          },
          "61": {
            "x": 0.1015406162464986,
            "y": 0.08901515151515152
          },
          "62": {
            "x": 0.10217447594062039,
            "y": 0.08987230269242985
          },
          "63": {
            "x": 0.10231465447816546,
            "y": 0.08996212121212122
          },
          "64": {
            "x": 0.10294117647058823,
            "y": 0.08996212121212122
          },
          "65": {
            "x": 0.10350536998294907,
            "y": 0.09072506471179097
          },
          "66": {
            "x": 0.10379257715688299,
            "y": 0.09090909090909091
          },
          "67": {
            "x": 0.10434173669467788,
            "y": 0.09090909090909091
          },
          "68": {
            "x": 0.10483626402527774,
            "y": 0.09157782673115208
          },
          "69": {
            "x": 0.10527049983560052,
            "y": 0.09185606060606061
          },
          "70": {
            "x": 0.1057422969187675,
            "y": 0.09185606060606061
          },
          "71": {
            "x": 0.10616715806760639,
            "y": 0.0924305887505132
          },
          "72": {
            "x": 0.110352,
            "y": 0.095112
          },
          "73": {
            "x": 0.118164,
            "y": 0.10568
          },
          "74": {
            "x": 0.11826204255648474,
            "y": 0.10594526209342825
          },
          "75": {
            "x": 0.11834733893557423,
            "y": 0.10606060606060606
          },
          "76": {
            "x": 0.11904761904761904,