{
  "labels": {
    "121": [
      {
        "is_tti": 0,
        "non_interaction_tool": "Cautery (Hook, Spatula)",
        "instrument_polygon": {
          "0": {
            "x": 0.852539,
            "y": 0.462963
          },
          "1": {
            "x": 0.850586,
            "y": 0.465608
          },
          "10": {
            "x": 0.813477,
            "y": 0.501323
          },
          "11": {
            "x": 0.80957,
            "y": 0.506614
          },
          "12": {
            "x": 0.806641,
            "y": 0.507937
          },
          "13": {
            "x": 0.802734,
            "y": 0.513228
          },
          "14": {
            "x": 0.800781,
            "y": 0.513228
          },
          "15": {
            "x": 0.798828,
            "y": 0.518519
          },
          "16": {
            "x": 0.796875,
            "y": 0.518519
          },
          "17": {
            "x": 0.782227,
            "y": 0.534392
          },
          "18": {
            "x": 0.764648,
            "y": 0.544974
          },
          "19": {
            "x": 0.760742,
            "y": 0.550265
          },
          "2": {
            "x": 0.842773,
            "y": 0.466931
          },
          "20": {
            "x": 0.756836,
            "y": 0.551587
          },
          "21": {
            "x": 0.75293,
            "y": 0.556878
          },
          "22": {
            "x": 0.749023,
            "y": 0.558201
          },
          "23": {
            "x": 0.736328,
            "y": 0.570106
          },
          "24": {
            "x": 0.733398,
            "y": 0.574074
          },
          "25": {
            "x": 0.729492,
            "y": 0.588624
          },
          "26": {
            "x": 0.730469,
            "y": 0.613757
          },
          "27": {
            "x": 0.727539,
            "y": 0.617725
          },
          "28": {
            "x": 0.723633,
            "y": 0.62037
          },
          "29": {
            "x": 0.719727,
            "y": 0.62037
          },
          "3": {
            "x": 0.839844,
            "y": 0.472222
          },
          "30": {
            "x": 0.71875,
            "y": 0.619048
          },
          "31": {
            "x": 0.695312,
            "y": 0.617725
          },
          "32": {
            "x": 0.689453,
            "y": 0.611111
          },
          "33": {
            "x": 0.685547,
            "y": 0.612434
          },
          "34": {
            "x": 0.683594,
            "y": 0.609788
          },
          "35": {
            "x": 0.68457,
            "y": 0.607143
          },
          "36": {
            "x": 0.681641,
            "y": 0.60582
          },
          "37": {
            "x": 0.673828,
            "y": 0.596561
          },
          "38": {
            "x": 0.665039,
            "y": 0.592593
          },
          "39": {
            "x": 0.657227,
            "y": 0.593915
          },
          "4": {
            "x": 0.833984,
            "y": 0.47619
          },
          "40": {
            "x": 0.657227,
            "y": 0.613757
          },
          "41": {
            "x": 0.664062,
            "y": 0.616402
          },
          "42": {
            "x": 0.673828,
            "y": 0.628307
          },
          "43": {
            "x": 0.679688,
            "y": 0.630952
          },
          "44": {
            "x": 0.681641,
            "y": 0.633598
          },
          "45": {
            "x": 0.685547,
            "y": 0.634921
          },
          "46": {
            "x": 0.689453,
            "y": 0.633598
          },
          "47": {
            "x": 0.695312,
            "y": 0.641534
          },
          "48": {
            "x": 0.701172,
            "y": 0.645503
          },
          "49": {
            "x": 0.705078,
            "y": 0.645503
          },
          "5": {
            "x": 0.833008,
            "y": 0.478836
          },
          "50": {
            "x": 0.711914,
            "y": 0.649471
          },
          "51": {
            "x": 0.725586,
            "y": 0.649471
          },
          "52": {
            "x": 0.726562,
            "y": 0.648148
          },
          "53": {
            "x": 0.732422,
            "y": 0.648148
          },
          "54": {
            "x": 0.737305,
            "y": 0.645503
          },
          "55": {
            "x": 0.741211,
            "y": 0.645503
          },
          "56": {
            "x": 0.744141,
            "y": 0.642857
          },
          "57": {
            "x": 0.748047,
            "y": 0.642857
          },
          "58": {
            "x": 0.749023,
            "y": 0.641534
          },
          "59": {
            "x": 0.759766,
            "y": 0.642857
          },
          "6": {
            "x": 0.829102,
            "y": 0.480159
          },
          "60": {
            "x": 0.762695,
            "y": 0.641534
          },
          "61": {
            "x": 0.788086,
            "y": 0.625661
          },
          "62": {
            "x": 0.793945,
            "y": 0.619048
          },
          "63": {
            "x": 0.802734,
            "y": 0.615079
          },
          "64": {
            "x": 0.814453,
            "y": 0.603175
          },
          "65": {
            "x": 0.825195,
            "y": 0.596561
          },
          "66": {
            "x": 0.831055,
            "y": 0.595238
          },
          "67": {
            "x": 0.831055,
            "y": 0.592593
          },
          "68": {
            "x": 0.841797,
            "y": 0.579365
          },
          "69": {
            "x": 0.839844,
            "y": 0.574074
          },
          "7": {
            "x": 0.824219,
            "y": 0.489418
          },
          "70": {
            "x": 0.84375,
            "y": 0.56746
          },
          "71": {
            "x": 0.844727,
            "y": 0.550265
          },
          "72": {
            "x": 0.84668,
            "y": 0.53836
          },
          "73": {
            "x": 0.850586,
            "y": 0.527778
          },
          "74": {
            "x": 0.849609,
            "y": 0.52381
          },
          "75": {
            "x": 0.852539,
            "y": 0.513228
          },
          "76": {
            "x": 0.853516,
            "y": 0.501323
          },
          "77": {
            "x": 0.858398,
            "y": 0.497354
          },
          "78": {
            "x": 0.857422,
            "y": 0.493386
          },
          "79": {
            "x": 0.859375,
            "y": 0.492063
          },
          "8": {
            "x": 0.817383,
            "y": 0.496032
          },
          "80": {
            "x": 0.860352,
            "y": 0.48545
          },
          "81": {
            "x": 0.865234,
            "y": 0.481481
          },
          "82": {
            "x": 0.863281,
            "y": 0.477513
          },
          "83": {
            "x": 0.865234,
            "y": 0.474868
          },
          "84": {
            "x": 0.865234,
            "y": 0.466931
          },
          "85": {
            "x": 0.854492,
            "y": 0.462963
          },
          "9": {
            "x": 0.813477,
            "y": 0.497354
          }
        }
      }
    ]
  }
}