{
  "labels": {
    "0": [
      {
        "instrument_polygon": {
          "0": {
            "x": 0.3038753417504621,
            "y": 0.18638831405251596
          },
          "1": {
            "x": 0.3550244336369093,
            "y": 0.14928643051591742
          },
          "2": {
            "x": 0.3688772551025268,
            "y": 0.09460979022078468
          },
          "3": {
            "x": 0.2719071796462427,
            "y": 0
          },
          "4": {
            "x": 0,
            "y": 0
          },
          "5": {
            "x": 0,
            "y": 0.030169512045690194
          },
          "6": {
            "x": 0.1834618986382063,
            "y": 0.14538087107663122
          },
          "7": {
            "x": 0.24100460668564927,
            "y": 0.2137266342000823
          },
          "8": {
            "x": 0.28895684984197834,
            "y": 0.2703559424784637
          }
        },
        "instrument_type": "Grasper"
      },
      {
        "is_tti": 1,
        "interaction_type": "Retract and grab",
        "interaction_tool": "Grasper",
        "tti_polygon": {
          "0": {
            "x": 0.37313969297627075,
            "y": 0.0926570477466064
          },
          "1": {
            "x": 0.3145313957852019,
            "y": 0.2020102166004774
          },
          "2": {
            "x": 0.3070721904805802,
            "y": 0.2586395248788588
          },
          "3": {
            "x": 0.36994284424615265,
            "y": 0.29574155739731656
          },
          "4": {
            "x": 0.4445352224893312,
            "y": 0.1707664487500193
          },
          "5": {
            "x": 0.4221575252762258,
            "y": 0.10632617057492477
          }
        }
      },
      {
        "instrument_polygon": {
          "0": {
            "x": 0.5361773522274857,
            "y": 0.2625449725817505
          },
          "1": {
            "x": 0.667246768075241,
            "y": 0.0926570477466064
          },
          "2": {
            "x": 0.7215927086918063,
            "y": 0.05750779494779174
          },
          "3": {
            "x": 0.7237238869790581,
            "y": 0.008689437943391097
          },
          "4": {
            "x": 0.9464353512657275,
            "y": 0
          },
          "5": {
            "x": 0.7343799410137978,
            "y": 0.24497036480507564
          },
          "6": {
            "x": 0.6715092872482255,
            "y": 0.3094106429801701
          },
          "7": {
            "x": 0.6129009087579161,
            "y": 0.35041804871059007
          },
          "8": {
            "x": 0.5883919519583184,
            "y": 0.3777563316126916
          },
          "9": {
            "x": 0.560686227727843,
            "y": 0.3152689076481698
          }
        },
        "instrument_type": "Dissector"
      },
      {
        "is_tti": 1,
        "interaction_type": "Other",
        "interaction_tool": "Dissector",
        "tti_polygon": {
          "0": {
            "x": 0.50847154669777,
            "y": 0.26645053202103675
          },
          "1": {
            "x": 0.5638830764579611,
            "y": 0.31722157563141845
          },
          "2": {
            "x": 0.5841295953838148,
            "y": 0.3718981414356216
          },
          "3": {
            "x": 0.556423789854099,
            "y": 0.4382911620848943
          },
          "4": {
            "x": 0.49248746564566026,
            "y": 0.42462200201111117
          },
          "5": {
            "x": 0.4743722063062989,
            "y": 0.3328434409339151
          }
        }
      }
    ],
    "136": [
      {
        "instrument_polygon": {
          "0": {
            "x": 0.5233900386062538,
            "y": 0.2508285922276105
          },
          "1": {
            "x": 0.5425709683884815,
            "y": 0.18638831405251596
          },
          "10": {
            "x": 0.5958512385621806,
            "y": 0.22153756685133064
          },
          "11": {
            "x": 0.5596206385842173,
            "y": 0.2723086477071771
          },
          "12": {
            "x": 0.5521614332795955,
            "y": 0.3152689076481698
          },
          "13": {
            "x": 0.516996422445258,
            "y": 0.28793055025513864
          },
          "2": {
            "x": 0.5766703087799528,
            "y": 0.13561719595120464
          },
          "3": {
            "x": 0.6192945249189119,
            "y": 0.11413714047163791
          },
          "4": {
            "x": 0.6480658382930132,
            "y": 0.09070430527242812
          },
          "5": {
            "x": 0.6597875627706192,
            "y": 0.03602775809095744
          },
          "6": {
            "x": 0.7056086276396967,
            "y": 0.0008784866694103552
          },
          "7": {
            "x": 0.8324156056137079,
            "y": 0
          },
          "8": {
            "x": 0.6938869031620906,
            "y": 0.14342816584791776
          },
          "9": {
            "x": 0.6278194006664,
            "y": 0.2020102166004774
          }
        },
        "instrument_type": "Dissector"
      },
      {
        "is_tti": 1,
        "interaction_type": "Other",
        "interaction_tool": "Dissector",
        "tti_polygon": {
          "0": {
            "x": 0.521258860319002,
            "y": 0.22153756685133064
          },
          "1": {
            "x": 0.5042091901232664,
            "y": 0.2820723228326038
          },
          "2": {
            "x": 0.5297836547672495,
            "y": 0.36213446631019486
          },
          "3": {
            "x": 0.5713422817625828,
            "y": 0.34455993302444954
          },
          "4": {
            "x": 0.560686227727843,
            "y": 0.25278129745632394
          },
          "5": {
            "x": 0.5404397088019893,
            "y": 0.22544301455422242
          }
        }
      }
    ],
    "138": [
      {
        "instrument_polygon": {
          "0": {
            "x": 0.3688772551025268,
            "y": 0.42852748695946774
          },
          "1": {
            "x": 0.4019110063503721,
            "y": 0.3758036263839782
          },
          "10": {
            "x": 0.33904035258479953,
            "y": 0.4812513475349574
          },
          "11": {
            "x": 0.35395876319404296,
            "y": 0.4421966470332509
          },
          "2": {
            "x": 0.4051078550804901,
            "y": 0.3230797658084885
          },
          "3": {
            "x": 0.3528931740504171,
            "y": 0.28011961760389026
          },
          "4": {
            "x": 0.26125112561150293,
            "y": 0.2605922673530371
          },
          "5": {
            "x": 0.13337847719462537,
            "y": 0.1473336135508095
          },
          "6": {
            "x": 0,
            "y": 0.02626408296553083
          },
          "7": {
            "x": 0,
            "y": 0.5417861035162305
          },
          "8": {
            "x": 0.17919954206370264,
            "y": 0.5222587532653772
          },
          "9": {
            "x": 0.2793663849508644,
            "y": 0.48710953771202736
          }
        },
        "instrument_type": "Grasper"
      },
      {
        "is_tti": 1,
        "interaction_type": "Retract and grab",
        "interaction_tool": "Grasper",
        "tti_polygon": {
          "0": {
            "x": 0.4008454172067461,
            "y": 0.31722157563141845
          },
          "1": {
            "x": 0.50847154669777,
            "y": 0.28793055025513864
          },
          "2": {
            "x": 0.525521298192746,
            "y": 0.410952841937328
          },
          "3": {
            "x": 0.4093702929542341,
            "y": 0.5378806185678738
          },
          "4": {
            "x": 0.34649955788942133,
            "y": 0.5261642382137338
          },