{
  "labels": {
    "0": [],
    "1": [],
    "2": [],
    "3": [],
    "4": [],
    "5": [],
    "6": [],
    "7": [],
    "8": [],
    "9": [],
    "10": [],
    "11": [],
    "12": [],
    "13": [],
    "14": [],
    "15": [],
    "16": [],
    "17": [
      {
        "is_tti": 0,
        "non_interaction_tool": "Cautery (Hook, Spatula)",
        "instrument_polygon": {
          "0": {
            "x": 0.456055,
            "y": 0
          },
          "1": {
            "x": 0.448242,
            "y": 0.018421
          },
          "2": {
            "x": 0.4375,
            "y": 0.038158
          },
          "3": {
            "x": 0.433594,
            "y": 0.052632
          },
          "4": {
            "x": 0.433594,
            "y": 0.068421
          },
          "5": {
            "x": 0.435547,
            "y": 0.078947
          },
          "6": {
            "x": 0.441406,
            "y": 0.093421
          },
          "7": {
            "x": 0.452148,
            "y": 0.109211
          },
          "8": {
            "x": 0.454102,
            "y": 0.118421
          },
          "9": {
            "x": 0.451172,
            "y": 0.122368
          },
          "10": {
            "x": 0.449219,
            "y": 0.130263
          },
          "11": {
            "x": 0.4375,
            "y": 0.147368
          },
          "12": {
            "x": 0.433594,
            "y": 0.15
          },
          "13": {
            "x": 0.432617,
            "y": 0.153947
          },
          "14": {
            "x": 0.422852,
            "y": 0.168421
          },
          "15": {
            "x": 0.40332,
            "y": 0.184211
          },
          "16": {
            "x": 0.404297,
            "y": 0.189474
          },
          "17": {
            "x": 0.400391,
            "y": 0.192105
          },
          "18": {
            "x": 0.397461,
            "y": 0.2
          },
          "19": {
            "x": 0.398438,
            "y": 0.215789
          },
          "20": {
            "x": 0.402344,
            "y": 0.219737
          },
          "21": {
            "x": 0.408203,
            "y": 0.219737
          },
          "22": {
            "x": 0.410156,
            "y": 0.215789
          },
          "23": {
            "x": 0.418945,
            "y": 0.207895
          },
          "24": {
            "x": 0.419922,
            "y": 0.203947
          },
          "25": {
            "x": 0.426758,
            "y": 0.2
          },
          "26": {
            "x": 0.433594,
            "y": 0.193421
          },
          "27": {
            "x": 0.436523,
            "y": 0.186842
          },
          "28": {
            "x": 0.439453,
            "y": 0.185526
          },
          "29": {
            "x": 0.439453,
            "y": 0.177632
          },
          "30": {
            "x": 0.445312,
            "y": 0.157895
          },
          "31": {
            "x": 0.456055,
            "y": 0.140789
          },
          "32": {
            "x": 0.46582,
            "y": 0.121053
          },
          "33": {
            "x": 0.470703,
            "y": 0.125
          },
          "34": {
            "x": 0.474609,
            "y": 0.125
          },
          "35": {
            "x": 0.478516,
            "y": 0.127632
          },
          "36": {
            "x": 0.494141,
            "y": 0.128947
          },
          "37": {
            "x": 0.500977,
            "y": 0.126316
          },
          "38": {
            "x": 0.507812,
            "y": 0.121053
          },
          "39": {
            "x": 0.517578,
            "y": 0.107895
          },
          "40": {
            "x": 0.53125,
            "y": 0.082895
          },
          "41": {
            "x": 0.537109,
            "y": 0.075
          },
          "42": {
            "x": 0.556641,
            "y": 0.032895
          },
          "43": {
            "x": 0.560547,
            "y": 0.027632
          },
          "44": {
            "x": 0.563477,
            "y": 0.018421
          },
          "45": {
            "x": 0.573242,
            "y": 0.005263
          },
          "46": {
            "x": 0.574219,
            "y": 0
          }
        }
      }
    ],
    "18": [],
    "19": [],
    "20": [],
    "21": [],
    "22": [],
    "23": [],
    "24": [],
    "25": [],
    "26": [],
    "27": [],
    "28": [],
    "29": [],
    "30": [],
    "31": [],
    "32": [],
    "33": [],
    "34": [],
    "35": [],
    "36": [],
    "37": [],
    "38": [],
    "39": [],
    "40": [],
    "41": [],
    "42": [],
    "43": [],
    "44": [],
    "45": [],
    "46": [],
    "47": [],
    "48": [],
    "49": [],
    "50": [],
    "51": [],
    "52": [],
    "53": [],
    "54": [],
    "55": [],
    "56": [],
    "57": [],
    "58": [],
    "59": [],
    "60": [],
    "61": [],
    "62": [],
    "63": [],
    "64": [],
    "65": [],
    "66": [],
    "67": [],
    "68": [],
    "69": [],
    "70": [],
    "71": [],
    "72": [],
    "73": [],
    "74": [],
    "75": [],
    "76": [],
    "77": [],
    "78": [],
    "79": [],
    "80": [],
    "81": [],
    "82": [],
    "83": [],
    "84": [],
    "85": [],
    "86": [],
    "87": [],
    "88": [],
    "89": [],
    "90": [],
    "91": [],
    "92": [],
    "93": [],
    "94": [],
    "95": [],
    "96": [],
    "97": [],
    "98": [],
    "99": [],
    "100": [],
    "101": [],
    "102": [],
    "103": [],
    "104": [],
    "105": [],
    "106": [],
    "107": [],
    "108": [],
    "109": [],
    "110": [],
    "111": [],
    "112": [],
    "113": [],
    "114": [],
    "115": [],
    "116": [],
    "117": [],
    "118": [],
    "119": [],
    "120": [],
    "121": [],
    "122": [],
    "123": [],
    "124": [],
    "125": [],
    "126": [],
    "127": [],
    "128": [],
    "129": [],
    "130": [],
    "131": [],
    "132": [],
    "133": [],
    "134": [],
    "135": [],
    "136": [],
    "137": [],
    "138": [],
    "139": [],
    "140": [],
    "141": [],
    "142": [],
    "143": [],
    "144": [],
    "145": [],
    "146": [],
    "147": [],
    "148": [],
    "149": [],
    "150": []
  }
}