{
  "labels": {
    "59": [
      {
        "instrument_polygon": {
          "0": {
            "x": 0.072266,
            "y": 0.003371
          },
          "1": {
            "x": 0.071289,
            "y": 0.004494
          },
          "10": {
            "x": 0.003906,
            "y": 0.105618
          },
          "11": {
            "x": 0.008789,
            "y": 0.110112
          },
          "12": {
            "x": 0.012695,
            "y": 0.110112
          },
          "13": {
            "x": 0.015625,
            "y": 0.113483
          },
          "14": {
            "x": 0.023438,
            "y": 0.116854
          },
          "15": {
            "x": 0.033203,
            "y": 0.117978
          },
          "16": {
            "x": 0.037109,
            "y": 0.120225
          },
          "17": {
            "x": 0.041016,
            "y": 0.12809
          },
          "18": {
            "x": 0.044922,
            "y": 0.131461
          },
          "19": {
            "x": 0.055664,
            "y": 0.137079
          },
          "2": {
            "x": 0.05957,
            "y": 0.004494
          },
          "20": {
            "x": 0.075195,
            "y": 0.141573
          },
          "21": {
            "x": 0.083984,
            "y": 0.146067
          },
          "22": {
            "x": 0.091797,
            "y": 0.146067
          },
          "23": {
            "x": 0.105469,
            "y": 0.150562
          },
          "24": {
            "x": 0.124023,
            "y": 0.151685
          },
          "25": {
            "x": 0.135742,
            "y": 0.158427
          },
          "26": {
            "x": 0.142578,
            "y": 0.159551
          },
          "27": {
            "x": 0.148438,
            "y": 0.162921
          },
          "28": {
            "x": 0.154297,
            "y": 0.162921
          },
          "29": {
            "x": 0.164062,
            "y": 0.166292
          },
          "3": {
            "x": 0.051758,
            "y": 0.008989
          },
          "30": {
            "x": 0.191406,
            "y": 0.168539
          },
          "31": {
            "x": 0.196289,
            "y": 0.170787
          },
          "32": {
            "x": 0.202148,
            "y": 0.170787
          },
          "33": {
            "x": 0.205078,
            "y": 0.168539
          },
          "34": {
            "x": 0.210938,
            "y": 0.173034
          },
          "35": {
            "x": 0.216797,
            "y": 0.173034
          },
          "36": {
            "x": 0.234375,
            "y": 0.177528
          },
          "37": {
            "x": 0.243164,
            "y": 0.177528
          },
          "38": {
            "x": 0.251953,
            "y": 0.173034
          },
          "39": {
            "x": 0.255859,
            "y": 0.173034
          },
          "4": {
            "x": 0.048828,
            "y": 0.008989
          },
          "40": {
            "x": 0.266602,
            "y": 0.175281
          },
          "41": {
            "x": 0.270508,
            "y": 0.174157
          },
          "42": {
            "x": 0.274414,
            "y": 0.176404
          },
          "43": {
            "x": 0.280273,
            "y": 0.175281
          },
          "44": {
            "x": 0.288086,
            "y": 0.176404
          },
          "45": {
            "x": 0.290039,
            "y": 0.178652
          },
          "46": {
            "x": 0.298828,
            "y": 0.177528
          },
          "47": {
            "x": 0.302734,
            "y": 0.178652
          },
          "48": {
            "x": 0.318359,
            "y": 0.18764
          },
          "49": {
            "x": 0.320312,
            "y": 0.189888
          },
          "5": {
            "x": 0.045898,
            "y": 0.01573
          },
          "50": {
            "x": 0.321289,
            "y": 0.196629
          },
          "51": {
            "x": 0.325195,
            "y": 0.201124
          },
          "52": {
            "x": 0.330078,
            "y": 0.198876
          },
          "53": {
            "x": 0.333984,
            "y": 0.2
          },
          "54": {
            "x": 0.333008,
            "y": 0.192135
          },
          "55": {
            "x": 0.336914,
            "y": 0.18764
          },
          "56": {
            "x": 0.341797,
            "y": 0.186517
          },
          "57": {
            "x": 0.345703,
            "y": 0.179775
          },
          "58": {
            "x": 0.359375,
            "y": 0.174157
          },
          "59": {
            "x": 0.361328,
            "y": 0.170787
          },
          "6": {
            "x": 0.038086,
            "y": 0.024719
          },
          "60": {
            "x": 0.361328,
            "y": 0.164045
          },
          "61": {
            "x": 0.357422,
            "y": 0.153933
          },
          "62": {
            "x": 0.342773,
            "y": 0.134831
          },
          "63": {
            "x": 0.337891,
            "y": 0.132584
          },
          "64": {
            "x": 0.324219,
            "y": 0.117978
          },
          "65": {
            "x": 0.318359,
            "y": 0.103371
          },
          "66": {
            "x": 0.313477,
            "y": 0.096629
          },
          "67": {
            "x": 0.290039,
            "y": 0.085393
          },
          "68": {
            "x": 0.279297,
            "y": 0.083146
          },
          "69": {
            "x": 0.262695,
            "y": 0.075281
          },
          "7": {
            "x": 0.029297,
            "y": 0.030337
          },
          "70": {
            "x": 0.250977,
            "y": 0.07191
          },
          "71": {
            "x": 0.244141,
            "y": 0.067416
          },
          "72": {
            "x": 0.191406,
            "y": 0.049438
          },
          "73": {
            "x": 0.15332,
            "y": 0.032584
          },
          "74": {
            "x": 0.106445,
            "y": 0.016854
          },
          "75": {
            "x": 0.087891,
            "y": 0.005618
          },
          "76": {
            "x": 0.073242,
            "y": 0.004494
          },
          "8": {
            "x": 0,
            "y": 0.066292
          },
          "9": {
            "x": 0,
            "y": 0.105618
          }
        },
        "instrument_type": "Grasper"
      },
      {
        "is_tti": 0,
        "non_interaction_tool": "Cautery (Hook, Spatula)",
        "instrument_polygon": {
          "0": {
            "x": 0.552734,
            "y": 0.748315
          },
          "1": {
            "x": 0.549805,
            "y": 0.755056
          },
          "10": {
            "x": 0.614258,
            "y": 0.873034
          },
          "11": {
            "x": 0.621094,
            "y": 0.879775
          },
          "12": {
            "x": 0.635742,
            "y": 0.886517
          },
          "13": {
            "x": 0.65332,
            "y": 0.889888
          },
          "14": {
            "x": 0.666016,
            "y": 0.895506
          },
          "15": {
            "x": 0.683594,
            "y": 0.898876
          },
          "16": {
            "x": 0.697266,
            "y": 0.905618
          },
          "17": {
            "x": 0.700195,
            "y": 0.905618
          },
          "18": {
            "x": 0.712891,
            "y": 0.913483
          },
          "19": {
            "x": 0.716797,
            "y": 0.913483
          },
          "2": {
            "x": 0.550781,
            "y": 0.759551
          },
          "20": {
            "x": 0.729492,
            "y": 0.917978
          },
          "21": {
            "x": 0.735352,
            "y": 0.917978
          },
          "22": {
            "x": 0.750977,