{
  "labels": {
    "31": [
      {
        "instrument_polygon": {
          "0": {
            "x": 0,
            "y": 0.423497
          },
          "1": {
            "x": 0,
            "y": 0.51776
          },
          "10": {
            "x": 0.057617,
            "y": 0.525956
          },
          "11": {
            "x": 0.070312,
            "y": 0.525956
          },
          "12": {
            "x": 0.072266,
            "y": 0.52459
          },
          "13": {
            "x": 0.073242,
            "y": 0.525956
          },
          "14": {
            "x": 0.089844,
            "y": 0.525956
          },
          "15": {
            "x": 0.092773,
            "y": 0.527322
          },
          "16": {
            "x": 0.094727,
            "y": 0.531421
          },
          "17": {
            "x": 0.104492,
            "y": 0.531421
          },
          "18": {
            "x": 0.108398,
            "y": 0.532787
          },
          "19": {
            "x": 0.110352,
            "y": 0.535519
          },
          "2": {
            "x": 0.005859,
            "y": 0.519126
          },
          "20": {
            "x": 0.121094,
            "y": 0.539617
          },
          "21": {
            "x": 0.142578,
            "y": 0.540984
          },
          "22": {
            "x": 0.143555,
            "y": 0.54235
          },
          "23": {
            "x": 0.160156,
            "y": 0.54235
          },
          "24": {
            "x": 0.161133,
            "y": 0.543716
          },
          "25": {
            "x": 0.170898,
            "y": 0.54235
          },
          "26": {
            "x": 0.171875,
            "y": 0.543716
          },
          "27": {
            "x": 0.176758,
            "y": 0.543716
          },
          "28": {
            "x": 0.182617,
            "y": 0.540984
          },
          "29": {
            "x": 0.188477,
            "y": 0.540984
          },
          "3": {
            "x": 0.006836,
            "y": 0.51776
          },
          "30": {
            "x": 0.189453,
            "y": 0.54235
          },
          "31": {
            "x": 0.203125,
            "y": 0.536885
          },
          "32": {
            "x": 0.205078,
            "y": 0.534153
          },
          "33": {
            "x": 0.208008,
            "y": 0.534153
          },
          "34": {
            "x": 0.214844,
            "y": 0.527322
          },
          "35": {
            "x": 0.214844,
            "y": 0.497268
          },
          "36": {
            "x": 0.210938,
            "y": 0.489071
          },
          "37": {
            "x": 0.205078,
            "y": 0.484973
          },
          "38": {
            "x": 0.208008,
            "y": 0.48224
          },
          "39": {
            "x": 0.206055,
            "y": 0.478142
          },
          "4": {
            "x": 0.029297,
            "y": 0.51776
          },
          "40": {
            "x": 0.203125,
            "y": 0.478142
          },
          "41": {
            "x": 0.202148,
            "y": 0.48224
          },
          "42": {
            "x": 0.204102,
            "y": 0.484973
          },
          "43": {
            "x": 0.202148,
            "y": 0.487705
          },
          "44": {
            "x": 0.200195,
            "y": 0.487705
          },
          "45": {
            "x": 0.193359,
            "y": 0.478142
          },
          "46": {
            "x": 0.188477,
            "y": 0.478142
          },
          "47": {
            "x": 0.186523,
            "y": 0.480874
          },
          "48": {
            "x": 0.181641,
            "y": 0.480874
          },
          "49": {
            "x": 0.176758,
            "y": 0.476776
          },
          "5": {
            "x": 0.036133,
            "y": 0.520492
          },
          "50": {
            "x": 0.167969,
            "y": 0.478142
          },
          "51": {
            "x": 0.157227,
            "y": 0.471311
          },
          "52": {
            "x": 0.154297,
            "y": 0.467213
          },
          "53": {
            "x": 0.143555,
            "y": 0.465847
          },
          "54": {
            "x": 0.142578,
            "y": 0.464481
          },
          "55": {
            "x": 0.133789,
            "y": 0.464481
          },
          "56": {
            "x": 0.129883,
            "y": 0.461749
          },
          "57": {
            "x": 0.125,
            "y": 0.461749
          },
          "58": {
            "x": 0.12207,
            "y": 0.459016
          },
          "59": {
            "x": 0.113281,
            "y": 0.459016
          },
          "6": {
            "x": 0.041992,
            "y": 0.519126
          },
          "60": {
            "x": 0.110352,
            "y": 0.45765
          },
          "61": {
            "x": 0.107422,
            "y": 0.460383
          },
          "62": {
            "x": 0.098633,
            "y": 0.460383
          },
          "63": {
            "x": 0.087891,
            "y": 0.454918
          },
          "64": {
            "x": 0.083984,
            "y": 0.449454
          },
          "65": {
            "x": 0.079102,
            "y": 0.449454
          },
          "66": {
            "x": 0.076172,
            "y": 0.446721
          },
          "67": {
            "x": 0.055664,
            "y": 0.442623
          },
          "68": {
            "x": 0.052734,
            "y": 0.438525
          },
          "69": {
            "x": 0.041016,
            "y": 0.438525
          },
          "7": {
            "x": 0.045898,
            "y": 0.52459
          },
          "70": {
            "x": 0.033203,
            "y": 0.43306
          },
          "71": {
            "x": 0.029297,
            "y": 0.435792
          },
          "72": {
            "x": 0.023438,
            "y": 0.435792
          },
          "73": {
            "x": 0.021484,
            "y": 0.430328
          },
          "74": {
            "x": 0.012695,
            "y": 0.430328
          },
          "75": {
            "x": 0.001953,
            "y": 0.423497
          },
          "8": {
            "x": 0.048828,
            "y": 0.525956
          },
          "9": {
            "x": 0.056641,
            "y": 0.52459
          }
        },
        "instrument_type": "Grasper"
      },
      {
        "is_tti": 1,
        "interaction_type": "Retract and grab",
        "interaction_tool": "Grasper",
        "tti_polygon": {
          "0": {
            "x": 0.1888268296516818,
            "y": 0.5834447573520131
          },
          "1": {
            "x": 0.1815378153778281,
            "y": 0.5747674886406663
          },
          "10": {
            "x": 0.15868643810205338,
            "y": 0.47014723747317927
          },
          "11": {
            "x": 0.16216159737588973,
            "y": 0.45962111889435814
          },
          "12": {
            "x": 0.16762306596055845,
            "y": 0.4503916603559257
          },
          "13": {
            "x": 0.17511318082183214,
            "y": 0.44577200082039625
          },
          "14": {
            "x": 0.1831219235138205,
            "y": 0.44473664489461057
          },
          "15": {
            "x": 0.1930887508727928,
            "y": 0.44473664489461057
          },
          "16": {
            "x": 0.20229351284785782,
            "y": 0.44473664489461057
          },
          "17": {
            "x": 0.21061272662217886,
            "y": 0.44473664489461057
          },
          "18": {
            "x": 0.2183921440828988,
            "y": 0.44739898870377376
          },
          "19": {
            "x": 0.22808378116434905,
            "y": 0.4570080777483276
          },
          "2": {
            "x": 0.1767219855211919,
            "y": 0.5659768238041145
          },