{
  "labels": {
    "0": [
      {
        "instrument_polygon": {
          "0": {
            "x": 0.4648559469393986,
            "y": 0.36314028801047626
          },
          "1": {
            "x": 0.5089032031045103,
            "y": 0.34584853286602996
          },
          "10": {
            "x": 0.4939084092293445,
            "y": 0.4810381388130876
          },
          "11": {
            "x": 0.5698195827164594,
            "y": 0.4653184693477791
          },
          "12": {
            "x": 0.8144223839264387,
            "y": 0.3599962815585992
          },
          "13": {
            "x": 0.8659670370291335,
            "y": 0.3521364138446652
          },
          "14": {
            "x": 0.9859255453322593,
            "y": 0.32384098242208603
          },
          "15": {
            "x": 0.9690563432345233,
            "y": 0.21223094663555062
          },
          "16": {
            "x": 0.9418783678180463,
            "y": 0.12420051399081715
          },
          "17": {
            "x": 0.9184490515449112,
            "y": 0.09747700334097723
          },
          "18": {
            "x": 0.8003647941625576,
            "y": 0.15563998484655311
          },
          "19": {
            "x": 0.7141446900549038,
            "y": 0.18865134349374862
          },
          "2": {
            "x": 0.5454530623320393,
            "y": 0.32384098242208603
          },
          "20": {
            "x": 0.6316731664396932,
            "y": 0.21380296635212903
          },
          "21": {
            "x": 0.5370184612831714,
            "y": 0.25310223895923956
          },
          "22": {
            "x": 0.4742276734486526,
            "y": 0.29711740580968665
          },
          "23": {
            "x": 0.4564213458905306,
            "y": 0.33798866515209597
          },
          "3": {
            "x": 0.5988720450064052,
            "y": 0.303405286788322
          },
          "4": {
            "x": 0.7085216226889919,
            "y": 0.2908295248310514
          },
          "5": {
            "x": 0.7122704391341318,
            "y": 0.3175530354808913
          },
          "6": {
            "x": 0.6513539808712838,
            "y": 0.3411326056414136
          },
          "7": {
            "x": 0.5595106520959204,
            "y": 0.3898637656790365
          },
          "8": {
            "x": 0.47985074081456447,
            "y": 0.42130317057221306
          },
          "9": {
            "x": 0.46298161736772747,
            "y": 0.45431459518196804
          }
        },
        "instrument_type": "Dissector"
      },
      {
        "is_tti": 1,
        "interaction_type": "Other",
        "interaction_tool": "Dissector",
        "tti_polygon": {
          "0": {
            "x": 0.4751648775599375,
            "y": 0.32226896270550764
          },
          "1": {
            "x": 0.4404893479040796,
            "y": 0.3552804202965423
          },
          "2": {
            "x": 0.4395522224436936,
            "y": 0.44173883322469737
          },
          "3": {
            "x": 0.4676674806223545,
            "y": 0.49675787424095563
          },
          "4": {
            "x": 0.5201493378363343,
            "y": 0.49518585452437724
          },
          "5": {
            "x": 0.5332698021398293,
            "y": 0.42759105155084837
          },
          "6": {
            "x": 0.5201493378363343,
            "y": 0.36314028801047626
          },
          "7": {
            "x": 0.49484553468973047,
            "y": 0.33484472466277826
          }
        }
      }
    ],
    "114780": [
      {
        "instrument_polygon": {
          "0": {
            "x": 0.6710345593501781,
            "y": 0.26724995467052914
          },
          "1": {
            "x": 0.8153597453395214,
            "y": 0.16035587908988974
          },
          "2": {
            "x": 0.9231349147995382,
            "y": 0.11162475203354655
          },
          "3": {
            "x": 0.9606219781383522,
            "y": 0.2200907813682049
          },
          "4": {
            "x": 0.9718679555683781,
            "y": 0.28139770336309844
          },
          "5": {
            "x": 0.8228570636262055,
            "y": 0.303405286788322
          },
          "6": {
            "x": 0.686966557336629,
            "y": 0.3552804202965423
          },
          "7": {
            "x": 0.671971763461463,
            "y": 0.3128371412375547
          }
        },
        "instrument_type": "Dissector"
      },
      {
        "is_tti": 1,
        "interaction_type": "Other",
        "interaction_tool": "Dissector",
        "tti_polygon": {
          "0": {
            "x": 0.668223025667222,
            "y": 0.2829696571171174
          },
          "1": {
            "x": 0.6232387226926229,
            "y": 0.2986893925449854
          },
          "2": {
            "x": 0.604495191023216,
            "y": 0.3254129031948253
          },
          "3": {
            "x": 0.6110553051986152,
            "y": 0.39300767318707447
          },
          "4": {
            "x": 0.6579140950466831,
            "y": 0.41029942833152083
          },
          "5": {
            "x": 0.6860293532253441,
            "y": 0.36942810302655216
          },
          "6": {
            "x": 0.681343489970717,
            "y": 0.30654922727763967
          }
        }
      }
    ],
    "53704": [
      {
        "instrument_polygon": {
          "0": {
            "x": 0.5829400470199543,
            "y": 0.30969320074823703
          },
          "1": {
            "x": 0.62792458594725,
            "y": 0.25467415973197877
          },
          "10": {
            "x": 0.5876259102745813,
            "y": 0.34899247335534755
          },
          "2": {
            "x": 0.7216421656433857,
            "y": 0.21537488712486827
          },
          "3": {
            "x": 0.8800247840948124,
            "y": 0.1493520708866381
          },
          "4": {
            "x": 0.9456270269613883,
            "y": 0.13048842795073218
          },
          "5": {
            "x": 0.9765538188230052,
            "y": 0.2829696571171174
          },
          "6": {
            "x": 0.8678414452517035,
            "y": 0.32855684368414295
          },
          "7": {
            "x": 0.7759982737781377,
            "y": 0.3537084005799639
          },
          "8": {
            "x": 0.646668117616657,
            "y": 0.3788600234383443
          },
          "9": {
            "x": 0.5773169796540424,
            "y": 0.3867198581709986
          }
        },
        "instrument_type": "Dissector"
      },
      {
        "is_tti": 1,
        "interaction_type": "Other",
        "interaction_tool": "Dissector",
        "tti_polygon": {
          "0": {
            "x": 0.5810657174482833,
            "y": 0.293973465320369
          },
          "1": {
            "x": 0.5285838602343034,
            "y": 0.3128371412375547
          },
          "2": {
            "x": 0.49484553468973047,
            "y": 0.33012883041944163
          },
          "3": {
            "x": 0.5051544653102694,
            "y": 0.3710001227431306
          },
          "4": {
            "x": 0.5510761296979513,
            "y": 0.3772880037217659
          },
          "5": {
            "x": 0.5932489776404932,
            "y": 0.34899247335534755
          },
          "6": {
            "x": 0.595123464513962,
            "y": 0.326984889930124
          }
        }
      }
    ]
  }
}