{
  "labels": {
    "84": [
      {
        "is_tti": 0,
        "non_interaction_tool": "Cautery (Hook, Spatula)",
        "tti_polygon": {
          "0": {
            "x": 0.745117,
            "y": 0
          },
          "1": {
            "x": 0.737305,
            "y": 0.010116
          },
          "2": {
            "x": 0.729492,
            "y": 0.013006
          },
          "3": {
            "x": 0.724609,
            "y": 0.020231
          },
          "4": {
            "x": 0.713867,
            "y": 0.028902
          },
          "5": {
            "x": 0.706055,
            "y": 0.041908
          },
          "6": {
            "x": 0.701172,
            "y": 0.043353
          },
          "7": {
            "x": 0.697266,
            "y": 0.050578
          },
          "8": {
            "x": 0.6875,
            "y": 0.059249
          },
          "9": {
            "x": 0.68457,
            "y": 0.065029
          },
          "10": {
            "x": 0.681641,
            "y": 0.066474
          },
          "11": {
            "x": 0.674805,
            "y": 0.075145
          },
          "12": {
            "x": 0.669922,
            "y": 0.078035
          },
          "13": {
            "x": 0.668945,
            "y": 0.080925
          },
          "14": {
            "x": 0.666016,
            "y": 0.08237
          },
          "15": {
            "x": 0.657227,
            "y": 0.092486
          },
          "16": {
            "x": 0.654297,
            "y": 0.098266
          },
          "17": {
            "x": 0.648438,
            "y": 0.102601
          },
          "18": {
            "x": 0.628906,
            "y": 0.125723
          },
          "19": {
            "x": 0.617188,
            "y": 0.135838
          },
          "20": {
            "x": 0.611328,
            "y": 0.144509
          },
          "21": {
            "x": 0.584961,
            "y": 0.16763
          },
          "22": {
            "x": 0.580078,
            "y": 0.174855
          },
          "23": {
            "x": 0.578125,
            "y": 0.174855
          },
          "24": {
            "x": 0.571289,
            "y": 0.183526
          },
          "25": {
            "x": 0.552734,
            "y": 0.199422
          },
          "26": {
            "x": 0.549805,
            "y": 0.205202
          },
          "27": {
            "x": 0.537109,
            "y": 0.215318
          },
          "28": {
            "x": 0.533203,
            "y": 0.221098
          },
          "29": {
            "x": 0.52832,
            "y": 0.222543
          },
          "30": {
            "x": 0.522461,
            "y": 0.226879
          },
          "31": {
            "x": 0.516602,
            "y": 0.234104
          },
          "32": {
            "x": 0.507812,
            "y": 0.238439
          },
          "33": {
            "x": 0.500977,
            "y": 0.24711
          },
          "34": {
            "x": 0.49707,
            "y": 0.248555
          },
          "35": {
            "x": 0.486328,
            "y": 0.260116
          },
          "36": {
            "x": 0.482422,
            "y": 0.260116
          },
          "37": {
            "x": 0.478516,
            "y": 0.263006
          },
          "38": {
            "x": 0.475586,
            "y": 0.268786
          },
          "39": {
            "x": 0.464844,
            "y": 0.276012
          },
          "40": {
            "x": 0.453125,
            "y": 0.294798
          },
          "41": {
            "x": 0.451172,
            "y": 0.294798
          },
          "42": {
            "x": 0.428711,
            "y": 0.328035
          },
          "43": {
            "x": 0.407227,
            "y": 0.352601
          },
          "44": {
            "x": 0.401367,
            "y": 0.364162
          },
          "45": {
            "x": 0.388672,
            "y": 0.375723
          },
          "46": {
            "x": 0.367188,
            "y": 0.40896
          },
          "47": {
            "x": 0.364258,
            "y": 0.419075
          },
          "48": {
            "x": 0.362305,
            "y": 0.434971
          },
          "49": {
            "x": 0.359375,
            "y": 0.439306
          },
          "50": {
            "x": 0.356445,
            "y": 0.462428
          },
          "51": {
            "x": 0.357422,
            "y": 0.473988
          },
          "52": {
            "x": 0.355469,
            "y": 0.504335
          },
          "53": {
            "x": 0.359375,
            "y": 0.510116
          },
          "54": {
            "x": 0.365234,
            "y": 0.511561
          },
          "55": {
            "x": 0.371094,
            "y": 0.504335
          },
          "56": {
            "x": 0.370117,
            "y": 0.495665
          },
          "57": {
            "x": 0.373047,
            "y": 0.485549
          },
          "58": {
            "x": 0.373047,
            "y": 0.475434
          },
          "59": {
            "x": 0.375977,
            "y": 0.466763
          },
          "60": {
            "x": 0.390625,
            "y": 0.447977
          },
          "61": {
            "x": 0.395508,
            "y": 0.446532
          },
          "62": {
            "x": 0.404297,
            "y": 0.439306
          },
          "63": {
            "x": 0.40918,
            "y": 0.439306
          },
          "64": {
            "x": 0.417969,
            "y": 0.433526
          },
          "65": {
            "x": 0.423828,
            "y": 0.433526
          },
          "66": {
            "x": 0.428711,
            "y": 0.429191
          },
          "67": {
            "x": 0.430664,
            "y": 0.429191
          },
          "68": {
            "x": 0.442383,
            "y": 0.416185
          },
          "69": {
            "x": 0.447266,
            "y": 0.41474
          },
          "70": {
            "x": 0.451172,
            "y": 0.410405
          },
          "71": {
            "x": 0.455078,
            "y": 0.410405
          },
          "72": {
            "x": 0.459961,
            "y": 0.407514
          },
          "73": {
            "x": 0.464844,
            "y": 0.401734
          },
          "74": {
            "x": 0.469727,
            "y": 0.401734
          },
          "75": {
            "x": 0.477539,
            "y": 0.394509
          },
          "76": {
            "x": 0.485352,
            "y": 0.393064
          },
          "77": {
            "x": 0.493164,
            "y": 0.384393
          },
          "78": {
            "x": 0.50293,
            "y": 0.380058
          },
          "79": {
            "x": 0.504883,
            "y": 0.377168
          },
          "80": {
            "x": 0.524414,
            "y": 0.365607
          },
          "81": {
            "x": 0.537109,
            "y": 0.348266
          },
          "82": {
            "x": 0.541016,
            "y": 0.345376
          },
          "83": {
            "x": 0.543945,
            "y": 0.339595
          },
          "84": {
            "x": 0.549805,
            "y": 0.33526
          },
          "85": {
            "x": 0.561523,
            "y": 0.319364
          },
          "86": {
            "x": 0.571289,
            "y": 0.312139
          },
          "87": {
            "x": 0.576172,
            "y": 0.304913
          },
          "88": {
            "x": 0.585938,
            "y": 0.297688
          },
          "89": {
            "x": 0.591797,
            "y": 0.289017
          },
          "90": {
            "x": 0.602539,
            "y": 0.280347
          },
          "91": {
            "x": 0.607422,
            "y": 0.273121
          },
          "92": {
            "x": 0.610352,
            "y": 0.273121
          },
          "93": {
            "x": 0.617188,