{
  "labels": {
    "0": [
      {
        "instrument_polygon": {
          "0": {
            "x": 0.864258,
            "y": 0.086093
          },
          "1": {
            "x": 0.863281,
            "y": 0.087748
          },
          "2": {
            "x": 0.855469,
            "y": 0.087748
          },
          "3": {
            "x": 0.849609,
            "y": 0.09106
          },
          "4": {
            "x": 0.842773,
            "y": 0.09106
          },
          "5": {
            "x": 0.836914,
            "y": 0.094371
          },
          "6": {
            "x": 0.832031,
            "y": 0.094371
          },
          "7": {
            "x": 0.829102,
            "y": 0.097682
          },
          "8": {
            "x": 0.822266,
            "y": 0.099338
          },
          "9": {
            "x": 0.814453,
            "y": 0.10596
          },
          "10": {
            "x": 0.80957,
            "y": 0.107616
          },
          "11": {
            "x": 0.804688,
            "y": 0.112583
          },
          "12": {
            "x": 0.802734,
            "y": 0.112583
          },
          "13": {
            "x": 0.800781,
            "y": 0.115894
          },
          "14": {
            "x": 0.797852,
            "y": 0.115894
          },
          "15": {
            "x": 0.793945,
            "y": 0.120861
          },
          "16": {
            "x": 0.78125,
            "y": 0.130795
          },
          "17": {
            "x": 0.768555,
            "y": 0.147351
          },
          "18": {
            "x": 0.762695,
            "y": 0.157285
          },
          "19": {
            "x": 0.757812,
            "y": 0.17053
          },
          "20": {
            "x": 0.754883,
            "y": 0.173841
          },
          "21": {
            "x": 0.755859,
            "y": 0.177152
          },
          "22": {
            "x": 0.750977,
            "y": 0.183775
          },
          "23": {
            "x": 0.74707,
            "y": 0.18543
          },
          "24": {
            "x": 0.74707,
            "y": 0.188742
          },
          "25": {
            "x": 0.736328,
            "y": 0.215232
          },
          "26": {
            "x": 0.736328,
            "y": 0.220199
          },
          "27": {
            "x": 0.731445,
            "y": 0.228477
          },
          "28": {
            "x": 0.729492,
            "y": 0.238411
          },
          "29": {
            "x": 0.723633,
            "y": 0.251656
          },
          "30": {
            "x": 0.717773,
            "y": 0.284768
          },
          "31": {
            "x": 0.709961,
            "y": 0.309603
          },
          "32": {
            "x": 0.709961,
            "y": 0.317881
          },
          "33": {
            "x": 0.707031,
            "y": 0.322848
          },
          "34": {
            "x": 0.707031,
            "y": 0.331126
          },
          "35": {
            "x": 0.704102,
            "y": 0.339404
          },
          "36": {
            "x": 0.705078,
            "y": 0.344371
          },
          "37": {
            "x": 0.691406,
            "y": 0.390728
          },
          "38": {
            "x": 0.69043,
            "y": 0.405629
          },
          "39": {
            "x": 0.693359,
            "y": 0.423841
          },
          "40": {
            "x": 0.700195,
            "y": 0.43543
          },
          "41": {
            "x": 0.708008,
            "y": 0.440397
          },
          "42": {
            "x": 0.716797,
            "y": 0.442053
          },
          "43": {
            "x": 0.717773,
            "y": 0.440397
          },
          "44": {
            "x": 0.720703,
            "y": 0.440397
          },
          "45": {
            "x": 0.724609,
            "y": 0.437086
          },
          "46": {
            "x": 0.729492,
            "y": 0.428808
          },
          "47": {
            "x": 0.739258,
            "y": 0.392384
          },
          "48": {
            "x": 0.746094,
            "y": 0.377483
          },
          "49": {
            "x": 0.746094,
            "y": 0.372517
          },
          "50": {
            "x": 0.753906,
            "y": 0.362583
          },
          "51": {
            "x": 0.761719,
            "y": 0.344371
          },
          "52": {
            "x": 0.761719,
            "y": 0.339404
          },
          "53": {
            "x": 0.766602,
            "y": 0.331126
          },
          "54": {
            "x": 0.768555,
            "y": 0.316225
          },
          "55": {
            "x": 0.776367,
            "y": 0.298013
          },
          "56": {
            "x": 0.783203,
            "y": 0.266556
          },
          "57": {
            "x": 0.791992,
            "y": 0.25
          },
          "58": {
            "x": 0.797852,
            "y": 0.230132
          },
          "59": {
            "x": 0.808594,
            "y": 0.213576
          },
          "60": {
            "x": 0.821289,
            "y": 0.200331
          },
          "61": {
            "x": 0.836914,
            "y": 0.178808
          },
          "62": {
            "x": 0.841797,
            "y": 0.177152
          },
          "63": {
            "x": 0.855469,
            "y": 0.165563
          },
          "64": {
            "x": 0.858398,
            "y": 0.165563
          },
          "65": {
            "x": 0.859375,
            "y": 0.163907
          },
          "66": {
            "x": 0.874023,
            "y": 0.163907
          },
          "67": {
            "x": 0.875,
            "y": 0.162252
          },
          "68": {
            "x": 0.878906,
            "y": 0.162252
          },
          "69": {
            "x": 0.879883,
            "y": 0.163907
          },
          "70": {
            "x": 0.886719,
            "y": 0.163907
          },
          "71": {
            "x": 0.887695,
            "y": 0.165563
          },
          "72": {
            "x": 0.897461,
            "y": 0.167219
          },
          "73": {
            "x": 0.898438,
            "y": 0.168874
          },
          "74": {
            "x": 0.907227,
            "y": 0.168874
          },
          "75": {
            "x": 0.908203,
            "y": 0.17053
          },
          "76": {
            "x": 0.918945,
            "y": 0.172185
          },
          "77": {
            "x": 0.919922,
            "y": 0.173841
          },
          "78": {
            "x": 0.922852,
            "y": 0.172185
          },
          "79": {
            "x": 0.930664,
            "y": 0.177152
          },
          "80": {
            "x": 0.93457,
            "y": 0.177152
          },
          "81": {
            "x": 0.939453,
            "y": 0.182119
          },
          "82": {
            "x": 0.942383,
            "y": 0.182119
          },
          "83": {
            "x": 0.946289,
            "y": 0.187086
          },
          "84": {
            "x": 0.950195,
            "y": 0.187086
          },
          "85": {
            "x": 0.954102,
            "y": 0.190397
          },
          "86": {
            "x": 0.957031,
            "y": 0.190397
          },
          "87": {
            "x": 0.961914,
            "y": 0.195364
          },
          "88": {
            "x": 0.96582,
            "y": 0.195364
          },
          "89": {
            "x": 0.976562,
            "y": 0.203642
          },
          "90": {
            "x": 0.984375,
            "y": 0.205298
          },
          "91": {
            "x": 0.994141,
            "y": 0.211921
          },
          "92": {
            "x": 0.999023,
            "y": 0.211921
          },
          "93": {
            "x": 0.999023,
            "y": 0.13245
          },
          "94": {
            "x": 0.993164,