{
  "labels": {
    "0": [
      {
        "instrument_polygon": {
          "0": {
            "x": 0.8311921503923687,
            "y": 0.2785993844024406
          },
          "1": {
            "x": 0.9500538980629807,
            "y": 0.18290563768384352
          },
          "2": {
            "x": 1,
            "y": 0.4160504434460295
          },
          "3": {
            "x": 0.9878735450490846,
            "y": 0.7675076120052196
          },
          "4": {
            "x": 0.9068314443645764,
            "y": 1
          },
          "5": {
            "x": 0.8106613859572811,
            "y": 0.9989126237800401
          },
          "6": {
            "x": 0.7501500497078606,
            "y": 0.8075249976000094
          },
          "7": {
            "x": 0.7134108651358714,
            "y": 0.6544149630274032
          },
          "8": {
            "x": 0.7069275960094563,
            "y": 0.4856459197400704
          },
          "9": {
            "x": 0.729619285272773,
            "y": 0.41083079599826006
          },
          "10": {
            "x": 0.7760834559746729,
            "y": 0.3464550003376978
          },
          "11": {
            "x": 0.8052585792449806,
            "y": 0.30643758155719875
          }
        },
        "instrument_type": "Cautery (Hook, Spatula)"
      },
      {
        "is_tti": 1,
        "interaction_type": "Blunt dissection",
        "interaction_tool": "Cautery (Hook, Spatula)",
        "tti_polygon": {
          "0": {
            "x": 0.7415055259920645,
            "y": 0.06633318502418682
          },
          "1": {
            "x": 0.6820746521567587,
            "y": 0.10635058721183123
          },
          "2": {
            "x": 0.6085964478933561,
            "y": 0.25946065497014664
          },
          "3": {
            "x": 0.6204826061723597,
            "y": 0.40909093563947635
          },
          "4": {
            "x": 0.6874774588690592,
            "y": 0.48912570682905604
          },
          "5": {
            "x": 0.7663584698447623,
            "y": 0.4021313614615049
          },
          "6": {
            "x": 0.8247087163853777,
            "y": 0.24728149971582414
          },
          "7": {
            "x": 0.8744146040907732,
            "y": 0.21770337583086397
          },
          "8": {
            "x": 0.797694682823875,
            "y": 0.09939104621956897
          }
        }
      },
      {}
    ],
    "59": [
      {
        "instrument_polygon": {
          "0": {
            "x": 0.8214669993818822,
            "y": 0.2542409743366681
          },
          "1": {
            "x": 0.925200954210283,
            "y": 0.1985646132128609
          },
          "2": {
            "x": 0.9662623181998823,
            "y": 0.20030450675735373
          },
          "3": {
            "x": 1,
            "y": 0.40909093563947635
          },
          "4": {
            "x": 0.9900346347578894,
            "y": 0.7205306522324583
          },
          "5": {
            "x": 0.9176370577891775,
            "y": 1
          },
          "6": {
            "x": 0.8646894530802867,
            "y": 1
          },
          "7": {
            "x": 0.7652778425500718,
            "y": 0.8005654897934563
          },
          "8": {
            "x": 0.6939607279954743,
            "y": 0.6665941846531439
          },
          "9": {
            "x": 0.7231360161463579,
            "y": 0.4160504434460295
          },
          "10": {
            "x": 0.7631167528412667,
            "y": 0.33079599162297124
          },
          "11": {
            "x": 0.8203865369677676,
            "y": 0.2768595240436569
          }
        },
        "instrument_type": "Cautery (Hook, Spatula)"
      },
      {
        "is_tti": 1,
        "interaction_type": "Blunt dissection",
        "interaction_tool": "Cautery (Hook, Spatula)",
        "tti_polygon": {
          "0": {
            "x": 0.7134108651358714,
            "y": 0.1254893498298343
          },
          "1": {
            "x": 0.5967102896143526,
            "y": 0.1707264160581027
          },
          "2": {
            "x": 0.5361987884843559,
            "y": 0.30643758155719875
          },
          "3": {
            "x": 0.5664545390493542,
            "y": 0.46302740321879077
          },
          "4": {
            "x": 0.6507382742970699,
            "y": 0.48042627229230095
          },
          "5": {
            "x": 0.7685195595535672,
            "y": 0.38995213983576416
          },
          "6": {
            "x": 0.804178116830866,
            "y": 0.3012179341094294
          },
          "7": {
            "x": 0.7879696966939644,
            "y": 0.23684210526315788
          }
        }
      },
      {}
    ],
    "150": [
      {
        "instrument_polygon": {
          "0": {
            "x": 0.8463199432345799,
            "y": 0.24206178589663646
          },
          "1": {
            "x": 0.7263775682692775,
            "y": 0.4038712881917069
          },
          "2": {
            "x": 0.6928802655813597,
            "y": 0.6335363068649073
          },
          "3": {
            "x": 0.7685195595535672,
            "y": 0.7988255630632543
          },
          "4": {
            "x": 0.9089925340733815,
            "y": 1
          },
          "5": {
            "x": 1,
            "y": 0.6457155284906481
          },
          "6": {
            "x": 1,
            "y": 0.37777298458144165
          },
          "7": {
            "x": 0.9468121810594852,
            "y": 0.17246630960259557
          }
        },
        "instrument_type": "Cautery (Hook, Spatula)"
      },
      {
        "is_tti": 1,
        "interaction_type": "Blunt dissection",
        "interaction_tool": "Cautery (Hook, Spatula)",
        "tti_polygon": {
          "0": {
            "x": 0.736102719279764,
            "y": 0.167246628969117
          },
          "1": {
            "x": 0.5999519241775599,
            "y": 0.2542409743366681
          },
          "2": {
            "x": 0.6334493917460537,
            "y": 0.4752066248445315
          },
          "3": {
            "x": 0.7058469687147657,
            "y": 0.5221835846172928
          },
          "4": {
            "x": 0.7944529658203795,
            "y": 0.32905613126418753
          },
          "5": {
            "x": 0.8301115230976784,
            "y": 0.2559809342525793
          },
          "6": {
            "x": 0.7825668899816639,
            "y": 0.18986517867610578
          },
          "7": {
            "x": 0.7512305121219753,
            "y": 0.16028708797685473
          }
        }
      },
      {}
    ]
  }
}