{
  "labels": {
    "115": [
      {
        "is_tti": 0,
        "non_interaction_tool": "Dissector",
        "instrument_polygon": {
          "0": {
            "x": 0.9356248478389404,
            "y": 0.21798744019138758
          },
          "1": {
            "x": 0.7309913572518099,
            "y": 0.2613785885167464
          },
          "2": {
            "x": 0.6289420583106023,
            "y": 0.28008871610845293
          },
          "3": {
            "x": 0.5509012126925925,
            "y": 0.2991327751196173
          },
          "4": {
            "x": 0.4906311485489424,
            "y": 0.3134220494417863
          },
          "5": {
            "x": 0.4591012808855899,
            "y": 0.337265749601276
          },
          "6": {
            "x": 0.41531414116571524,
            "y": 0.3965909090909091
          },
          "7": {
            "x": 0.4118620259406659,
            "y": 0.41650219298245617
          },
          "8": {
            "x": 0.41905016098019054,
            "y": 0.4534738835725678
          },
          "9": {
            "x": 0.4363436535795734,
            "y": 0.4620115629984052
          },
          "10": {
            "x": 0.45577671699781885,
            "y": 0.44609748803827753
          },
          "11": {
            "x": 0.4835253046947587,
            "y": 0.4238337320574163
          },
          "12": {
            "x": 0.5033862822767766,
            "y": 0.41051136363636365
          },
          "13": {
            "x": 0.5157217309593723,
            "y": 0.41437898724082933
          },
          "14": {
            "x": 0.5483419568284915,
            "y": 0.4446172248803828
          },
          "15": {
            "x": 0.5830811807201379,
            "y": 0.4542513955342903
          },
          "16": {
            "x": 0.6264445208355072,
            "y": 0.4559758771929825
          },
          "17": {
            "x": 0.6643190388886405,
            "y": 0.45984848484848484
          },
          "18": {
            "x": 0.7432486293083318,
            "y": 0.470713716108453
          },
          "19": {
            "x": 0.7894469007586937,
            "y": 0.4749202551834131
          },
          "20": {
            "x": 0.8108220361509836,
            "y": 0.47716307814992026
          },
          "21": {
            "x": 0.9265316718587747,
            "y": 0.48773923444976075
          },
          "22": {
            "x": 0.9815515583776775,
            "y": 0.48773923444976075
          },
          "23": {
            "x": 0.9925209733836149,
            "y": 0.46080542264752794
          },
          "24": {
            "x": 0.9853492965811584,
            "y": 0.3919856459330144
          },
          "25": {
            "x": 0.9818478066449046,
            "y": 0.34264852472089313
          },
          "26": {
            "x": 0.9653484239840612,
            "y": 0.2864683014354067
          },
          "27": {
            "x": 0.9480878478588145,
            "y": 0.24919756778309413
          }
        }
      }
    ]
  }
}