{
  "labels": {
    "26": [
      {
        "is_tti": 0,
        "non_interaction_tool": "Cautery (Hook, Spatula)",
        "instrument_polygon": {
          "0": {
            "x": 0.602539,
            "y": 0
          },
          "1": {
            "x": 0.592773,
            "y": 0.013006
          },
          "2": {
            "x": 0.589844,
            "y": 0.021676
          },
          "3": {
            "x": 0.584961,
            "y": 0.026012
          },
          "4": {
            "x": 0.583008,
            "y": 0.033237
          },
          "5": {
            "x": 0.561523,
            "y": 0.066474
          },
          "6": {
            "x": 0.556641,
            "y": 0.075145
          },
          "7": {
            "x": 0.554688,
            "y": 0.08237
          },
          "8": {
            "x": 0.542969,
            "y": 0.099711
          },
          "9": {
            "x": 0.540039,
            "y": 0.101156
          },
          "10": {
            "x": 0.537109,
            "y": 0.108382
          },
          "11": {
            "x": 0.530273,
            "y": 0.117052
          },
          "12": {
            "x": 0.527344,
            "y": 0.127168
          },
          "13": {
            "x": 0.522461,
            "y": 0.132948
          },
          "14": {
            "x": 0.519531,
            "y": 0.141618
          },
          "15": {
            "x": 0.5,
            "y": 0.17052
          },
          "16": {
            "x": 0.498047,
            "y": 0.177746
          },
          "17": {
            "x": 0.483398,
            "y": 0.199422
          },
          "18": {
            "x": 0.482422,
            "y": 0.203757
          },
          "19": {
            "x": 0.47168,
            "y": 0.218208
          },
          "20": {
            "x": 0.461914,
            "y": 0.236994
          },
          "21": {
            "x": 0.455078,
            "y": 0.241329
          },
          "22": {
            "x": 0.446289,
            "y": 0.25289
          },
          "23": {
            "x": 0.441406,
            "y": 0.254335
          },
          "24": {
            "x": 0.430664,
            "y": 0.263006
          },
          "25": {
            "x": 0.426758,
            "y": 0.270231
          },
          "26": {
            "x": 0.422852,
            "y": 0.271676
          },
          "27": {
            "x": 0.411133,
            "y": 0.283237
          },
          "28": {
            "x": 0.400391,
            "y": 0.290462
          },
          "29": {
            "x": 0.392578,
            "y": 0.300578
          },
          "30": {
            "x": 0.386719,
            "y": 0.303468
          },
          "31": {
            "x": 0.380859,
            "y": 0.310694
          },
          "32": {
            "x": 0.376953,
            "y": 0.312139
          },
          "33": {
            "x": 0.368164,
            "y": 0.323699
          },
          "34": {
            "x": 0.364258,
            "y": 0.33526
          },
          "35": {
            "x": 0.360352,
            "y": 0.33815
          },
          "36": {
            "x": 0.359375,
            "y": 0.343931
          },
          "37": {
            "x": 0.356445,
            "y": 0.348266
          },
          "38": {
            "x": 0.352539,
            "y": 0.349711
          },
          "39": {
            "x": 0.350586,
            "y": 0.346821
          },
          "40": {
            "x": 0.345703,
            "y": 0.345376
          },
          "41": {
            "x": 0.335938,
            "y": 0.330925
          },
          "42": {
            "x": 0.325195,
            "y": 0.310694
          },
          "43": {
            "x": 0.321289,
            "y": 0.296243
          },
          "44": {
            "x": 0.31543,
            "y": 0.283237
          },
          "45": {
            "x": 0.30957,
            "y": 0.278902
          },
          "46": {
            "x": 0.308594,
            "y": 0.280347
          },
          "47": {
            "x": 0.299805,
            "y": 0.280347
          },
          "48": {
            "x": 0.298828,
            "y": 0.281792
          },
          "49": {
            "x": 0.292969,
            "y": 0.281792
          },
          "50": {
            "x": 0.291016,
            "y": 0.283237
          },
          "51": {
            "x": 0.288086,
            "y": 0.303468
          },
          "52": {
            "x": 0.289062,
            "y": 0.315029
          },
          "53": {
            "x": 0.291016,
            "y": 0.317919
          },
          "54": {
            "x": 0.290039,
            "y": 0.320809
          },
          "55": {
            "x": 0.294922,
            "y": 0.325145
          },
          "56": {
            "x": 0.295898,
            "y": 0.323699
          },
          "57": {
            "x": 0.298828,
            "y": 0.323699
          },
          "58": {
            "x": 0.299805,
            "y": 0.32948
          },
          "59": {
            "x": 0.303711,
            "y": 0.33237
          },
          "60": {
            "x": 0.318359,
            "y": 0.354046
          },
          "61": {
            "x": 0.322266,
            "y": 0.362717
          },
          "62": {
            "x": 0.327148,
            "y": 0.369942
          },
          "63": {
            "x": 0.333984,
            "y": 0.375723
          },
          "64": {
            "x": 0.338867,
            "y": 0.377168
          },
          "65": {
            "x": 0.344727,
            "y": 0.382948
          },
          "66": {
            "x": 0.349609,
            "y": 0.382948
          },
          "67": {
            "x": 0.360352,
            "y": 0.391618
          },
          "68": {
            "x": 0.369141,
            "y": 0.394509
          },
          "69": {
            "x": 0.37793,
            "y": 0.400289
          },
          "70": {
            "x": 0.380859,
            "y": 0.400289
          },
          "71": {
            "x": 0.383789,
            "y": 0.403179
          },
          "72": {
            "x": 0.391602,
            "y": 0.403179
          },
          "73": {
            "x": 0.398438,
            "y": 0.400289
          },
          "74": {
            "x": 0.40332,
            "y": 0.400289
          },
          "75": {
            "x": 0.415039,
            "y": 0.391618
          },
          "76": {
            "x": 0.420898,
            "y": 0.390173
          },
          "77": {
            "x": 0.426758,
            "y": 0.382948
          },
          "78": {
            "x": 0.429688,
            "y": 0.382948
          },
          "79": {
            "x": 0.43457,
            "y": 0.380058
          },
          "80": {
            "x": 0.47168,
            "y": 0.349711
          },
          "81": {
            "x": 0.512695,
            "y": 0.328035
          },
          "82": {
            "x": 0.517578,
            "y": 0.328035
          },
          "83": {
            "x": 0.520508,
            "y": 0.323699
          },
          "84": {
            "x": 0.527344,
            "y": 0.320809
          },
          "85": {
            "x": 0.541016,
            "y": 0.310694
          },
          "86": {
            "x": 0.547852,
            "y": 0.303468
          },
          "87": {
            "x": 0.549805,
            "y": 0.303468
          },
          "88": {
            "x": 0.551758,
            "y": 0.300578
          },
          "89": {
            "x": 0.55957,
            "y": 0.296243
          },
          "90": {
            "x": 0.564453,
            "y": 0.290462
          },
          "91": {
            "x": 0.572266,
            "y": 0.287572
          },
          "92": {
            "x": 0.583984,
            "y": 0.278902
          },
          "93": {
            "x": 0.585938,