{
  "labels": {
    "99": [
      {
        "is_tti": 0,
        "non_interaction_tool": "Cautery (Hook, Spatula)",
        "instrument_polygon": {
          "0": {
            "x": 0.5477684581657982,
            "y": 0.5467487851823805
          },
          "1": {
            "x": 0.5507910714035288,
            "y": 0.5357641518364256
          },
          "2": {
            "x": 0.552585093579272,
            "y": 0.5243111431907106
          },
          "3": {
            "x": 0.5549340759222197,
            "y": 0.5130652057301528
          },
          "4": {
            "x": 0.5585430621668078,
            "y": 0.501804477470655
          },
          "5": {
            "x": 0.5614470046769602,
            "y": 0.4907606809289411
          },
          "6": {
            "x": 0.5635691165113023,
            "y": 0.47600932411965163
          },
          "7": {
            "x": 0.5662601497749169,
            "y": 0.463520959548151
          },
          "8": {
            "x": 0.5688010994713001,
            "y": 0.4527779092515461
          },
          "9": {
            "x": 0.5705951216470433,
            "y": 0.4403487078758046
          },
          "10": {
            "x": 0.5742250497847335,
            "y": 0.42775680771172536
          },
          "11": {
            "x": 0.5760400138535787,
            "y": 0.4157417487062981
          },
          "12": {
            "x": 0.5788706597378739,
            "y": 0.4027948693676638
          },
          "13": {
            "x": 0.579959638179181,
            "y": 0.3908833459548151
          },
          "14": {
            "x": 0.5822562657893735,
            "y": 0.3788633566830746
          },
          "15": {
            "x": 0.5854010400701994,
            "y": 0.36561573109933104
          },
          "16": {
            "x": 0.5891601098820193,
            "y": 0.35519807837940176
          },
          "17": {
            "x": 0.5930308697903833,
            "y": 0.3452389404266061
          },
          "18": {
            "x": 0.5980045694021225,
            "y": 0.33329290514956456
          },
          "19": {
            "x": 0.6045803238361692,
            "y": 0.3176195885396946
          },
          "20": {
            "x": 0.6096412813358337,
            "y": 0.308666224914805
          },
          "21": {
            "x": 0.614318304128627,
            "y": 0.29868736589675626
          },
          "22": {
            "x": 0.6218783275384706,
            "y": 0.28696319260381165
          },
          "23": {
            "x": 0.6300142530086207,
            "y": 0.2778471301905844
          },
          "24": {
            "x": 0.6405759477630929,
            "y": 0.2687951612394295
          },
          "25": {
            "x": 0.6467468255971663,
            "y": 0.2595164000378644
          },
          "26": {
            "x": 0.6545197582535476,
            "y": 0.25202239524170134
          },
          "27": {
            "x": 0.6631408375805623,
            "y": 0.24348810425343934
          },
          "28": {
            "x": 0.670124958930099,
            "y": 0.23739922535655683
          },
          "29": {
            "x": 0.6796395590294682,
            "y": 0.22910158715133155
          },
          "30": {
            "x": 0.6923512881424185,
            "y": 0.21765350877192985
          },
          "31": {
            "x": 0.7034749236951293,
            "y": 0.2039029960242332
          },
          "32": {
            "x": 0.7120960030221438,
            "y": 0.19611810551558753
          },
          "33": {
            "x": 0.7199910967216203,
            "y": 0.18962494478101727
          },
          "34": {
            "x": 0.7276139458107701,
            "y": 0.18393541745550926
          },
          "35": {
            "x": 0.7376346416601056,
            "y": 0.17679146156758804
          },
          "36": {
            "x": 0.7485314067042107,
            "y": 0.17158510034078
          },
          "37": {
            "x": 0.7562833974674897,
            "y": 0.16493910135049855
          },
          "38": {
            "x": 0.7636723954169998,
            "y": 0.15956511106903945
          },
          "39": {
            "x": 0.7712952445061496,
            "y": 0.151449892717405
          },
          "40": {
            "x": 0.7808098446055187,
            "y": 0.1383304540578064
          },
          "41": {
            "x": 0.7903209543893708,
            "y": 0.12981095386848415
          },
          "42": {
            "x": 0.7981706739871263,
            "y": 0.12008353843241196
          },
          "43": {
            "x": 0.8068196758382769,
            "y": 0.11081956802978668
          },
          "44": {
            "x": 0.813503630053351,
            "y": 0.1028177458033573
          },
          "45": {
            "x": 0.8246516978146807,
            "y": 0.08700145147040261
          },
          "46": {
            "x": 0.8295730426936647,
            "y": 0.07804808784551305
          },
          "47": {
            "x": 0.8352866891950099,
            "y": 0.06757127192982454
          },
          "48": {
            "x": 0.8410317485360084,
            "y": 0.05790301968951153
          },
          "49": {
            "x": 0.847855315371763,
            "y": 0.046597919033194476
          },
          "50": {
            "x": 0.8532792656851962,
            "y": 0.03764455540830491
          },
          "51": {
            "x": 0.8590662088123988,
            "y": 0.028686261517102084
          },
          "52": {
            "x": 0.8646821264792679,
            "y": 0.0181502824056544
          },
          "53": {
            "x": 0.869285852646204,
            "y": 0.008265098447557717
          },
          "54": {
            "x": 0.9939040778655273,
            "y": 0.0002928578190079251
          },
          "55": {
            "x": 0.997300154863578,
            "y": 0.4144253676006563
          },
          "56": {
            "x": 0.9886895464831144,
            "y": 0.4149381152972359
          },
          "57": {
            "x": 0.9755834117167421,
            "y": 0.4159636106903951
          },
          "58": {
            "x": 0.9655452642898215,
            "y": 0.4159636106903951
          },
          "59": {
            "x": 0.9575838545955216,
            "y": 0.4159636106903951
          },
          "60": {
            "x": 0.9480936867047717,
            "y": 0.4146866717152594
          },
          "61": {
            "x": 0.9378705525554495,
            "y": 0.41165455793260125
          },
          "62": {
            "x": 0.9303140194611229,
            "y": 0.40643340590685345
          },
          "63": {
            "x": 0.9211868443841419,
            "y": 0.4031202669443392
          },
          "64": {
            "x": 0.9132254346898422,
            "y": 0.3982245124952669
          },
          "65": {
            "x": 0.905787572323094,
            "y": 0.3917658636248896
          },
          "66": {
            "x": 0.8967336938719701,
            "y": 0.38532693581976524
          },
          "67": {
            "x": 0.8891597092000586,
            "y": 0.3774434399848542
          },
          "68": {
            "x": 0.8824617937229166,
            "y": 0.3697620850687871
          },
          "69": {
            "x": 0.8745387774993039,
            "y": 0.35744134955193735
          },
          "70": {
            "x": 0.8664482261308748,
            "y": 0.3500607408809794
          },
          "71": {
            "x": 0.8568708003521995,
            "y": 0.33995862520509906
          },
          "72": {
            "x": 0.8494957636647575,
            "y": 0.3338303041777104
          },
          "73": {
            "x": 0.8427734159789962,
            "y": 0.324581124574025
          },
          "74": {
            "x": 0.8374995492327942,
            "y": 0.3140747270604569
          },