{
  "labels": {
    "0": [
      {
        "is_tti": 0,
        "non_interaction_tool": "Cautery (Hook, Spatula)",
        "instrument_polygon": {
          "0": {
            "x": 0.507812,
            "y": 0
          },
          "1": {
            "x": 0.49707,
            "y": 0.022346
          },
          "2": {
            "x": 0.494141,
            "y": 0.022346
          },
          "3": {
            "x": 0.491211,
            "y": 0.027933
          },
          "4": {
            "x": 0.489258,
            "y": 0.027933
          },
          "5": {
            "x": 0.491211,
            "y": 0.031657
          },
          "6": {
            "x": 0.490234,
            "y": 0.035382
          },
          "7": {
            "x": 0.488281,
            "y": 0.035382
          },
          "8": {
            "x": 0.486328,
            "y": 0.039106
          },
          "9": {
            "x": 0.484375,
            "y": 0.039106
          },
          "10": {
            "x": 0.482422,
            "y": 0.042831
          },
          "11": {
            "x": 0.480469,
            "y": 0.042831
          },
          "12": {
            "x": 0.477539,
            "y": 0.048417
          },
          "13": {
            "x": 0.478516,
            "y": 0.052142
          },
          "14": {
            "x": 0.477539,
            "y": 0.054004
          },
          "15": {
            "x": 0.475586,
            "y": 0.054004
          },
          "16": {
            "x": 0.473633,
            "y": 0.05959
          },
          "17": {
            "x": 0.470703,
            "y": 0.061453
          },
          "18": {
            "x": 0.46875,
            "y": 0.067039
          },
          "19": {
            "x": 0.448242,
            "y": 0.087523
          },
          "20": {
            "x": 0.436523,
            "y": 0.108007
          },
          "21": {
            "x": 0.432617,
            "y": 0.119181
          },
          "22": {
            "x": 0.428711,
            "y": 0.143389
          },
          "23": {
            "x": 0.428711,
            "y": 0.18622
          },
          "24": {
            "x": 0.426758,
            "y": 0.197393
          },
          "25": {
            "x": 0.416016,
            "y": 0.197393
          },
          "26": {
            "x": 0.415039,
            "y": 0.199255
          },
          "27": {
            "x": 0.407227,
            "y": 0.199255
          },
          "28": {
            "x": 0.40625,
            "y": 0.201117
          },
          "29": {
            "x": 0.399414,
            "y": 0.201117
          },
          "30": {
            "x": 0.395508,
            "y": 0.204842
          },
          "31": {
            "x": 0.392578,
            "y": 0.20298
          },
          "32": {
            "x": 0.387695,
            "y": 0.206704
          },
          "33": {
            "x": 0.385742,
            "y": 0.206704
          },
          "34": {
            "x": 0.384766,
            "y": 0.204842
          },
          "35": {
            "x": 0.383789,
            "y": 0.206704
          },
          "36": {
            "x": 0.376953,
            "y": 0.206704
          },
          "37": {
            "x": 0.375977,
            "y": 0.208566
          },
          "38": {
            "x": 0.374023,
            "y": 0.208566
          },
          "39": {
            "x": 0.371094,
            "y": 0.216015
          },
          "40": {
            "x": 0.371094,
            "y": 0.230912
          },
          "41": {
            "x": 0.375,
            "y": 0.236499
          },
          "42": {
            "x": 0.394531,
            "y": 0.234637
          },
          "43": {
            "x": 0.398438,
            "y": 0.230912
          },
          "44": {
            "x": 0.40625,
            "y": 0.230912
          },
          "45": {
            "x": 0.407227,
            "y": 0.22905
          },
          "46": {
            "x": 0.419922,
            "y": 0.227188
          },
          "47": {
            "x": 0.423828,
            "y": 0.223464
          },
          "48": {
            "x": 0.427734,
            "y": 0.223464
          },
          "49": {
            "x": 0.435547,
            "y": 0.236499
          },
          "50": {
            "x": 0.438477,
            "y": 0.236499
          },
          "51": {
            "x": 0.447266,
            "y": 0.251397
          },
          "52": {
            "x": 0.449219,
            "y": 0.251397
          },
          "53": {
            "x": 0.450195,
            "y": 0.253259
          },
          "54": {
            "x": 0.455078,
            "y": 0.255121
          },
          "55": {
            "x": 0.456055,
            "y": 0.256983
          },
          "56": {
            "x": 0.458984,
            "y": 0.256983
          },
          "57": {
            "x": 0.461914,
            "y": 0.260708
          },
          "58": {
            "x": 0.46582,
            "y": 0.260708
          },
          "59": {
            "x": 0.466797,
            "y": 0.26257
          },
          "60": {
            "x": 0.489258,
            "y": 0.26257
          },
          "61": {
            "x": 0.490234,
            "y": 0.260708
          },
          "62": {
            "x": 0.504883,
            "y": 0.258845
          },
          "63": {
            "x": 0.505859,
            "y": 0.256983
          },
          "64": {
            "x": 0.515625,
            "y": 0.256983
          },
          "65": {
            "x": 0.516602,
            "y": 0.255121
          },
          "66": {
            "x": 0.526367,
            "y": 0.255121
          },
          "67": {
            "x": 0.527344,
            "y": 0.253259
          },
          "68": {
            "x": 0.540039,
            "y": 0.253259
          },
          "69": {
            "x": 0.541016,
            "y": 0.251397
          },
          "70": {
            "x": 0.557617,
            "y": 0.249534
          },
          "71": {
            "x": 0.558594,
            "y": 0.247672
          },
          "72": {
            "x": 0.5625,
            "y": 0.247672
          },
          "73": {
            "x": 0.563477,
            "y": 0.24581
          },
          "74": {
            "x": 0.568359,
            "y": 0.24581
          },
          "75": {
            "x": 0.569336,
            "y": 0.243948
          },
          "76": {
            "x": 0.572266,
            "y": 0.243948
          },
          "77": {
            "x": 0.573242,
            "y": 0.242086
          },
          "78": {
            "x": 0.597656,
            "y": 0.242086
          },
          "79": {
            "x": 0.598633,
            "y": 0.240223
          },
          "80": {
            "x": 0.602539,
            "y": 0.240223
          },
          "81": {
            "x": 0.603516,
            "y": 0.238361
          },
          "82": {
            "x": 0.610352,
            "y": 0.238361
          },
          "83": {
            "x": 0.615234,
            "y": 0.234637
          },
          "84": {
            "x": 0.623047,
            "y": 0.234637
          },
          "85": {
            "x": 0.624023,
            "y": 0.232775
          },
          "86": {
            "x": 0.628906,
            "y": 0.232775
          },
          "87": {
            "x": 0.629883,
            "y": 0.230912
          },
          "88": {
            "x": 0.635742,
            "y": 0.230912
          },
          "89": {
            "x": 0.636719,
            "y": 0.22905
          },
          "90": {
            "x": 0.646484,
            "y": 0.22905
          },
          "91": {
            "x": 0.647461,
            "y": 0.227188
          },
          "92": {
            "x": 0.652344,
            "y": 0.227188
          },
          "93": {
            "x": 0.65332,