{
  "labels": {
    "39": [
      {
        "is_tti": 0,
        "non_interaction_tool": "Cautery (Hook, Spatula)",
        "instrument_polygon": {
          "0": {
            "x": 0.666992,
            "y": 0
          },
          "1": {
            "x": 0.660156,
            "y": 0.016667
          },
          "2": {
            "x": 0.654297,
            "y": 0.021795
          },
          "3": {
            "x": 0.652344,
            "y": 0.032051
          },
          "4": {
            "x": 0.649414,
            "y": 0.037179
          },
          "5": {
            "x": 0.648438,
            "y": 0.048718
          },
          "6": {
            "x": 0.646484,
            "y": 0.057692
          },
          "7": {
            "x": 0.644531,
            "y": 0.060256
          },
          "8": {
            "x": 0.645508,
            "y": 0.065385
          },
          "9": {
            "x": 0.637695,
            "y": 0.084615
          },
          "10": {
            "x": 0.635742,
            "y": 0.1
          },
          "11": {
            "x": 0.629883,
            "y": 0.115385
          },
          "12": {
            "x": 0.629883,
            "y": 0.128205
          },
          "13": {
            "x": 0.62793,
            "y": 0.135897
          },
          "14": {
            "x": 0.625977,
            "y": 0.138462
          },
          "15": {
            "x": 0.623047,
            "y": 0.137179
          },
          "16": {
            "x": 0.62207,
            "y": 0.142308
          },
          "17": {
            "x": 0.618164,
            "y": 0.148718
          },
          "18": {
            "x": 0.618164,
            "y": 0.153846
          },
          "19": {
            "x": 0.613281,
            "y": 0.169231
          },
          "20": {
            "x": 0.614258,
            "y": 0.175641
          },
          "21": {
            "x": 0.612305,
            "y": 0.189744
          },
          "22": {
            "x": 0.609375,
            "y": 0.198718
          },
          "23": {
            "x": 0.610352,
            "y": 0.20641
          },
          "24": {
            "x": 0.608398,
            "y": 0.214103
          },
          "25": {
            "x": 0.610352,
            "y": 0.220513
          },
          "26": {
            "x": 0.608398,
            "y": 0.228205
          },
          "27": {
            "x": 0.608398,
            "y": 0.24359
          },
          "28": {
            "x": 0.611328,
            "y": 0.251282
          },
          "29": {
            "x": 0.609375,
            "y": 0.255128
          },
          "30": {
            "x": 0.611328,
            "y": 0.262821
          },
          "31": {
            "x": 0.610352,
            "y": 0.270513
          },
          "32": {
            "x": 0.612305,
            "y": 0.274359
          },
          "33": {
            "x": 0.612305,
            "y": 0.298718
          },
          "34": {
            "x": 0.610352,
            "y": 0.310256
          },
          "35": {
            "x": 0.613281,
            "y": 0.314103
          },
          "36": {
            "x": 0.611328,
            "y": 0.323077
          },
          "37": {
            "x": 0.608398,
            "y": 0.325641
          },
          "38": {
            "x": 0.610352,
            "y": 0.329487
          },
          "39": {
            "x": 0.607422,
            "y": 0.333333
          },
          "40": {
            "x": 0.604492,
            "y": 0.346154
          },
          "41": {
            "x": 0.600586,
            "y": 0.352564
          },
          "42": {
            "x": 0.594727,
            "y": 0.378205
          },
          "43": {
            "x": 0.591797,
            "y": 0.375641
          },
          "44": {
            "x": 0.59375,
            "y": 0.373077
          },
          "45": {
            "x": 0.59082,
            "y": 0.371795
          },
          "46": {
            "x": 0.591797,
            "y": 0.378205
          },
          "47": {
            "x": 0.588867,
            "y": 0.384615
          },
          "48": {
            "x": 0.587891,
            "y": 0.392308
          },
          "49": {
            "x": 0.583984,
            "y": 0.4
          },
          "50": {
            "x": 0.581055,
            "y": 0.424359
          },
          "51": {
            "x": 0.576172,
            "y": 0.430769
          },
          "52": {
            "x": 0.575195,
            "y": 0.441026
          },
          "53": {
            "x": 0.570312,
            "y": 0.447436
          },
          "54": {
            "x": 0.568359,
            "y": 0.457692
          },
          "55": {
            "x": 0.564453,
            "y": 0.462821
          },
          "56": {
            "x": 0.561523,
            "y": 0.475641
          },
          "57": {
            "x": 0.55957,
            "y": 0.478205
          },
          "58": {
            "x": 0.561523,
            "y": 0.485897
          },
          "59": {
            "x": 0.561523,
            "y": 0.498718
          },
          "60": {
            "x": 0.558594,
            "y": 0.501282
          },
          "61": {
            "x": 0.560547,
            "y": 0.512821
          },
          "62": {
            "x": 0.549805,
            "y": 0.530769
          },
          "63": {
            "x": 0.543945,
            "y": 0.537179
          },
          "64": {
            "x": 0.539062,
            "y": 0.539744
          },
          "65": {
            "x": 0.53418,
            "y": 0.546154
          },
          "66": {
            "x": 0.527344,
            "y": 0.548718
          },
          "67": {
            "x": 0.519531,
            "y": 0.557692
          },
          "68": {
            "x": 0.519531,
            "y": 0.570513
          },
          "69": {
            "x": 0.522461,
            "y": 0.574359
          },
          "70": {
            "x": 0.527344,
            "y": 0.576923
          },
          "71": {
            "x": 0.538086,
            "y": 0.574359
          },
          "72": {
            "x": 0.545898,
            "y": 0.570513
          },
          "73": {
            "x": 0.561523,
            "y": 0.558974
          },
          "74": {
            "x": 0.569336,
            "y": 0.548718
          },
          "75": {
            "x": 0.576172,
            "y": 0.534615
          },
          "76": {
            "x": 0.587891,
            "y": 0.521795
          },
          "77": {
            "x": 0.59082,
            "y": 0.520513
          },
          "78": {
            "x": 0.609375,
            "y": 0.492308
          },
          "79": {
            "x": 0.611328,
            "y": 0.479487
          },
          "80": {
            "x": 0.617188,
            "y": 0.462821
          },
          "81": {
            "x": 0.620117,
            "y": 0.458974
          },
          "82": {
            "x": 0.620117,
            "y": 0.45
          },
          "83": {
            "x": 0.625,
            "y": 0.442308
          },
          "84": {
            "x": 0.62793,
            "y": 0.430769
          },
          "85": {
            "x": 0.631836,
            "y": 0.423077
          },
          "86": {
            "x": 0.635742,
            "y": 0.419231
          },
          "87": {
            "x": 0.646484,
            "y": 0.39359
          },
          "88": {
            "x": 0.649414,
            "y": 0.389744
          },
          "89": {
            "x": 0.660156,
            "y": 0.352564
          },
          "90": {
            "x": 0.668945,
            "y": 0.335897
          },
          "91": {
            "x": 0.674805,
            "y": 0.329487
          },
          "92": {
            "x": 0.675781,
            "y": 0.323077
          },
          "93": {
            "x": 0.69043,
            "y": 0.301282
          },