{
  "labels": {
    "0": [
      {
        "instrument_polygon": {
          "0": {
            "x": 0.0026349247700964084,
            "y": 0.3191146082282859
          },
          "1": {
            "x": 0.12247186287425871,
            "y": 0.4179175723172086
          },
          "2": {
            "x": 0.1526405833113706,
            "y": 0.4391981759452784
          },
          "3": {
            "x": 0.17275308491473856,
            "y": 0.47871939637193023
          },
          "4": {
            "x": 0.17107700581852783,
            "y": 0.5167205364061314
          },
          "5": {
            "x": 0.14174629296158128,
            "y": 0.5380011400342012
          },
          "6": {
            "x": 0.0906270633409361,
            "y": 0.5410412428339647
          },
          "7": {
            "x": 0.06548645232069619,
            "y": 0.5334410148271245
          },
          "8": {
            "x": 0.00012087006166042278,
            "y": 0.4939198523856107
          },
          "9": {
            "x": 0,
            "y": 0.3875166602898478
          }
        },
        "instrument_type": "Grasper"
      },
      {
        "instrument_polygon": {
          "0": {
            "x": 0.33030087561338056,
            "y": 0.39055670510447343
          },
          "1": {
            "x": 0.37303990156061245,
            "y": 0.3312749614422027
          },
          "10": {
            "x": 0.5515382653786678,
            "y": 0.25071258515929307
          },
          "11": {
            "x": 0.5423200541250893,
            "y": 0.2963139532003343
          },
          "12": {
            "x": 0.538967959868548,
            "y": 0.3935968079042372
          },
          "13": {
            "x": 0.5331018428715106,
            "y": 0.5334410148271245
          },
          "14": {
            "x": 0.5448340768655853,
            "y": 0.5258407868202843
          },
          "15": {
            "x": 0.5607564766322465,
            "y": 0.45895875716603535
          },
          "16": {
            "x": 0.5733267821423665,
            "y": 0.3738362266834802
          },
          "17": {
            "x": 0.5926012761655691,
            "y": 0.2370321225603565
          },
          "18": {
            "x": 0.6034955665153584,
            "y": 0.17319019570587119
          },
          "19": {
            "x": 0.6085236119963503,
            "y": 0.15038951168535056
          },
          "2": {
            "x": 0.46270811922766286,
            "y": 0.23247196836071102
          },
          "20": {
            "x": 0.6395304678853877,
            "y": 0.1154284744509132
          },
          "21": {
            "x": 0.6428824982060488,
            "y": 0.08806763623074705
          },
          "22": {
            "x": 0.6822694298967393,
            "y": 0
          },
          "23": {
            "x": 0.5699746878858252,
            "y": 0
          },
          "24": {
            "x": 0.5507002577985026,
            "y": 0.034866054679150105
          },
          "25": {
            "x": 0.5406439750288785,
            "y": 0.037906142982629294
          },
          "26": {
            "x": 0.5263976543584279,
            "y": 0.07742733441671218
          },
          "27": {
            "x": 0.45684193829474545,
            "y": 0.14734943787815588
          },
          "28": {
            "x": 0.3931524031639804,
            "y": 0.2294318945535163
          },
          "29": {
            "x": 0.3621456751467032,
            "y": 0.28263349060139775
          },
          "3": {
            "x": 0.49958102817785743,
            "y": 0.19903098252615548
          },
          "30": {
            "x": 0.3269487813568393,
            "y": 0.32671483623512604
          },
          "31": {
            "x": 0.3269487813568393,
            "y": 0.3692761014764037
          },
          "4": {
            "x": 0.5009567184187871,
            "y": 0.18655448479251777
          },
          "5": {
            "x": 0.503771130014564,
            "y": 0.16102984249195446
          },
          "6": {
            "x": 0.5255596467782627,
            "y": 0.16863007049879464
          },
          "7": {
            "x": 0.533939850451676,
            "y": 0.15950984907721058
          },
          "8": {
            "x": 0.538967959868548,
            "y": 0.19903098252615548
          },
          "9": {
            "x": 0.5607564766322465,
            "y": 0.22335171794655795
          }
        },
        "instrument_type": "Dissector"
      },
      {
        "is_tti": 1,
        "interaction_type": "Retract and grab",
        "interaction_tool": null,
        "tti_polygon": {
          "0": {
            "x": 0.09716866082396293,
            "y": 0.6094237603556794
          },
          "1": {
            "x": 0.09073514126429176,
            "y": 0.5867811295723394
          },
          "10": {
            "x": 0.13537852570159686,
            "y": 0.4079163974588829
          },
          "11": {
            "x": 0.1484559553056789,
            "y": 0.4061823816774267
          },
          "12": {
            "x": 0.1651284784560143,
            "y": 0.41850125827155604
          },
          "13": {
            "x": 0.17723515898138517,
            "y": 0.429822573663226
          },
          "14": {
            "x": 0.18847074907871111,
            "y": 0.4427440040038073
          },
          "15": {
            "x": 0.19896443588774443,
            "y": 0.45713164846075516
          },
          "16": {
            "x": 0.20818101554379656,
            "y": 0.4881698614446594
          },
          "17": {
            "x": 0.2085648859019181,
            "y": 0.5118368335969676
          },
          "18": {
            "x": 0.20202801663044498,
            "y": 0.5428750465808718
          },
          "19": {
            "x": 0.19022400311820842,
            "y": 0.5679211973083924
          },
          "2": {
            "x": 0.08625788410658601,
            "y": 0.5619157449687544
          },
          "20": {
            "x": 0.1753822462912217,
            "y": 0.5851743195818008
          },
          "21": {
            "x": 0.1635671595955778,
            "y": 0.5937506679063006
          },
          "22": {
            "x": 0.14213685864121697,
            "y": 0.6032576270169874
          },
          "23": {
            "x": 0.12681526386657846,
            "y": 0.6072010065354343
          },
          "24": {
            "x": 0.1142213632712841,
            "y": 0.6099861438523678
          },
          "25": {
            "x": 0.10943036591703673,
            "y": 0.6106824281816012
          },
          "3": {
            "x": 0.08290270953415853,
            "y": 0.5355841462488028
          },
          "4": {
            "x": 0.08290270953415853,
            "y": 0.5120577699706665
          },
          "5": {
            "x": 0.0847999149579514,
            "y": 0.48859834410880293
          },
          "6": {
            "x": 0.08932515591042235,
            "y": 0.4664578414475063
          },
          "7": {
            "x": 0.09608348885004249,
            "y": 0.44705561081175266
          },
          "8": {
            "x": 0.1086626252007937,
            "y": 0.42893882816842976
          },
          "9": {
            "x": 0.12287321057356133,
            "y": 0.4163655399924652
          }
        }
      },
      {
        "is_tti": 1,
        "interaction_type": "Blunt dissection",
        "interaction_tool": "Dissector",
        "tti_polygon": {
          "0": {
            "x": 0.33586220235283,
            "y": 0.28808184737283876
          },
          "1": {
            "x": 0.32495142563545304,
            "y": 0.3025230521628045
          },
          "10": {
            "x": 0.3308054485968061,
            "y": 0.49867438175780554
          },
          "11": {
            "x": 0.343919788812246,
            "y": 0.5123255716357564
          },