{
  "labels": {
    "107": [
      {
        "is_tti": 0,
        "non_interaction_tool": "Cautery (Hook, Spatula)",
        "instrument_polygon": {
          "0": {
            "x": 0.494141,
            "y": 0.601274
          },
          "1": {
            "x": 0.493164,
            "y": 0.602548
          },
          "2": {
            "x": 0.486328,
            "y": 0.602548
          },
          "3": {
            "x": 0.474609,
            "y": 0.607643
          },
          "4": {
            "x": 0.470703,
            "y": 0.607643
          },
          "5": {
            "x": 0.455078,
            "y": 0.628025
          },
          "6": {
            "x": 0.450195,
            "y": 0.631847
          },
          "7": {
            "x": 0.441406,
            "y": 0.648408
          },
          "8": {
            "x": 0.428711,
            "y": 0.663694
          },
          "9": {
            "x": 0.422852,
            "y": 0.664968
          },
          "10": {
            "x": 0.418945,
            "y": 0.66879
          },
          "11": {
            "x": 0.388672,
            "y": 0.666242
          },
          "12": {
            "x": 0.387695,
            "y": 0.667516
          },
          "13": {
            "x": 0.375,
            "y": 0.667516
          },
          "14": {
            "x": 0.369141,
            "y": 0.670064
          },
          "15": {
            "x": 0.361328,
            "y": 0.670064
          },
          "16": {
            "x": 0.357422,
            "y": 0.672611
          },
          "17": {
            "x": 0.352539,
            "y": 0.672611
          },
          "18": {
            "x": 0.347656,
            "y": 0.675159
          },
          "19": {
            "x": 0.34375,
            "y": 0.680255
          },
          "20": {
            "x": 0.342773,
            "y": 0.689172
          },
          "21": {
            "x": 0.344727,
            "y": 0.696815
          },
          "22": {
            "x": 0.350586,
            "y": 0.700637
          },
          "23": {
            "x": 0.363281,
            "y": 0.699363
          },
          "24": {
            "x": 0.364258,
            "y": 0.700637
          },
          "25": {
            "x": 0.365234,
            "y": 0.699363
          },
          "26": {
            "x": 0.404297,
            "y": 0.695541
          },
          "27": {
            "x": 0.405273,
            "y": 0.694268
          },
          "28": {
            "x": 0.428711,
            "y": 0.692994
          },
          "29": {
            "x": 0.432617,
            "y": 0.695541
          },
          "30": {
            "x": 0.4375,
            "y": 0.70828
          },
          "31": {
            "x": 0.44043,
            "y": 0.712102
          },
          "32": {
            "x": 0.444336,
            "y": 0.727389
          },
          "33": {
            "x": 0.452148,
            "y": 0.742675
          },
          "34": {
            "x": 0.454102,
            "y": 0.751592
          },
          "35": {
            "x": 0.46582,
            "y": 0.76051
          },
          "36": {
            "x": 0.473633,
            "y": 0.763057
          },
          "37": {
            "x": 0.476562,
            "y": 0.765605
          },
          "38": {
            "x": 0.501953,
            "y": 0.770701
          },
          "39": {
            "x": 0.522461,
            "y": 0.77707
          },
          "40": {
            "x": 0.526367,
            "y": 0.779618
          },
          "41": {
            "x": 0.549805,
            "y": 0.780892
          },
          "42": {
            "x": 0.555664,
            "y": 0.783439
          },
          "43": {
            "x": 0.560547,
            "y": 0.783439
          },
          "44": {
            "x": 0.56543,
            "y": 0.787261
          },
          "45": {
            "x": 0.583984,
            "y": 0.792357
          },
          "46": {
            "x": 0.59375,
            "y": 0.798726
          },
          "47": {
            "x": 0.600586,
            "y": 0.8
          },
          "48": {
            "x": 0.608398,
            "y": 0.803822
          },
          "49": {
            "x": 0.629883,
            "y": 0.807643
          },
          "50": {
            "x": 0.646484,
            "y": 0.814013
          },
          "51": {
            "x": 0.649414,
            "y": 0.816561
          },
          "52": {
            "x": 0.655273,
            "y": 0.816561
          },
          "53": {
            "x": 0.65918,
            "y": 0.819108
          },
          "54": {
            "x": 0.675781,
            "y": 0.82293
          },
          "55": {
            "x": 0.68457,
            "y": 0.826752
          },
          "56": {
            "x": 0.691406,
            "y": 0.826752
          },
          "57": {
            "x": 0.696289,
            "y": 0.829299
          },
          "58": {
            "x": 0.71582,
            "y": 0.831847
          },
          "59": {
            "x": 0.722656,
            "y": 0.835669
          },
          "60": {
            "x": 0.736328,
            "y": 0.838217
          },
          "61": {
            "x": 0.750977,
            "y": 0.844586
          },
          "62": {
            "x": 0.765625,
            "y": 0.847134
          },
          "63": {
            "x": 0.773438,
            "y": 0.850955
          },
          "64": {
            "x": 0.779297,
            "y": 0.850955
          },
          "65": {
            "x": 0.78418,
            "y": 0.853503
          },
          "66": {
            "x": 0.80957,
            "y": 0.859873
          },
          "67": {
            "x": 0.817383,
            "y": 0.859873
          },
          "68": {
            "x": 0.821289,
            "y": 0.86242
          },
          "69": {
            "x": 0.828125,
            "y": 0.86242
          },
          "70": {
            "x": 0.835938,
            "y": 0.866242
          },
          "71": {
            "x": 0.84082,
            "y": 0.866242
          },
          "72": {
            "x": 0.844727,
            "y": 0.86879
          },
          "73": {
            "x": 0.849609,
            "y": 0.86879
          },
          "74": {
            "x": 0.855469,
            "y": 0.871338
          },
          "75": {
            "x": 0.890625,
            "y": 0.876433
          },
          "76": {
            "x": 0.891602,
            "y": 0.877707
          },
          "77": {
            "x": 0.898438,
            "y": 0.877707
          },
          "78": {
            "x": 0.899414,
            "y": 0.878981
          },
          "79": {
            "x": 0.90918,
            "y": 0.878981
          },
          "80": {
            "x": 0.917969,
            "y": 0.882803
          },
          "81": {
            "x": 0.94043,
            "y": 0.886624
          },
          "82": {
            "x": 0.952148,
            "y": 0.89172
          },
          "83": {
            "x": 0.964844,
            "y": 0.892994
          },
          "84": {
            "x": 0.978516,
            "y": 0.900637
          },
          "85": {
            "x": 0.991211,
            "y": 0.903185
          },
          "86": {
            "x": 0.993164,
            "y": 0.90828
          },
          "87": {
            "x": 0.999023,
            "y": 0.909554
          },
          "88": {
            "x": 0.999023,
            "y": 0.633121
          },
          "89": {
            "x": 0.994141,
            "y": 0.631847
          },
          "90": {
            "x": 0.980469,
            "y": 0.633121
          },
          "91": {
            "x": 0.979492,
            "y": 0.631847
          },
          "92": {
            "x": 0.950195,
            "y": 0.631847
          },
          "93": {
            "x": 0.949219,
            "y": 0.630573
          },