{
  "labels": {
    "142": [
      {
        "is_tti": 0,
        "non_interaction_tool": "Cautery (Hook, Spatula)",
        "tti_polygon": {
          "0": {
            "x": 0.8269840313249245,
            "y": 0.0017685464524570785
          },
          "1": {
            "x": 0.8179361998812181,
            "y": 0.0017685464524570785
          },
          "2": {
            "x": 0.8098788238888552,
            "y": 0.003228136813027009
          },
          "3": {
            "x": 0.801658461556398,
            "y": 0.005869029877871443
          },
          "4": {
            "x": 0.7915156962382109,
            "y": 0.006737968886304128
          },
          "5": {
            "x": 0.7834666785196991,
            "y": 0.00996951330328581
          },
          "6": {
            "x": 0.7743979513913655,
            "y": 0.014348284384995611
          },
          "7": {
            "x": 0.7666122192991599,
            "y": 0.01698917744984004
          },
          "8": {
            "x": 0.7575142382123478,
            "y": 0.02081137321895897
          },
          "9": {
            "x": 0.7396400695819868,
            "y": 0.022583327275370713
          },
          "10": {
            "x": 0.7272280329132536,
            "y": 0.023957727537074702
          },
          "11": {
            "x": 0.7169598934873016,
            "y": 0.025638812154696104
          },
          "12": {
            "x": 0.7087311728809932,
            "y": 0.02887035657167778
          },
          "13": {
            "x": 0.7012839508797534,
            "y": 0.033595567388775775
          },
          "14": {
            "x": 0.6910868567815347,
            "y": 0.0414671325239895
          },
          "15": {
            "x": 0.6833053038262549,
            "y": 0.047617857662111046
          },
          "16": {
            "x": 0.6746503112535457,
            "y": 0.05289964379179992
          },
          "17": {
            "x": 0.6659827812700598,
            "y": 0.05936273262576327
          },
          "18": {
            "x": 0.6579295844146225,
            "y": 0.06495688245129395
          },
          "19": {
            "x": 0.6513934142631415,
            "y": 0.07169825894155275
          },
          "20": {
            "x": 0.6417396079652379,
            "y": 0.07599183992439659
          },
          "21": {
            "x": 0.6351741838552782,
            "y": 0.08367030750218084
          },
          "22": {
            "x": 0.6309365390128219,
            "y": 0.09446105335853443
          },
          "23": {
            "x": 0.626552624377973,
            "y": 0.10391147499273043
          },
          "24": {
            "x": 0.6226075191203015,
            "y": 0.1133618966269264
          },
          "25": {
            "x": 0.6173418065941723,
            "y": 0.12340296961325964
          },
          "26": {
            "x": 0.6164641878398174,
            "y": 0.13486955692061645
          },
          "27": {
            "x": 0.6164641878398174,
            "y": 0.14633614422797325
          },
          "28": {
            "x": 0.6133967013365008,
            "y": 0.15696786856644374
          },
          "29": {
            "x": 0.6059494793352609,
            "y": 0.1605117766792672
          },
          "30": {
            "x": 0.5971858292024886,
            "y": 0.15991544598720556
          },
          "31": {
            "x": 0.5895756208611542,
            "y": 0.15666118421052627
          },
          "32": {
            "x": 0.580134950546451,
            "y": 0.15519023517010755
          },
          "33": {
            "x": 0.5723492184542457,
            "y": 0.150743312009305
          },
          "34": {
            "x": 0.5657712569335096,
            "y": 0.14359302304448965
          },
          "35": {
            "x": 0.5613873422986607,
            "y": 0.1340744493312009
          },
          "36": {
            "x": 0.5570326816222904,
            "y": 0.12431734334108749
          },
          "37": {
            "x": 0.5508935294787317,
            "y": 0.1165820823640593
          },
          "38": {
            "x": 0.5421382376198105,
            "y": 0.11122078547542888
          },
          "39": {
            "x": 0.534695194755496,
            "y": 0.10705214997092176
          },
          "40": {
            "x": 0.5266378187631332,
            "y": 0.10498487023844139
          },
          "41": {
            "x": 0.5213762853739294,
            "y": 0.11384464052050011
          },
          "42": {
            "x": 0.520937475996752,
            "y": 0.12565766756324512
          },
          "43": {
            "x": 0.5257184086395233,
            "y": 0.1362893919017156
          },
          "44": {
            "x": 0.5302694887513922,
            "y": 0.14657467650479786
          },
          "45": {
            "x": 0.5350504213941635,
            "y": 0.15602509813899385
          },
          "46": {
            "x": 0.5512905474866542,
            "y": 0.17585167381506253
          },
          "47": {
            "x": 0.5569407406099294,
            "y": 0.18353014139284674
          },
          "48": {
            "x": 0.5645091575820088,
            "y": 0.18766470085780748
          },
          "49": {
            "x": 0.5729468350345921,
            "y": 0.19117453293108458
          },
          "50": {
            "x": 0.5809498822469235,
            "y": 0.19440607734806625
          },
          "51": {
            "x": 0.5900771172922141,
            "y": 0.19735933410875253
          },
          "52": {
            "x": 0.5993840552253014,
            "y": 0.19881892446932248
          },
          "53": {
            "x": 0.6080014355656811,
            "y": 0.19968786347775513
          },
          "54": {
            "x": 0.6166188159060609,
            "y": 0.19968786347775513
          },
          "55": {
            "x": 0.6251609717817816,
            "y": 0.19968786347775513
          },
          "56": {
            "x": 0.6356631428755616,
            "y": 0.19968786347775513
          },
          "57": {
            "x": 0.6438458929756895,
            "y": 0.19968786347775513
          },
          "58": {
            "x": 0.6571815189049581,
            "y": 0.1990915327856935
          },
          "59": {
            "x": 0.6719255139781201,
            "y": 0.19821691443733644
          },
          "60": {
            "x": 0.6809440914633477,
            "y": 0.19702993239313754
          },
          "61": {
            "x": 0.6927208993194051,
            "y": 0.1953431684355917
          },
          "62": {
            "x": 0.7049281582787887,
            "y": 0.19474683774353008
          },
          "63": {
            "x": 0.7149956991323169,
            "y": 0.19277042744984002
          },
          "64": {
            "x": 0.7258907090970939,
            "y": 0.19102119075312587
          },
          "65": {
            "x": 0.7392555889848409,
            "y": 0.1872614677231753
          },
          "66": {
            "x": 0.7546724251030082,
            "y": 0.18368348357080547
          },
          "67": {
            "x": 0.7649948933089916,
            "y": 0.1823034039691771
          },
          "68": {
            "x": 0.7776117076870744,
            "y": 0.1823034039691771
          },
          "69": {
            "x": 0.7904667328699105,
            "y": 0.18083245492875835
          },
          "70": {
            "x": 0.7996817297906368,
            "y": 0.17645368384704857
          },
          "71": {
            "x": 0.8077976136999566,
            "y": 0.17645368384704857
          },
          "72": {
            "x": 0.8200048726593404,
            "y": 0.17557906549869146
          },
          "73": {
            "x": 0.8315977984906758,
            "y": 0.17438640411456818
          },
          "74": {
            "x": 0.839600845703007,
            "y": 0.17259741203838325
          },