{
  "labels": {
    "0": [],
    "1": [],
    "2": [],
    "3": [],
    "4": [],
    "5": [],
    "6": [],
    "7": [],
    "8": [],
    "9": [],
    "10": [],
    "11": [],
    "12": [],
    "13": [],
    "14": [],
    "15": [],
    "16": [],
    "17": [],
    "18": [],
    "19": [],
    "20": [],
    "21": [],
    "22": [],
    "23": [],
    "24": [],
    "25": [],
    "26": [],
    "27": [],
    "28": [],
    "29": [],
    "30": [],
    "31": [],
    "32": [],
    "33": [],
    "34": [],
    "35": [],
    "36": [],
    "37": [],
    "38": [],
    "39": [],
    "40": [],
    "41": [],
    "42": [],
    "43": [],
    "44": [],
    "45": [],
    "46": [],
    "47": [],
    "48": [],
    "49": [],
    "50": [],
    "51": [],
    "52": [],
    "53": [],
    "54": [],
    "55": [],
    "56": [],
    "57": [],
    "58": [
      {
        "is_tti": 0,
        "non_interaction_tool": "Cautery (Hook, Spatula)",
        "tti_polygon": {
          "0": {
            "x": 0.989258,
            "y": 0.329247
          },
          "1": {
            "x": 0.981445,
            "y": 0.334501
          },
          "2": {
            "x": 0.978516,
            "y": 0.33275
          },
          "3": {
            "x": 0.977539,
            "y": 0.334501
          },
          "4": {
            "x": 0.970703,
            "y": 0.334501
          },
          "5": {
            "x": 0.969727,
            "y": 0.336252
          },
          "6": {
            "x": 0.963867,
            "y": 0.336252
          },
          "7": {
            "x": 0.962891,
            "y": 0.338004
          },
          "8": {
            "x": 0.945312,
            "y": 0.339755
          },
          "9": {
            "x": 0.944336,
            "y": 0.341506
          },
          "10": {
            "x": 0.933594,
            "y": 0.343257
          },
          "11": {
            "x": 0.932617,
            "y": 0.345009
          },
          "12": {
            "x": 0.926758,
            "y": 0.345009
          },
          "13": {
            "x": 0.922852,
            "y": 0.348511
          },
          "14": {
            "x": 0.917969,
            "y": 0.350263
          },
          "15": {
            "x": 0.915039,
            "y": 0.353765
          },
          "16": {
            "x": 0.90625,
            "y": 0.355517
          },
          "17": {
            "x": 0.90332,
            "y": 0.359019
          },
          "18": {
            "x": 0.895508,
            "y": 0.359019
          },
          "19": {
            "x": 0.892578,
            "y": 0.362522
          },
          "20": {
            "x": 0.878906,
            "y": 0.366025
          },
          "21": {
            "x": 0.87793,
            "y": 0.367776
          },
          "22": {
            "x": 0.87207,
            "y": 0.367776
          },
          "23": {
            "x": 0.871094,
            "y": 0.369527
          },
          "24": {
            "x": 0.867188,
            "y": 0.369527
          },
          "25": {
            "x": 0.866211,
            "y": 0.371278
          },
          "26": {
            "x": 0.858398,
            "y": 0.371278
          },
          "27": {
            "x": 0.856445,
            "y": 0.37303
          },
          "28": {
            "x": 0.855469,
            "y": 0.371278
          },
          "29": {
            "x": 0.852539,
            "y": 0.371278
          },
          "30": {
            "x": 0.851562,
            "y": 0.37303
          },
          "31": {
            "x": 0.838867,
            "y": 0.37303
          },
          "32": {
            "x": 0.837891,
            "y": 0.374781
          },
          "33": {
            "x": 0.823242,
            "y": 0.374781
          },
          "34": {
            "x": 0.822266,
            "y": 0.376532
          },
          "35": {
            "x": 0.819336,
            "y": 0.376532
          },
          "36": {
            "x": 0.818359,
            "y": 0.374781
          },
          "37": {
            "x": 0.817383,
            "y": 0.376532
          },
          "38": {
            "x": 0.807617,
            "y": 0.376532
          },
          "39": {
            "x": 0.806641,
            "y": 0.378284
          },
          "40": {
            "x": 0.798828,
            "y": 0.37303
          },
          "41": {
            "x": 0.793945,
            "y": 0.374781
          },
          "42": {
            "x": 0.792969,
            "y": 0.37303
          },
          "43": {
            "x": 0.78125,
            "y": 0.37303
          },
          "44": {
            "x": 0.780273,
            "y": 0.374781
          },
          "45": {
            "x": 0.773438,
            "y": 0.374781
          },
          "46": {
            "x": 0.772461,
            "y": 0.376532
          },
          "47": {
            "x": 0.761719,
            "y": 0.376532
          },
          "48": {
            "x": 0.760742,
            "y": 0.378284
          },
          "49": {
            "x": 0.754883,
            "y": 0.378284
          },
          "50": {
            "x": 0.753906,
            "y": 0.380035
          },
          "51": {
            "x": 0.742188,
            "y": 0.380035
          },
          "52": {
            "x": 0.741211,
            "y": 0.381786
          },
          "53": {
            "x": 0.734375,
            "y": 0.381786
          },
          "54": {
            "x": 0.729492,
            "y": 0.385289
          },
          "55": {
            "x": 0.710938,
            "y": 0.38704
          },
          "56": {
            "x": 0.709961,
            "y": 0.388792
          },
          "57": {
            "x": 0.702148,
            "y": 0.388792
          },
          "58": {
            "x": 0.701172,
            "y": 0.390543
          },
          "59": {
            "x": 0.693359,
            "y": 0.390543
          },
          "60": {
            "x": 0.688477,
            "y": 0.394046
          },
          "61": {
            "x": 0.681641,
            "y": 0.394046
          },
          "62": {
            "x": 0.680664,
            "y": 0.395797
          },
          "63": {
            "x": 0.666992,
            "y": 0.397548
          },
          "64": {
            "x": 0.65918,
            "y": 0.402802
          },
          "65": {
            "x": 0.652344,
            "y": 0.404553
          },
          "66": {
            "x": 0.641602,
            "y": 0.420315
          },
          "67": {
            "x": 0.639648,
            "y": 0.420315
          },
          "68": {
            "x": 0.628906,
            "y": 0.434326
          },
          "69": {
            "x": 0.625,
            "y": 0.437828
          },
          "70": {
            "x": 0.623047,
            "y": 0.437828
          },
          "71": {
            "x": 0.597656,
            "y": 0.465849
          },
          "72": {
            "x": 0.586914,
            "y": 0.474606
          },
          "73": {
            "x": 0.579102,
            "y": 0.476357
          },
          "74": {
            "x": 0.575195,
            "y": 0.47986
          },
          "75": {
            "x": 0.558594,
            "y": 0.47986
          },
          "76": {
            "x": 0.557617,
            "y": 0.481611
          },
          "77": {
            "x": 0.540039,
            "y": 0.481611
          },
          "78": {
            "x": 0.539062,
            "y": 0.483363
          },
          "79": {
            "x": 0.535156,
            "y": 0.483363
          },
          "80": {
            "x": 0.53418,
            "y": 0.485114
          },
          "81": {
            "x": 0.527344,
            "y": 0.486865
          },
          "82": {
            "x": 0.523438,
            "y": 0.492119
          },
          "83": {
            "x": 0.521484,
            "y": 0.499124
          },