{
  "labels": {
    "62": [
      {
        "is_tti": 0,
        "non_interaction_tool": "Cautery (Hook, Spatula)",
        "tti_polygon": {
          "0": {
            "x": 0.353516,
            "y": 0.242928
          },
          "1": {
            "x": 0.356445,
            "y": 0.237937
          },
          "2": {
            "x": 0.359375,
            "y": 0.236273
          },
          "3": {
            "x": 0.370117,
            "y": 0.236273
          },
          "4": {
            "x": 0.37793,
            "y": 0.242928
          },
          "5": {
            "x": 0.390625,
            "y": 0.242928
          },
          "6": {
            "x": 0.391602,
            "y": 0.241265
          },
          "7": {
            "x": 0.392578,
            "y": 0.242928
          },
          "8": {
            "x": 0.402344,
            "y": 0.242928
          },
          "9": {
            "x": 0.40332,
            "y": 0.241265
          },
          "10": {
            "x": 0.40625,
            "y": 0.242928
          },
          "11": {
            "x": 0.412109,
            "y": 0.242928
          },
          "12": {
            "x": 0.414062,
            "y": 0.244592
          },
          "13": {
            "x": 0.416016,
            "y": 0.254576
          },
          "14": {
            "x": 0.424805,
            "y": 0.267887
          },
          "15": {
            "x": 0.431641,
            "y": 0.28619
          },
          "16": {
            "x": 0.433594,
            "y": 0.28619
          },
          "17": {
            "x": 0.435547,
            "y": 0.289517
          },
          "18": {
            "x": 0.44043,
            "y": 0.289517
          },
          "19": {
            "x": 0.444336,
            "y": 0.282862
          },
          "20": {
            "x": 0.442383,
            "y": 0.27787
          },
          "21": {
            "x": 0.444336,
            "y": 0.274542
          },
          "22": {
            "x": 0.442383,
            "y": 0.239601
          },
          "23": {
            "x": 0.442383,
            "y": 0.176373
          },
          "24": {
            "x": 0.445312,
            "y": 0.166389
          },
          "25": {
            "x": 0.443359,
            "y": 0.156406
          },
          "26": {
            "x": 0.444336,
            "y": 0.148087
          },
          "27": {
            "x": 0.442383,
            "y": 0.146423
          },
          "28": {
            "x": 0.444336,
            "y": 0.143095
          },
          "29": {
            "x": 0.443359,
            "y": 0.129784
          },
          "30": {
            "x": 0.445312,
            "y": 0.126456
          },
          "31": {
            "x": 0.445312,
            "y": 0.111481
          },
          "32": {
            "x": 0.450195,
            "y": 0.086522
          },
          "33": {
            "x": 0.449219,
            "y": 0.083195
          },
          "34": {
            "x": 0.46582,
            "y": 0.023295
          },
          "35": {
            "x": 0.466797,
            "y": 0.013311
          },
          "36": {
            "x": 0.469727,
            "y": 0.009983
          },
          "37": {
            "x": 0.473633,
            "y": 0
          },
          "38": {
            "x": 0.634766,
            "y": 0
          },
          "39": {
            "x": 0.636719,
            "y": 0.004992
          },
          "40": {
            "x": 0.631836,
            "y": 0.013311
          },
          "41": {
            "x": 0.628906,
            "y": 0.014975
          },
          "42": {
            "x": 0.623047,
            "y": 0.026622
          },
          "43": {
            "x": 0.621031746031746,
            "y": 0.02833904178349956
          },
          "44": {
            "x": 0.621031746031746,
            "y": 0.02927927927927928
          },
          "45": {
            "x": 0.6164021164021164,
            "y": 0.037162162162162164
          },
          "46": {
            "x": 0.6157407407407407,
            "y": 0.037162162162162164
          },
          "47": {
            "x": 0.6150793650793651,
            "y": 0.038288288288288286
          },
          "48": {
            "x": 0.6147365757097323,
            "y": 0.038288288288288286
          },
          "49": {
            "x": 0.610352,
            "y": 0.046589
          },
          "50": {
            "x": 0.607422,
            "y": 0.048253
          },
          "51": {
            "x": 0.6051587301587301,
            "y": 0.05249493619423102
          },
          "52": {
            "x": 0.6051587301587301,
            "y": 0.05292792792792793
          },
          "53": {
            "x": 0.6038359788359788,
            "y": 0.05518018018018018
          },
          "54": {
            "x": 0.6038359788359788,
            "y": 0.05630630630630631
          },
          "55": {
            "x": 0.6025132275132276,
            "y": 0.05855855855855856
          },
          "56": {
            "x": 0.6025132275132276,
            "y": 0.059684684684684686
          },
          "57": {
            "x": 0.6011904761904762,
            "y": 0.061936936936936936
          },
          "58": {
            "x": 0.6011904761904762,
            "y": 0.06306306306306306
          },
          "59": {
            "x": 0.6005291005291006,
            "y": 0.06418918918918919
          },
          "60": {
            "x": 0.6005291005291006,
            "y": 0.06531531531531531
          },
          "61": {
            "x": 0.5998677248677249,
            "y": 0.06644144144144144
          },
          "62": {
            "x": 0.5998677248677249,
            "y": 0.0686936936936937
          },
          "63": {
            "x": 0.5985449735449735,
            "y": 0.07094594594594594
          },
          "64": {
            "x": 0.5985449735449735,
            "y": 0.07207207207207207
          },
          "65": {
            "x": 0.5965608465608465,
            "y": 0.07545045045045046
          },
          "66": {
            "x": 0.5965608465608465,
            "y": 0.07657657657657657
          },
          "67": {
            "x": 0.5945767195767195,
            "y": 0.07995495495495496
          },
          "68": {
            "x": 0.593915343915344,
            "y": 0.07995495495495496
          },
          "69": {
            "x": 0.5892857142857143,
            "y": 0.08783783783783784
          },
          "70": {
            "x": 0.5892857142857143,
            "y": 0.08896396396396396
          },
          "71": {
            "x": 0.5846560846560847,
            "y": 0.09684684684684684
          },
          "72": {
            "x": 0.583994708994709,
            "y": 0.09684684684684684
          },
          "73": {
            "x": 0.5826719576719577,
            "y": 0.0990990990990991
          },
          "74": {
            "x": 0.5826719576719577,
            "y": 0.10022522522522523
          },
          "75": {
            "x": 0.580026455026455,
            "y": 0.10472972972972973
          },
          "76": {
            "x": 0.5793650793650794,
            "y": 0.10472972972972973
          },
          "77": {
            "x": 0.5773809523809523,
            "y": 0.10810810810810811
          },
          "78": {
            "x": 0.5767195767195767,
            "y": 0.10810810810810811
          },
          "79": {
            "x": 0.5740740740740741,
            "y": 0.11261261261261261
          },
          "80": {
            "x": 0.5734126984126984,
            "y": 0.11261261261261261
          },
          "81": {
            "x": 0.5694444444444444,
            "y": 0.11936936936936937
          },
          "82": {
            "x": 0.5694444444444444,
            "y": 0.1204954954954955
          },
          "83": {
            "x": 0.5687830687830688,
            "y": 0.1204954954954955
          },