{
  "labels": {
    "147": [
      {
        "is_tti": 0,
        "non_interaction_tool": "Cautery (Hook, Spatula)",
        "instrument_polygon": {
          "0": {
            "x": 0.700195,
            "y": 0.581006
          },
          "1": {
            "x": 0.699219,
            "y": 0.582868
          },
          "2": {
            "x": 0.695312,
            "y": 0.582868
          },
          "3": {
            "x": 0.694336,
            "y": 0.58473
          },
          "4": {
            "x": 0.688477,
            "y": 0.586592
          },
          "5": {
            "x": 0.686523,
            "y": 0.592179
          },
          "6": {
            "x": 0.680664,
            "y": 0.594041
          },
          "7": {
            "x": 0.677734,
            "y": 0.599628
          },
          "8": {
            "x": 0.674805,
            "y": 0.599628
          },
          "9": {
            "x": 0.673828,
            "y": 0.594041
          },
          "10": {
            "x": 0.671875,
            "y": 0.597765
          },
          "11": {
            "x": 0.667969,
            "y": 0.597765
          },
          "12": {
            "x": 0.666992,
            "y": 0.599628
          },
          "13": {
            "x": 0.660156,
            "y": 0.599628
          },
          "14": {
            "x": 0.65918,
            "y": 0.60149
          },
          "15": {
            "x": 0.643555,
            "y": 0.597765
          },
          "16": {
            "x": 0.642578,
            "y": 0.599628
          },
          "17": {
            "x": 0.639648,
            "y": 0.599628
          },
          "18": {
            "x": 0.637695,
            "y": 0.603352
          },
          "19": {
            "x": 0.636719,
            "y": 0.60149
          },
          "20": {
            "x": 0.633789,
            "y": 0.60149
          },
          "21": {
            "x": 0.626953,
            "y": 0.608939
          },
          "22": {
            "x": 0.62207,
            "y": 0.608939
          },
          "23": {
            "x": 0.620117,
            "y": 0.610801
          },
          "24": {
            "x": 0.619141,
            "y": 0.61825
          },
          "25": {
            "x": 0.621094,
            "y": 0.621974
          },
          "26": {
            "x": 0.617188,
            "y": 0.627561
          },
          "27": {
            "x": 0.615234,
            "y": 0.638734
          },
          "28": {
            "x": 0.610352,
            "y": 0.640596
          },
          "29": {
            "x": 0.603516,
            "y": 0.633147
          },
          "30": {
            "x": 0.600586,
            "y": 0.636872
          },
          "31": {
            "x": 0.591797,
            "y": 0.638734
          },
          "32": {
            "x": 0.584961,
            "y": 0.651769
          },
          "33": {
            "x": 0.582031,
            "y": 0.653631
          },
          "34": {
            "x": 0.583008,
            "y": 0.657356
          },
          "35": {
            "x": 0.580078,
            "y": 0.662942
          },
          "36": {
            "x": 0.578125,
            "y": 0.66108
          },
          "37": {
            "x": 0.574219,
            "y": 0.66108
          },
          "38": {
            "x": 0.564453,
            "y": 0.675978
          },
          "39": {
            "x": 0.560547,
            "y": 0.67784
          },
          "40": {
            "x": 0.557617,
            "y": 0.683426
          },
          "41": {
            "x": 0.554688,
            "y": 0.685289
          },
          "42": {
            "x": 0.552734,
            "y": 0.690875
          },
          "43": {
            "x": 0.547852,
            "y": 0.692737
          },
          "44": {
            "x": 0.544922,
            "y": 0.696462
          },
          "45": {
            "x": 0.540039,
            "y": 0.705773
          },
          "46": {
            "x": 0.541016,
            "y": 0.718808
          },
          "47": {
            "x": 0.546875,
            "y": 0.729981
          },
          "48": {
            "x": 0.546875,
            "y": 0.735568
          },
          "49": {
            "x": 0.553711,
            "y": 0.744879
          },
          "50": {
            "x": 0.555664,
            "y": 0.750466
          },
          "51": {
            "x": 0.55957,
            "y": 0.75419
          },
          "52": {
            "x": 0.561523,
            "y": 0.75419
          },
          "53": {
            "x": 0.5625,
            "y": 0.752328
          },
          "54": {
            "x": 0.567383,
            "y": 0.752328
          },
          "55": {
            "x": 0.570312,
            "y": 0.744879
          },
          "56": {
            "x": 0.576172,
            "y": 0.739292
          },
          "57": {
            "x": 0.579102,
            "y": 0.733706
          },
          "58": {
            "x": 0.583008,
            "y": 0.731844
          },
          "59": {
            "x": 0.587891,
            "y": 0.724395
          },
          "60": {
            "x": 0.594727,
            "y": 0.718808
          },
          "61": {
            "x": 0.603516,
            "y": 0.707635
          },
          "62": {
            "x": 0.605469,
            "y": 0.705773
          },
          "63": {
            "x": 0.610352,
            "y": 0.705773
          },
          "64": {
            "x": 0.611328,
            "y": 0.703911
          },
          "65": {
            "x": 0.613281,
            "y": 0.703911
          },
          "66": {
            "x": 0.619141,
            "y": 0.690875
          },
          "67": {
            "x": 0.623047,
            "y": 0.6946
          },
          "68": {
            "x": 0.625977,
            "y": 0.690875
          },
          "69": {
            "x": 0.631836,
            "y": 0.696462
          },
          "70": {
            "x": 0.640625,
            "y": 0.716946
          },
          "71": {
            "x": 0.647461,
            "y": 0.728119
          },
          "72": {
            "x": 0.649414,
            "y": 0.73743
          },
          "73": {
            "x": 0.676758,
            "y": 0.789572
          },
          "74": {
            "x": 0.678711,
            "y": 0.79702
          },
          "75": {
            "x": 0.685547,
            "y": 0.810056
          },
          "76": {
            "x": 0.69043,
            "y": 0.815642
          },
          "77": {
            "x": 0.696289,
            "y": 0.828678
          },
          "78": {
            "x": 0.699219,
            "y": 0.83054
          },
          "79": {
            "x": 0.704102,
            "y": 0.837989
          },
          "80": {
            "x": 0.711914,
            "y": 0.852886
          },
          "81": {
            "x": 0.714844,
            "y": 0.852886
          },
          "82": {
            "x": 0.717773,
            "y": 0.860335
          },
          "83": {
            "x": 0.736328,
            "y": 0.878957
          },
          "84": {
            "x": 0.740234,
            "y": 0.878957
          },
          "85": {
            "x": 0.741211,
            "y": 0.880819
          },
          "86": {
            "x": 0.745117,
            "y": 0.880819
          },
          "87": {
            "x": 0.746094,
            "y": 0.882682
          },
          "88": {
            "x": 0.754883,
            "y": 0.882682
          },
          "89": {
            "x": 0.756836,
            "y": 0.886406
          },
          "90": {
            "x": 0.758789,
            "y": 0.886406
          },
          "91": {
            "x": 0.760742,
            "y": 0.891993
          },
          "92": {
            "x": 0.780273,
            "y": 0.901304
          },
          "93": {
            "x": 0.780273,