{
  "labels": {
    "131": [
      {
        "is_tti": 0,
        "non_interaction_tool": "Cautery (Hook, Spatula)",
        "instrument_polygon": {
          "0": {
            "x": 0.683594,
            "y": 0
          },
          "1": {
            "x": 0.682617,
            "y": 0.002762
          },
          "2": {
            "x": 0.677734,
            "y": 0.004144
          },
          "3": {
            "x": 0.672852,
            "y": 0.008287
          },
          "4": {
            "x": 0.663086,
            "y": 0.022099
          },
          "5": {
            "x": 0.65625,
            "y": 0.029006
          },
          "6": {
            "x": 0.652344,
            "y": 0.037293
          },
          "7": {
            "x": 0.631836,
            "y": 0.066298
          },
          "8": {
            "x": 0.62207,
            "y": 0.075967
          },
          "9": {
            "x": 0.607422,
            "y": 0.096685
          },
          "10": {
            "x": 0.59082,
            "y": 0.129834
          },
          "11": {
            "x": 0.581055,
            "y": 0.161602
          },
          "12": {
            "x": 0.577148,
            "y": 0.168508
          },
          "13": {
            "x": 0.572266,
            "y": 0.185083
          },
          "14": {
            "x": 0.56543,
            "y": 0.197514
          },
          "15": {
            "x": 0.55957,
            "y": 0.21547
          },
          "16": {
            "x": 0.55957,
            "y": 0.219613
          },
          "17": {
            "x": 0.552734,
            "y": 0.232044
          },
          "18": {
            "x": 0.553711,
            "y": 0.234807
          },
          "19": {
            "x": 0.549805,
            "y": 0.243094
          },
          "20": {
            "x": 0.540039,
            "y": 0.255525
          },
          "21": {
            "x": 0.530273,
            "y": 0.26105
          },
          "22": {
            "x": 0.511719,
            "y": 0.279006
          },
          "23": {
            "x": 0.500977,
            "y": 0.287293
          },
          "24": {
            "x": 0.498047,
            "y": 0.287293
          },
          "25": {
            "x": 0.487305,
            "y": 0.298343
          },
          "26": {
            "x": 0.46875,
            "y": 0.312155
          },
          "27": {
            "x": 0.432617,
            "y": 0.359116
          },
          "28": {
            "x": 0.412109,
            "y": 0.393646
          },
          "29": {
            "x": 0.40332,
            "y": 0.414365
          },
          "30": {
            "x": 0.389648,
            "y": 0.437845
          },
          "31": {
            "x": 0.382812,
            "y": 0.45442
          },
          "32": {
            "x": 0.371094,
            "y": 0.497238
          },
          "33": {
            "x": 0.365234,
            "y": 0.5
          },
          "34": {
            "x": 0.363281,
            "y": 0.502762
          },
          "35": {
            "x": 0.363281,
            "y": 0.512431
          },
          "36": {
            "x": 0.368164,
            "y": 0.527624
          },
          "37": {
            "x": 0.367188,
            "y": 0.537293
          },
          "38": {
            "x": 0.369141,
            "y": 0.540055
          },
          "39": {
            "x": 0.369141,
            "y": 0.548343
          },
          "40": {
            "x": 0.365234,
            "y": 0.55663
          },
          "41": {
            "x": 0.362305,
            "y": 0.55663
          },
          "42": {
            "x": 0.362305,
            "y": 0.560773
          },
          "43": {
            "x": 0.357422,
            "y": 0.56768
          },
          "44": {
            "x": 0.353516,
            "y": 0.56768
          },
          "45": {
            "x": 0.348633,
            "y": 0.575967
          },
          "46": {
            "x": 0.351562,
            "y": 0.58011
          },
          "47": {
            "x": 0.348633,
            "y": 0.582873
          },
          "48": {
            "x": 0.347656,
            "y": 0.588398
          },
          "49": {
            "x": 0.347656,
            "y": 0.599448
          },
          "50": {
            "x": 0.349609,
            "y": 0.603591
          },
          "51": {
            "x": 0.360352,
            "y": 0.611878
          },
          "52": {
            "x": 0.364258,
            "y": 0.61326
          },
          "53": {
            "x": 0.366211,
            "y": 0.610497
          },
          "54": {
            "x": 0.370117,
            "y": 0.610497
          },
          "55": {
            "x": 0.376953,
            "y": 0.604972
          },
          "56": {
            "x": 0.379883,
            "y": 0.604972
          },
          "57": {
            "x": 0.381836,
            "y": 0.60221
          },
          "58": {
            "x": 0.383789,
            "y": 0.60221
          },
          "59": {
            "x": 0.392578,
            "y": 0.595304
          },
          "60": {
            "x": 0.396484,
            "y": 0.589779
          },
          "61": {
            "x": 0.405273,
            "y": 0.555249
          },
          "62": {
            "x": 0.414062,
            "y": 0.540055
          },
          "63": {
            "x": 0.424805,
            "y": 0.508287
          },
          "64": {
            "x": 0.433594,
            "y": 0.491713
          },
          "65": {
            "x": 0.4375,
            "y": 0.477901
          },
          "66": {
            "x": 0.441406,
            "y": 0.468232
          },
          "67": {
            "x": 0.444336,
            "y": 0.46547
          },
          "68": {
            "x": 0.448242,
            "y": 0.45442
          },
          "69": {
            "x": 0.449219,
            "y": 0.437845
          },
          "70": {
            "x": 0.458984,
            "y": 0.422652
          },
          "71": {
            "x": 0.475586,
            "y": 0.406077
          },
          "72": {
            "x": 0.486328,
            "y": 0.385359
          },
          "73": {
            "x": 0.49707,
            "y": 0.377072
          },
          "74": {
            "x": 0.518555,
            "y": 0.374309
          },
          "75": {
            "x": 0.523438,
            "y": 0.371547
          },
          "76": {
            "x": 0.535156,
            "y": 0.370166
          },
          "77": {
            "x": 0.541992,
            "y": 0.367403
          },
          "78": {
            "x": 0.549805,
            "y": 0.367403
          },
          "79": {
            "x": 0.561523,
            "y": 0.361878
          },
          "80": {
            "x": 0.573242,
            "y": 0.360497
          },
          "81": {
            "x": 0.574219,
            "y": 0.359116
          },
          "82": {
            "x": 0.583984,
            "y": 0.360497
          },
          "83": {
            "x": 0.587891,
            "y": 0.364641
          },
          "84": {
            "x": 0.591797,
            "y": 0.364641
          },
          "85": {
            "x": 0.594727,
            "y": 0.368785
          },
          "86": {
            "x": 0.598633,
            "y": 0.367403
          },
          "87": {
            "x": 0.599609,
            "y": 0.368785
          },
          "88": {
            "x": 0.605469,
            "y": 0.368785
          },
          "89": {
            "x": 0.606445,
            "y": 0.367403
          },
          "90": {
            "x": 0.613281,
            "y": 0.371547
          },
          "91": {
            "x": 0.626953,
            "y": 0.38674
          },
          "92": {
            "x": 0.639648,
            "y": 0.404696
          },
          "93": {
            "x": 0.644531,
            "y": 0.407459
          },