{
  "labels": {
    "0": [],
    "1": [],
    "2": [],
    "3": [],
    "4": [],
    "5": [],
    "6": [],
    "7": [],
    "8": [],
    "9": [],
    "10": [],
    "11": [],
    "12": [],
    "13": [],
    "14": [],
    "15": [],
    "16": [],
    "17": [],
    "18": [],
    "19": [],
    "20": [],
    "21": [],
    "22": [],
    "23": [],
    "24": [],
    "25": [],
    "26": [],
    "27": [],
    "28": [],
    "29": [],
    "30": [],
    "31": [],
    "32": [],
    "33": [],
    "34": [],
    "35": [],
    "36": [],
    "37": [],
    "38": [],
    "39": [],
    "40": [],
    "41": [],
    "42": [],
    "43": [],
    "44": [],
    "45": [],
    "46": [],
    "47": [],
    "48": [],
    "49": [],
    "50": [],
    "51": [],
    "52": [],
    "53": [],
    "54": [],
    "55": [],
    "56": [],
    "57": [],
    "58": [],
    "59": [],
    "60": [],
    "61": [],
    "62": [],
    "63": [],
    "64": [],
    "65": [],
    "66": [],
    "67": [],
    "68": [],
    "69": [],
    "70": [],
    "71": [],
    "72": [],
    "73": [],
    "74": [],
    "75": [],
    "76": [],
    "77": [],
    "78": [],
    "79": [],
    "80": [],
    "81": [],
    "82": [],
    "83": [],
    "84": [],
    "85": [],
    "86": [],
    "87": [],
    "88": [],
    "89": [],
    "90": [],
    "91": [],
    "92": [],
    "93": [],
    "94": [],
    "95": [],
    "96": [],
    "97": [],
    "98": [],
    "99": [
      {
        "is_tti": 0,
        "non_interaction_tool": "Dissector",
        "instrument_polygon": {
          "0": {
            "x": 0.5457482586250557,
            "y": 0.7462475149889264
          },
          "1": {
            "x": 0.5929722820561809,
            "y": 0.6839255525566159
          },
          "2": {
            "x": 0.6480669260188163,
            "y": 0.6474445509000037
          },
          "3": {
            "x": 0.7248059453292657,
            "y": 0.5836025080752423
          },
          "4": {
            "x": 0.8182700989471259,
            "y": 0.5212806616132077
          },
          "5": {
            "x": 0.9983116038352101,
            "y": 0.37231620427616735
          },
          "6": {
            "x": 1,
            "y": 0.45743873475872243
          },
          "7": {
            "x": 0.675614285530392,
            "y": 0.7097662813917621
          },
          "8": {
            "x": 0.6087135981797174,
            "y": 0.740167193419123
          },
          "9": {
            "x": 0.5654249225446053,
            "y": 0.7736082082462474
          },
          "10": {
            "x": 0.5427967290129169,
            "y": 0.7705681054464838
          }
        }
      },
      {
        "instrument_polygon": {
          "0": {
            "x": 0.317383,
            "y": 0
          },
          "1": {
            "x": 0.306641,
            "y": 0.061934
          },
          "2": {
            "x": 0.286133,
            "y": 0.143505
          },
          "3": {
            "x": 0.283203,
            "y": 0.172205
          },
          "4": {
            "x": 0.28418,
            "y": 0.18429
          },
          "5": {
            "x": 0.282227,
            "y": 0.188822
          },
          "6": {
            "x": 0.280273,
            "y": 0.216012
          },
          "7": {
            "x": 0.27832,
            "y": 0.220544
          },
          "8": {
            "x": 0.274414,
            "y": 0.244713
          },
          "9": {
            "x": 0.275391,
            "y": 0.255287
          },
          "10": {
            "x": 0.273438,
            "y": 0.26284
          },
          "11": {
            "x": 0.276367,
            "y": 0.271903
          },
          "12": {
            "x": 0.275391,
            "y": 0.280967
          },
          "13": {
            "x": 0.28125,
            "y": 0.29003
          },
          "14": {
            "x": 0.285156,
            "y": 0.293051
          },
          "15": {
            "x": 0.28418,
            "y": 0.296073
          },
          "16": {
            "x": 0.28125,
            "y": 0.297583
          },
          "17": {
            "x": 0.277344,
            "y": 0.308157
          },
          "18": {
            "x": 0.277344,
            "y": 0.323263
          },
          "19": {
            "x": 0.279297,
            "y": 0.332326
          },
          "20": {
            "x": 0.285156,
            "y": 0.3429
          },
          "21": {
            "x": 0.286133,
            "y": 0.350453
          },
          "22": {
            "x": 0.289062,
            "y": 0.356495
          },
          "23": {
            "x": 0.299805,
            "y": 0.36858
          },
          "24": {
            "x": 0.305664,
            "y": 0.36858
          },
          "25": {
            "x": 0.310547,
            "y": 0.361027
          },
          "26": {
            "x": 0.313477,
            "y": 0.361027
          },
          "27": {
            "x": 0.314453,
            "y": 0.359517
          },
          "28": {
            "x": 0.3125,
            "y": 0.356495
          },
          "29": {
            "x": 0.31543,
            "y": 0.348943
          },
          "30": {
            "x": 0.31543,
            "y": 0.336858
          },
          "31": {
            "x": 0.317383,
            "y": 0.333837
          },
          "32": {
            "x": 0.317383,
            "y": 0.329305
          },
          "33": {
            "x": 0.320312,
            "y": 0.326284
          },
          "34": {
            "x": 0.322266,
            "y": 0.317221
          },
          "35": {
            "x": 0.324219,
            "y": 0.29003
          },
          "36": {
            "x": 0.327148,
            "y": 0.285498
          },
          "37": {
            "x": 0.326172,
            "y": 0.282477
          },
          "38": {
            "x": 0.328125,
            "y": 0.276435
          },
          "39": {
            "x": 0.332031,
            "y": 0.270393
          },
          "40": {
            "x": 0.333984,
            "y": 0.256798
          },
          "41": {
            "x": 0.333008,
            "y": 0.249245
          },
          "42": {
            "x": 0.337891,
            "y": 0.220544
          },
          "43": {
            "x": 0.347656,
            "y": 0.200906
          },
          "44": {
            "x": 0.348633,
            "y": 0.187311
          },
          "45": {
            "x": 0.350586,
            "y": 0.18429
          },
          "46": {
            "x": 0.349609,
            "y": 0.181269
          },
          "47": {
            "x": 0.351562,
            "y": 0.178248
          },
          "48": {
            "x": 0.353516,
            "y": 0.166163
          },
          "49": {
            "x": 0.356445,
            "y": 0.15861
          },
          "50": {
            "x": 0.360352,
            "y": 0.154079
          },
          "51": {
            "x": 0.359375,
            "y": 0.149547
          },
          "52": {
            "x": 0.370117,
            "y": 0.123867
          },
          "53": {
            "x": 0.378906,
            "y": 0.087613
          },
          "54": {
            "x": 0.381836,
            "y": 0.083082
          },
          "55": {
            "x": 0.384766,
            "y": 0.072508
          },
          "56": {
            "x": 0.387695,
            "y": 0.054381
          },
          "57": {
            "x": 0.395508,
            "y": 0.031722
          },
          "58": {
            "x": 0.398438,
            "y": 0.02719
          },
          "59": {
            "x": 0.398438,
            "y": 0.024169
          },
          "60": {
            "x": 0.408203,
            "y": 0.004532
          },
          "61": {
            "x": 0.408203,
            "y": 0
          }
        },
        "instrument_type": "Grasper"
      },
      {
        "is_tti": 1,
        "interaction_type": "Retract and grab",