{
  "labels": {
    "7": [
      {
        "is_tti": 0,
        "non_interaction_tool": "Cautery (Hook, Spatula)",
        "instrument_polygon": {
          "0": {
            "x": 0.9980652543535997,
            "y": 0.5065543854797392
          },
          "1": {
            "x": 0.6332384789485366,
            "y": 0.6206989403819282
          },
          "10": {
            "x": 0.48621009504404344,
            "y": 0.6486403630065207
          },
          "11": {
            "x": 0.47395128007221576,
            "y": 0.6528886600489054
          },
          "12": {
            "x": 0.47950358441026564,
            "y": 0.6882031977759665
          },
          "13": {
            "x": 0.5007705925414627,
            "y": 0.7404654386935259
          },
          "14": {
            "x": 0.5129991222169011,
            "y": 0.7755843910107126
          },
          "15": {
            "x": 0.534417556830045,
            "y": 0.7986862118653936
          },
          "16": {
            "x": 0.5623372350681056,
            "y": 0.7982086195854681
          },
          "17": {
            "x": 0.6048678862975677,
            "y": 0.768297697368421
          },
          "18": {
            "x": 0.6341100224779637,
            "y": 0.768297697368421
          },
          "19": {
            "x": 0.6581094373500679,
            "y": 0.7794005807522124
          },
          "2": {
            "x": 0.6172242872244279,
            "y": 0.6538574901024686
          },
          "20": {
            "x": 0.6876813467578148,
            "y": 0.7903260727177457
          },
          "21": {
            "x": 0.7260965627112556,
            "y": 0.7941559079529577
          },
          "22": {
            "x": 0.8308231176256728,
            "y": 0.7702444544713554
          },
          "23": {
            "x": 0.9363337252132814,
            "y": 0.7508905958896135
          },
          "24": {
            "x": 1,
            "y": 0.7367447674080112
          },
          "3": {
            "x": 0.6191457210286864,
            "y": 0.7093855525151374
          },
          "4": {
            "x": 0.6199735191299955,
            "y": 0.7381593502561714
          },
          "5": {
            "x": 0.5803940017820303,
            "y": 0.7487255108872846
          },
          "6": {
            "x": 0.5600288224766496,
            "y": 0.7603014380530974
          },
          "7": {
            "x": 0.5356760791466697,
            "y": 0.7443271134140661
          },
          "8": {
            "x": 0.5209002195415927,
            "y": 0.714238799778761
          },
          "9": {
            "x": 0.5003196781285545,
            "y": 0.6627361580111784
          }
        }
      }
    ]
  }
}