{
  "labels": {
    "24": [
      {
        "instrument_polygon": {
          "0": {
            "x": 0,
            "y": 0
          },
          "1": {
            "x": 0,
            "y": 0.153974
          },
          "2": {
            "x": 0.00293,
            "y": 0.155629
          },
          "3": {
            "x": 0.009766,
            "y": 0.155629
          },
          "4": {
            "x": 0.010742,
            "y": 0.157285
          },
          "5": {
            "x": 0.018555,
            "y": 0.157285
          },
          "6": {
            "x": 0.019531,
            "y": 0.15894
          },
          "7": {
            "x": 0.03418,
            "y": 0.160596
          },
          "8": {
            "x": 0.035156,
            "y": 0.162252
          },
          "9": {
            "x": 0.040039,
            "y": 0.162252
          },
          "10": {
            "x": 0.041016,
            "y": 0.163907
          },
          "11": {
            "x": 0.050781,
            "y": 0.162252
          },
          "12": {
            "x": 0.052734,
            "y": 0.163907
          },
          "13": {
            "x": 0.053711,
            "y": 0.162252
          },
          "14": {
            "x": 0.060547,
            "y": 0.162252
          },
          "15": {
            "x": 0.063477,
            "y": 0.152318
          },
          "16": {
            "x": 0.071289,
            "y": 0.149007
          },
          "17": {
            "x": 0.075195,
            "y": 0.142384
          },
          "18": {
            "x": 0.081055,
            "y": 0.14404
          },
          "19": {
            "x": 0.081055,
            "y": 0.137417
          },
          "20": {
            "x": 0.083984,
            "y": 0.13245
          },
          "21": {
            "x": 0.09082,
            "y": 0.125828
          },
          "22": {
            "x": 0.095703,
            "y": 0.125828
          },
          "23": {
            "x": 0.100586,
            "y": 0.115894
          },
          "24": {
            "x": 0.103516,
            "y": 0.114238
          },
          "25": {
            "x": 0.103516,
            "y": 0.071192
          },
          "26": {
            "x": 0.107422,
            "y": 0.062914
          },
          "27": {
            "x": 0.105469,
            "y": 0.059603
          },
          "28": {
            "x": 0.105469,
            "y": 0.049669
          },
          "29": {
            "x": 0.102539,
            "y": 0.044702
          },
          "30": {
            "x": 0.100586,
            "y": 0.028146
          },
          "31": {
            "x": 0.100586,
            "y": 0
          }
        },
        "instrument_type": "Grasper"
      },
      {
        "is_tti": 1,
        "interaction_type": "Retract and grab",
        "interaction_tool": "Grasper",
        "tti_polygon": {
          "0": {
            "x": 0,
            "y": 0
          },
          "1": {
            "x": 0.1325,
            "y": 0
          },
          "2": {
            "x": 0.1325,
            "y": 0.001059322033898305
          },
          "3": {
            "x": 0.133125,
            "y": 0.00211864406779661
          },
          "4": {
            "x": 0.133125,
            "y": 0.00423728813559322
          },
          "5": {
            "x": 0.13375,
            "y": 0.005296610169491525
          },
          "6": {
            "x": 0.13375,
            "y": 0.019067796610169493
          },
          "7": {
            "x": 0.133125,
            "y": 0.020127118644067795
          },
          "8": {
            "x": 0.133125,
            "y": 0.023305084745762712
          },
          "9": {
            "x": 0.1325,
            "y": 0.024364406779661018
          },
          "10": {
            "x": 0.1325,
            "y": 0.025423728813559324
          },
          "11": {
            "x": 0.131875,
            "y": 0.026483050847457626
          },
          "12": {
            "x": 0.131875,
            "y": 0.02754237288135593
          },
          "13": {
            "x": 0.13125,
            "y": 0.028601694915254237
          },
          "14": {
            "x": 0.13125,
            "y": 0.029661016949152543
          },
          "15": {
            "x": 0.130625,
            "y": 0.03072033898305085
          },
          "16": {
            "x": 0.130625,
            "y": 0.03177966101694915
          },
          "17": {
            "x": 0.13,
            "y": 0.03283898305084746
          },
          "18": {
            "x": 0.13,
            "y": 0.048728813559322036
          },
          "19": {
            "x": 0.129375,
            "y": 0.04978813559322034
          },
          "20": {
            "x": 0.129375,
            "y": 0.13029661016949154
          },
          "21": {
            "x": 0.12875,
            "y": 0.13135593220338984
          },
          "22": {
            "x": 0.12875,
            "y": 0.13559322033898305
          },
          "23": {
            "x": 0.128125,
            "y": 0.13665254237288135
          },
          "24": {
            "x": 0.128125,
            "y": 0.1419491525423729
          },
          "25": {
            "x": 0.1275,
            "y": 0.1430084745762712
          },
          "26": {
            "x": 0.1275,
            "y": 0.1483050847457627
          },
          "27": {
            "x": 0.126875,
            "y": 0.149364406779661
          },
          "28": {
            "x": 0.126875,
            "y": 0.15254237288135594
          },
          "29": {
            "x": 0.12625,
            "y": 0.15360169491525424
          },
          "30": {
            "x": 0.12625,
            "y": 0.15572033898305085
          },
          "31": {
            "x": 0.125625,
            "y": 0.15677966101694915
          },
          "32": {
            "x": 0.125625,
            "y": 0.15889830508474576
          },
          "33": {
            "x": 0.125,
            "y": 0.15995762711864406
          },
          "34": {
            "x": 0.125,
            "y": 0.163135593220339
          },
          "35": {
            "x": 0.124375,
            "y": 0.1641949152542373
          },
          "36": {
            "x": 0.124375,
            "y": 0.1663135593220339
          },
          "37": {
            "x": 0.12375,
            "y": 0.1673728813559322
          },
          "38": {
            "x": 0.12375,
            "y": 0.1705508474576271
          },
          "39": {
            "x": 0.123125,
            "y": 0.1716101694915254
          },
          "40": {
            "x": 0.123125,
            "y": 0.17372881355932204
          },
          "41": {
            "x": 0.1225,
            "y": 0.17478813559322035
          },
          "42": {
            "x": 0.1225,
            "y": 0.17690677966101695
          },
          "43": {
            "x": 0.121875,
            "y": 0.17796610169491525
          },
          "44": {
            "x": 0.121875,
            "y": 0.18008474576271186
          },
          "45": {
            "x": 0.12125,
            "y": 0.18114406779661016
          },
          "46": {
            "x": 0.12125,
            "y": 0.1832627118644068
          },
          "47": {
            "x": 0.120625,
            "y": 0.1843220338983051
          },
          "48": {
            "x": 0.120625,
            "y": 0.1864406779661017
          },
          "49": {
            "x": 0.12,
            "y": 0.1875
          },
          "50": {
            "x": 0.12,
            "y": 0.1896186440677966
          },
          "51": {
            "x": 0.119375,
            "y": 0.1906779661016949
          },
          "52": {
            "x": 0.119375,
            "y": 0.1917372881355932
          },
          "53": {
            "x": 0.11875,
            "y": 0.19279661016949154
          },
          "54": {
            "x": 0.11875,