{
  "labels": {
    "77": [
      {
        "is_tti": 0,
        "non_interaction_tool": "Cautery (Hook, Spatula)",
        "tti_polygon": {
          "0": {
            "x": 0.668403,
            "y": 0.504808
          },
          "1": {
            "x": 0.663194,
            "y": 0.512019
          },
          "2": {
            "x": 0.661458,
            "y": 0.519231
          },
          "3": {
            "x": 0.657986,
            "y": 0.524038
          },
          "4": {
            "x": 0.657986,
            "y": 0.528846
          },
          "5": {
            "x": 0.661458,
            "y": 0.533654
          },
          "6": {
            "x": 0.659722,
            "y": 0.536058
          },
          "7": {
            "x": 0.661458,
            "y": 0.538462
          },
          "8": {
            "x": 0.663194,
            "y": 0.555288
          },
          "9": {
            "x": 0.664931,
            "y": 0.557692
          },
          "10": {
            "x": 0.668403,
            "y": 0.576923
          },
          "11": {
            "x": 0.677083,
            "y": 0.600962
          },
          "12": {
            "x": 0.677083,
            "y": 0.605769
          },
          "13": {
            "x": 0.680556,
            "y": 0.615385
          },
          "14": {
            "x": 0.684028,
            "y": 0.620192
          },
          "15": {
            "x": 0.684028,
            "y": 0.625
          },
          "16": {
            "x": 0.690972,
            "y": 0.637019
          },
          "17": {
            "x": 0.690972,
            "y": 0.641827
          },
          "18": {
            "x": 0.696181,
            "y": 0.651442
          },
          "19": {
            "x": 0.696181,
            "y": 0.65625
          },
          "20": {
            "x": 0.704861,
            "y": 0.668269
          },
          "21": {
            "x": 0.704861,
            "y": 0.670673
          },
          "22": {
            "x": 0.717014,
            "y": 0.6875
          },
          "23": {
            "x": 0.720486,
            "y": 0.6875
          },
          "24": {
            "x": 0.732639,
            "y": 0.697115
          },
          "25": {
            "x": 0.736111,
            "y": 0.694712
          },
          "26": {
            "x": 0.741319,
            "y": 0.699519
          },
          "27": {
            "x": 0.744792,
            "y": 0.699519
          },
          "28": {
            "x": 0.746528,
            "y": 0.701923
          },
          "29": {
            "x": 0.755208,
            "y": 0.701923
          },
          "30": {
            "x": 0.756944,
            "y": 0.704327
          },
          "31": {
            "x": 0.815972,
            "y": 0.704327
          },
          "32": {
            "x": 0.824653,
            "y": 0.711538
          },
          "33": {
            "x": 0.833333,
            "y": 0.711538
          },
          "34": {
            "x": 0.835069,
            "y": 0.713942
          },
          "35": {
            "x": 0.868056,
            "y": 0.713942
          },
          "36": {
            "x": 0.869792,
            "y": 0.716346
          },
          "37": {
            "x": 0.873264,
            "y": 0.716346
          },
          "38": {
            "x": 0.876736,
            "y": 0.711538
          },
          "39": {
            "x": 0.878472,
            "y": 0.713942
          },
          "40": {
            "x": 0.888889,
            "y": 0.713942
          },
          "41": {
            "x": 0.890625,
            "y": 0.711538
          },
          "42": {
            "x": 0.902778,
            "y": 0.711538
          },
          "43": {
            "x": 0.904514,
            "y": 0.709135
          },
          "44": {
            "x": 0.920139,
            "y": 0.709135
          },
          "45": {
            "x": 0.921875,
            "y": 0.706731
          },
          "46": {
            "x": 0.939236,
            "y": 0.706731
          },
          "47": {
            "x": 0.940972,
            "y": 0.709135
          },
          "48": {
            "x": 0.944444,
            "y": 0.709135
          },
          "49": {
            "x": 0.946181,
            "y": 0.706731
          },
          "50": {
            "x": 0.963542,
            "y": 0.706731
          },
          "51": {
            "x": 0.965278,
            "y": 0.704327
          },
          "52": {
            "x": 0.970486,
            "y": 0.704327
          },
          "53": {
            "x": 0.975694,
            "y": 0.697115
          },
          "54": {
            "x": 0.987847,
            "y": 0.697115
          },
          "55": {
            "x": 0.991319,
            "y": 0.694712
          },
          "56": {
            "x": 0.991319,
            "y": 0.692308
          },
          "57": {
            "x": 0.996528,
            "y": 0.685096
          },
          "58": {
            "x": 0.998264,
            "y": 0.685096
          },
          "59": {
            "x": 0.998264,
            "y": 0.620192
          },
          "60": {
            "x": 0.994792,
            "y": 0.612981
          },
          "61": {
            "x": 0.993056,
            "y": 0.603365
          },
          "62": {
            "x": 0.986111,
            "y": 0.603365
          },
          "63": {
            "x": 0.982639,
            "y": 0.612981
          },
          "64": {
            "x": 0.979167,
            "y": 0.612981
          },
          "65": {
            "x": 0.977431,
            "y": 0.610577
          },
          "66": {
            "x": 0.977431,
            "y": 0.612981
          },
          "67": {
            "x": 0.973958,
            "y": 0.617788
          },
          "68": {
            "x": 0.960069,
            "y": 0.617788
          },
          "69": {
            "x": 0.958333,
            "y": 0.620192
          },
          "70": {
            "x": 0.949653,
            "y": 0.620192
          },
          "71": {
            "x": 0.946181,
            "y": 0.617788
          },
          "72": {
            "x": 0.942708,
            "y": 0.622596
          },
          "73": {
            "x": 0.935764,
            "y": 0.622596
          },
          "74": {
            "x": 0.932292,
            "y": 0.620192
          },
          "75": {
            "x": 0.928819,
            "y": 0.622596
          },
          "76": {
            "x": 0.930556,
            "y": 0.625
          },
          "77": {
            "x": 0.927083,
            "y": 0.629808
          },
          "78": {
            "x": 0.923611,
            "y": 0.627404
          },
          "79": {
            "x": 0.918403,
            "y": 0.627404
          },
          "80": {
            "x": 0.916667,
            "y": 0.625
          },
          "81": {
            "x": 0.920139,
            "y": 0.622596
          },
          "82": {
            "x": 0.913194,
            "y": 0.622596
          },
          "83": {
            "x": 0.914931,
            "y": 0.627404
          },
          "84": {
            "x": 0.913194,
            "y": 0.629808
          },
          "85": {
            "x": 0.904514,
            "y": 0.629808
          },
          "86": {
            "x": 0.902778,
            "y": 0.627404
          },
          "87": {
            "x": 0.899306,
            "y": 0.627404
          },
          "88": {
            "x": 0.892361,
            "y": 0.632212
          },
          "89": {
            "x": 0.887153,
            "y": 0.627404
          },
          "90": {
            "x": 0.883681,
            "y": 0.627404
          },
          "91": {
            "x": 0.878472,
            "y": 0.634615
          },
          "92": {
            "x": 0.876736,
            "y": 0.634615
          },
          "93": {
            "x": 0.871528,