{
  "labels": {
    "34": [
      {
        "is_tti": 0,
        "non_interaction_tool": "Dissector",
        "tti_polygon": {
          "0": {
            "x": 0.682617,
            "y": 0.227345
          },
          "1": {
            "x": 0.681641,
            "y": 0.228935
          },
          "2": {
            "x": 0.664062,
            "y": 0.228935
          },
          "3": {
            "x": 0.663086,
            "y": 0.230525
          },
          "4": {
            "x": 0.657227,
            "y": 0.230525
          },
          "5": {
            "x": 0.65625,
            "y": 0.232114
          },
          "6": {
            "x": 0.649414,
            "y": 0.232114
          },
          "7": {
            "x": 0.645508,
            "y": 0.235294
          },
          "8": {
            "x": 0.639648,
            "y": 0.236884
          },
          "9": {
            "x": 0.625,
            "y": 0.249603
          },
          "10": {
            "x": 0.618164,
            "y": 0.251192
          },
          "11": {
            "x": 0.613281,
            "y": 0.254372
          },
          "12": {
            "x": 0.606445,
            "y": 0.254372
          },
          "13": {
            "x": 0.603516,
            "y": 0.255962
          },
          "14": {
            "x": 0.59082,
            "y": 0.265501
          },
          "15": {
            "x": 0.587891,
            "y": 0.265501
          },
          "16": {
            "x": 0.583008,
            "y": 0.27027
          },
          "17": {
            "x": 0.581055,
            "y": 0.27027
          },
          "18": {
            "x": 0.573242,
            "y": 0.278219
          },
          "19": {
            "x": 0.566406,
            "y": 0.281399
          },
          "20": {
            "x": 0.551758,
            "y": 0.294118
          },
          "21": {
            "x": 0.549805,
            "y": 0.294118
          },
          "22": {
            "x": 0.537109,
            "y": 0.305246
          },
          "23": {
            "x": 0.535156,
            "y": 0.305246
          },
          "24": {
            "x": 0.529297,
            "y": 0.311606
          },
          "25": {
            "x": 0.516602,
            "y": 0.321145
          },
          "26": {
            "x": 0.506836,
            "y": 0.333863
          },
          "27": {
            "x": 0.500977,
            "y": 0.338633
          },
          "28": {
            "x": 0.491211,
            "y": 0.343402
          },
          "29": {
            "x": 0.481445,
            "y": 0.356121
          },
          "30": {
            "x": 0.470703,
            "y": 0.36566
          },
          "31": {
            "x": 0.46582,
            "y": 0.373609
          },
          "32": {
            "x": 0.463867,
            "y": 0.373609
          },
          "33": {
            "x": 0.458984,
            "y": 0.378378
          },
          "34": {
            "x": 0.453125,
            "y": 0.387917
          },
          "35": {
            "x": 0.450195,
            "y": 0.397456
          },
          "36": {
            "x": 0.439453,
            "y": 0.414944
          },
          "37": {
            "x": 0.436523,
            "y": 0.422893
          },
          "38": {
            "x": 0.4375,
            "y": 0.430843
          },
          "39": {
            "x": 0.435547,
            "y": 0.434022
          },
          "40": {
            "x": 0.44043,
            "y": 0.443561
          },
          "41": {
            "x": 0.444336,
            "y": 0.446741
          },
          "42": {
            "x": 0.444336,
            "y": 0.45151
          },
          "43": {
            "x": 0.450195,
            "y": 0.4531
          },
          "44": {
            "x": 0.452148,
            "y": 0.45787
          },
          "45": {
            "x": 0.454102,
            "y": 0.459459
          },
          "46": {
            "x": 0.458008,
            "y": 0.459459
          },
          "47": {
            "x": 0.458984,
            "y": 0.461049
          },
          "48": {
            "x": 0.481445,
            "y": 0.459459
          },
          "49": {
            "x": 0.486328,
            "y": 0.4531
          },
          "50": {
            "x": 0.49707,
            "y": 0.45151
          },
          "51": {
            "x": 0.504883,
            "y": 0.443561
          },
          "52": {
            "x": 0.508789,
            "y": 0.443561
          },
          "53": {
            "x": 0.518555,
            "y": 0.437202
          },
          "54": {
            "x": 0.530273,
            "y": 0.435612
          },
          "55": {
            "x": 0.533203,
            "y": 0.430843
          },
          "56": {
            "x": 0.536133,
            "y": 0.429253
          },
          "57": {
            "x": 0.541992,
            "y": 0.429253
          },
          "58": {
            "x": 0.544922,
            "y": 0.427663
          },
          "59": {
            "x": 0.549805,
            "y": 0.421304
          },
          "60": {
            "x": 0.564453,
            "y": 0.418124
          },
          "61": {
            "x": 0.570312,
            "y": 0.413355
          },
          "62": {
            "x": 0.577148,
            "y": 0.411765
          },
          "63": {
            "x": 0.581055,
            "y": 0.406995
          },
          "64": {
            "x": 0.589844,
            "y": 0.403816
          },
          "65": {
            "x": 0.595703,
            "y": 0.397456
          },
          "66": {
            "x": 0.602539,
            "y": 0.395866
          },
          "67": {
            "x": 0.611328,
            "y": 0.387917
          },
          "68": {
            "x": 0.614258,
            "y": 0.387917
          },
          "69": {
            "x": 0.618164,
            "y": 0.383148
          },
          "70": {
            "x": 0.620117,
            "y": 0.383148
          },
          "71": {
            "x": 0.623047,
            "y": 0.379968
          },
          "72": {
            "x": 0.625977,
            "y": 0.379968
          },
          "73": {
            "x": 0.630859,
            "y": 0.375199
          },
          "74": {
            "x": 0.638672,
            "y": 0.372019
          },
          "75": {
            "x": 0.641602,
            "y": 0.368839
          },
          "76": {
            "x": 0.650391,
            "y": 0.36566
          },
          "77": {
            "x": 0.65332,
            "y": 0.36248
          },
          "78": {
            "x": 0.65918,
            "y": 0.36248
          },
          "79": {
            "x": 0.662109,
            "y": 0.3593
          },
          "80": {
            "x": 0.666016,
            "y": 0.3593
          },
          "81": {
            "x": 0.676758,
            "y": 0.352941
          },
          "82": {
            "x": 0.680664,
            "y": 0.352941
          },
          "83": {
            "x": 0.68457,
            "y": 0.348172
          },
          "84": {
            "x": 0.689453,
            "y": 0.349762
          },
          "85": {
            "x": 0.693359,
            "y": 0.346582
          },
          "86": {
            "x": 0.702148,
            "y": 0.344992
          },
          "87": {
            "x": 0.705078,
            "y": 0.349762
          },
          "88": {
            "x": 0.71582,
            "y": 0.340223
          },
          "89": {
            "x": 0.71875,
            "y": 0.343402
          },
          "90": {
            "x": 0.726562,
            "y": 0.343402
          },
          "91": {
            "x": 0.732422,
            "y": 0.340223
          },
          "92": {
            "x": 0.736328,
            "y": 0.344992
          },
          "93": {
            "x": 0.737305,
            "y": 0.343402
          },