{
  "labels": {
    "15": [
      {
        "is_tti": 0,
        "non_interaction_tool": "Dissector",
        "instrument_polygon": {
          "0": {
            "x": 0.780273,
            "y": 0
          },
          "1": {
            "x": 0.779297,
            "y": 0.002519
          },
          "2": {
            "x": 0.764648,
            "y": 0.005038
          },
          "3": {
            "x": 0.758789,
            "y": 0.008816
          },
          "4": {
            "x": 0.755859,
            "y": 0.017632
          },
          "5": {
            "x": 0.751953,
            "y": 0.016373
          },
          "6": {
            "x": 0.746094,
            "y": 0.02267
          },
          "7": {
            "x": 0.736328,
            "y": 0.025189
          },
          "8": {
            "x": 0.727539,
            "y": 0.034005
          },
          "9": {
            "x": 0.714844,
            "y": 0.041562
          },
          "10": {
            "x": 0.708008,
            "y": 0.047859
          },
          "11": {
            "x": 0.705078,
            "y": 0.055416
          },
          "12": {
            "x": 0.697266,
            "y": 0.059194
          },
          "13": {
            "x": 0.693359,
            "y": 0.065491
          },
          "14": {
            "x": 0.681641,
            "y": 0.075567
          },
          "15": {
            "x": 0.681641,
            "y": 0.078086
          },
          "16": {
            "x": 0.677734,
            "y": 0.083123
          },
          "17": {
            "x": 0.672852,
            "y": 0.085642
          },
          "18": {
            "x": 0.668945,
            "y": 0.09068
          },
          "19": {
            "x": 0.666016,
            "y": 0.09068
          },
          "20": {
            "x": 0.662109,
            "y": 0.098237
          },
          "21": {
            "x": 0.649414,
            "y": 0.105793
          },
          "22": {
            "x": 0.648438,
            "y": 0.110831
          },
          "23": {
            "x": 0.644531,
            "y": 0.115869
          },
          "24": {
            "x": 0.640625,
            "y": 0.117128
          },
          "25": {
            "x": 0.629883,
            "y": 0.128463
          },
          "26": {
            "x": 0.625,
            "y": 0.130982
          },
          "27": {
            "x": 0.619141,
            "y": 0.13728
          },
          "28": {
            "x": 0.616211,
            "y": 0.143577
          },
          "29": {
            "x": 0.611328,
            "y": 0.146096
          },
          "30": {
            "x": 0.598633,
            "y": 0.162469
          },
          "31": {
            "x": 0.595703,
            "y": 0.163728
          },
          "32": {
            "x": 0.586914,
            "y": 0.172544
          },
          "33": {
            "x": 0.583984,
            "y": 0.177582
          },
          "34": {
            "x": 0.579102,
            "y": 0.180101
          },
          "35": {
            "x": 0.574219,
            "y": 0.186398
          },
          "36": {
            "x": 0.5625,
            "y": 0.196474
          },
          "37": {
            "x": 0.553711,
            "y": 0.209068
          },
          "38": {
            "x": 0.547852,
            "y": 0.212846
          },
          "39": {
            "x": 0.540039,
            "y": 0.224181
          },
          "40": {
            "x": 0.53125,
            "y": 0.232997
          },
          "41": {
            "x": 0.52832,
            "y": 0.239295
          },
          "42": {
            "x": 0.523438,
            "y": 0.241814
          },
          "43": {
            "x": 0.513672,
            "y": 0.254408
          },
          "44": {
            "x": 0.507812,
            "y": 0.258186
          },
          "45": {
            "x": 0.492188,
            "y": 0.278338
          },
          "46": {
            "x": 0.490234,
            "y": 0.285894
          },
          "47": {
            "x": 0.480469,
            "y": 0.29471
          },
          "48": {
            "x": 0.478516,
            "y": 0.301008
          },
          "49": {
            "x": 0.473633,
            "y": 0.307305
          },
          "50": {
            "x": 0.470703,
            "y": 0.306045
          },
          "51": {
            "x": 0.470703,
            "y": 0.309824
          },
          "52": {
            "x": 0.475586,
            "y": 0.313602
          },
          "53": {
            "x": 0.470703,
            "y": 0.319899
          },
          "54": {
            "x": 0.464844,
            "y": 0.31864
          },
          "55": {
            "x": 0.461914,
            "y": 0.319899
          },
          "56": {
            "x": 0.456055,
            "y": 0.329975
          },
          "57": {
            "x": 0.451172,
            "y": 0.335013
          },
          "58": {
            "x": 0.446289,
            "y": 0.336272
          },
          "59": {
            "x": 0.439453,
            "y": 0.351385
          },
          "60": {
            "x": 0.431641,
            "y": 0.352645
          },
          "61": {
            "x": 0.429688,
            "y": 0.358942
          },
          "62": {
            "x": 0.424805,
            "y": 0.365239
          },
          "63": {
            "x": 0.415039,
            "y": 0.369018
          },
          "64": {
            "x": 0.413086,
            "y": 0.372796
          },
          "65": {
            "x": 0.416016,
            "y": 0.376574
          },
          "66": {
            "x": 0.416016,
            "y": 0.379093
          },
          "67": {
            "x": 0.412109,
            "y": 0.380353
          },
          "68": {
            "x": 0.40625,
            "y": 0.38539
          },
          "69": {
            "x": 0.407227,
            "y": 0.395466
          },
          "70": {
            "x": 0.40332,
            "y": 0.400504
          },
          "71": {
            "x": 0.401367,
            "y": 0.400504
          },
          "72": {
            "x": 0.398438,
            "y": 0.405542
          },
          "73": {
            "x": 0.395508,
            "y": 0.406801
          },
          "74": {
            "x": 0.392578,
            "y": 0.411839
          },
          "75": {
            "x": 0.383789,
            "y": 0.414358
          },
          "76": {
            "x": 0.378906,
            "y": 0.421914
          },
          "77": {
            "x": 0.375977,
            "y": 0.423174
          },
          "78": {
            "x": 0.375,
            "y": 0.428212
          },
          "79": {
            "x": 0.37207,
            "y": 0.43199
          },
          "80": {
            "x": 0.368164,
            "y": 0.434509
          },
          "81": {
            "x": 0.363281,
            "y": 0.444584
          },
          "82": {
            "x": 0.358398,
            "y": 0.449622
          },
          "83": {
            "x": 0.356445,
            "y": 0.449622
          },
          "84": {
            "x": 0.356445,
            "y": 0.452141
          },
          "85": {
            "x": 0.359375,
            "y": 0.45466
          },
          "86": {
            "x": 0.355469,
            "y": 0.459698
          },
          "87": {
            "x": 0.352539,
            "y": 0.460957
          },
          "88": {
            "x": 0.350586,
            "y": 0.465995
          },
          "89": {
            "x": 0.347656,
            "y": 0.467254
          },
          "90": {
            "x": 0.336914,
            "y": 0.481108
          },
          "91": {
            "x": 0.333008,
            "y": 0.491184
          },
          "92": {
            "x": 0.319336,
            "y": 0.508816
          },
          "93": {
            "x": 0.319336,
            "y": 0.511335
          },