{
  "labels": {
    "88": [
      {
        "instrument_polygon": {
          "0": {
            "x": 0.997810432291638,
            "y": 0.1714217886740331
          },
          "1": {
            "x": 0.9899327591870717,
            "y": 0.17437504543471935
          },
          "10": {
            "x": 0.9066676350834215,
            "y": 0.19361664909857518
          },
          "11": {
            "x": 0.8982299576308382,
            "y": 0.19538860315498688
          },
          "12": {
            "x": 0.890009595298381,
            "y": 0.19716055721139863
          },
          "13": {
            "x": 0.8821277430568889,
            "y": 0.20070446532422212
          },
          "14": {
            "x": 0.8683073372442625,
            "y": 0.2067132069642338
          },
          "15": {
            "x": 0.8605216051520571,
            "y": 0.20994475138121546
          },
          "16": {
            "x": 0.8487239016113722,
            "y": 0.2144655059610352
          },
          "17": {
            "x": 0.8378038168250423,
            "y": 0.2162033839779005
          },
          "18": {
            "x": 0.8300222638697625,
            "y": 0.21853191334690317
          },
          "19": {
            "x": 0.8204771151319218,
            "y": 0.22058215505961037
          },
          "2": {
            "x": 0.9797398442257785,
            "y": 0.1763400970485606
          },
          "20": {
            "x": 0.8100668850505028,
            "y": 0.22318897208490837
          },
          "21": {
            "x": 0.80200950905814,
            "y": 0.22377962343704566
          },
          "22": {
            "x": 0.7935258610993762,
            "y": 0.22555157749345736
          },
          "23": {
            "x": 0.7850840045098674,
            "y": 0.22810728045943587
          },
          "24": {
            "x": 0.7766922975634646,
            "y": 0.23015752217214305
          },
          "25": {
            "x": 0.7660605732249941,
            "y": 0.2331107789328293
          },
          "26": {
            "x": 0.7571882655321589,
            "y": 0.23822786420471068
          },
          "27": {
            "x": 0.7497494018047699,
            "y": 0.24236242366967142
          },
          "28": {
            "x": 0.7422980006666045,
            "y": 0.24945023989531842
          },
          "29": {
            "x": 0.7331958404428668,
            "y": 0.25560096503344
          },
          "3": {
            "x": 0.9705123098942761,
            "y": 0.17822563790346027
          },
          "30": {
            "x": 0.7261874278188043,
            "y": 0.26150747855481243
          },
          "31": {
            "x": 0.7198852893351512,
            "y": 0.26828293108461765
          },
          "32": {
            "x": 0.7135747925776471,
            "y": 0.2759273226228555
          },
          "33": {
            "x": 0.7100726758340785,
            "y": 0.286559046961326
          },
          "34": {
            "x": 0.7091950570797236,
            "y": 0.2974349829165455
          },
          "35": {
            "x": 0.7034947143133425,
            "y": 0.3051134504943298
          },
          "36": {
            "x": 0.6960391340382516,
            "y": 0.31042931266356505
          },
          "37": {
            "x": 0.6885919120370116,
            "y": 0.3145638721285257
          },
          "38": {
            "x": 0.6837733671619108,
            "y": 0.324849156731608
          },
          "39": {
            "x": 0.6876850393241782,
            "y": 0.334299578365804
          },
          "4": {
            "x": 0.9624591130388387,
            "y": 0.17940694060773477
          },
          "40": {
            "x": 0.6956880865365096,
            "y": 0.3369404714306485
          },
          "41": {
            "x": 0.703691133748841,
            "y": 0.33958136449549287
          },
          "42": {
            "x": 0.7097759571123681,
            "y": 0.34725983207327715
          },
          "43": {
            "x": 0.716730040956399,
            "y": 0.35375699694678686
          },
          "44": {
            "x": 0.7242984579284785,
            "y": 0.35757919271590577
          },
          "45": {
            "x": 0.7329910627335173,
            "y": 0.3563865313317825
          },
          "46": {
            "x": 0.7422980006666045,
            "y": 0.3563865313317825
          },
          "47": {
            "x": 0.7509906054716432,
            "y": 0.35519386994765917
          },
          "48": {
            "x": 0.7597876886998195,
            "y": 0.3543192515993021
          },
          "49": {
            "x": 0.7677907359121507,
            "y": 0.3537229209072405
          },
          "5": {
            "x": 0.9548321881498021,
            "y": 0.18232612132887466
          },
          "50": {
            "x": 0.7764833407171895,
            "y": 0.35312659021517884
          },
          "51": {
            "x": 0.7847413152819764,
            "y": 0.35193960817097997
          },
          "52": {
            "x": 0.7927443624943078,
            "y": 0.35046865913056124
          },
          "53": {
            "x": 0.8011068154822321,
            "y": 0.3498723284384996
          },
          "54": {
            "x": 0.8124782470565158,
            "y": 0.3481287710817098
          },
          "55": {
            "x": 0.8272347795404544,
            "y": 0.3481287710817098
          },
          "56": {
            "x": 0.839701144989219,
            "y": 0.3481287710817098
          },
          "57": {
            "x": 0.848318525329599,
            "y": 0.34753244038964815
          },
          "58": {
            "x": 0.8567562027821822,
            "y": 0.34753244038964815
          },
          "59": {
            "x": 0.8646840255298545,
            "y": 0.3466578220412911
          },
          "6": {
            "x": 0.9414547708512786,
            "y": 0.18459785729863332
          },
          "60": {
            "x": 0.8779862183637192,
            "y": 0.3454708399970922
          },
          "61": {
            "x": 0.8908078104511512,
            "y": 0.3445962216487351
          },
          "62": {
            "x": 0.9051589666533163,
            "y": 0.3445962216487351
          },
          "63": {
            "x": 0.9165303982276001,
            "y": 0.3422506542599593
          },
          "64": {
            "x": 0.927901829801884,
            "y": 0.34050141756324515
          },
          "65": {
            "x": 0.942027312610072,
            "y": 0.3399050868711835
          },
          "66": {
            "x": 0.9525294837038519,
            "y": 0.3371449276679267
          },
          "67": {
            "x": 0.9651713729034876,
            "y": 0.3359522662838034
          },
          "68": {
            "x": 0.9736090503560709,
            "y": 0.3359522662838034
          },
          "69": {
            "x": 0.9822264306964508,
            "y": 0.3353559355917418
          },
          "7": {
            "x": 0.9323609689013919,
            "y": 0.18605744765920323
          },
          "70": {
            "x": 0.9913536657417416,
            "y": 0.33475960489968015
          },
          "71": {
            "x": 0.9996116403065283,
            "y": 0.3341632742076185
          },
          "8": {
            "x": 0.9231794050760698,
            "y": 0.187829401715615
          },
          "9": {
            "x": 0.9155524801870333,
            "y": 0.19047029478045938
          }
        },
        "instrument_type": "Cautery (Hook, Spatula)"
      },
      {
        "is_tti": 1,
        "interaction_type": "Energy - sharp dissection",
        "interaction_tool": "Cautery (Hook, Spatula)",
        "tti_polygon": {
          "0": {
            "x": 0.668046637158941,
            "y": 0.4924528922528768
          },
          "1": {
            "x": 0.6719156557654193,