{
  "labels": {
    "116": [
      {
        "instrument_polygon": {
          "0": {
            "x": 0.6784045632862942,
            "y": 0.22031167313193217
          },
          "1": {
            "x": 0.6795231556773501,
            "y": 0.2643929317879536
          },
          "2": {
            "x": 0.6918269892860199,
            "y": 0.2811134971866539
          },
          "3": {
            "x": 0.7276197270477371,
            "y": 0.279593387801634
          },
          "4": {
            "x": 0.8338795186150688,
            "y": 0.25071258515929296
          },
          "5": {
            "x": 0.9099391930294909,
            "y": 0.23855217396023828
          },
          "6": {
            "x": 1,
            "y": 0.2324719683607109
          },
          "7": {
            "x": 1,
            "y": 0.07590728301683032
          },
          "8": {
            "x": 0.732093755265488,
            "y": 0.15494966588499604
          },
          "9": {
            "x": 0.6985380316126465,
            "y": 0.2020710853259191
          }
        },
        "instrument_type": "Cautery (Hook, Spatula)"
      },
      {
        "is_tti": 1,
        "interaction_type": "Energy - sharp dissection",
        "interaction_tool": "Cautery (Hook, Spatula)",
        "tti_polygon": {
          "0": {
            "x": 0.6300284291547615,
            "y": 0.18269048071442137
          },
          "1": {
            "x": 0.6087764537739714,
            "y": 0.22829184875546263
          },
          "2": {
            "x": 0.6624657310897835,
            "y": 0.29669390081702446
          },
          "3": {
            "x": 0.6714137875252856,
            "y": 0.2130913927417822
          }
        }
      }
    ],
    "144": [
      {
        "is_tti": 0,
        "non_interaction_tool": "Cautery (Hook, Spatula)",
        "instrument_polygon": {
          "0": {
            "x": 0.871094,
            "y": 0.605578
          },
          "1": {
            "x": 0.861328,
            "y": 0.614874
          },
          "10": {
            "x": 0.790039,
            "y": 0.662683
          },
          "11": {
            "x": 0.78125,
            "y": 0.686587
          },
          "12": {
            "x": 0.777344,
            "y": 0.693227
          },
          "13": {
            "x": 0.775391,
            "y": 0.694555
          },
          "14": {
            "x": 0.756836,
            "y": 0.694555
          },
          "15": {
            "x": 0.755859,
            "y": 0.695883
          },
          "16": {
            "x": 0.733398,
            "y": 0.694555
          },
          "17": {
            "x": 0.720703,
            "y": 0.686587
          },
          "18": {
            "x": 0.714844,
            "y": 0.670651
          },
          "19": {
            "x": 0.712891,
            "y": 0.669323
          },
          "2": {
            "x": 0.857422,
            "y": 0.614874
          },
          "20": {
            "x": 0.712891,
            "y": 0.665339
          },
          "21": {
            "x": 0.709961,
            "y": 0.661355
          },
          "22": {
            "x": 0.705078,
            "y": 0.641434
          },
          "23": {
            "x": 0.703125,
            "y": 0.638778
          },
          "24": {
            "x": 0.701172,
            "y": 0.622842
          },
          "25": {
            "x": 0.697266,
            "y": 0.61753
          },
          "26": {
            "x": 0.693359,
            "y": 0.618858
          },
          "27": {
            "x": 0.691406,
            "y": 0.616202
          },
          "28": {
            "x": 0.6875,
            "y": 0.616202
          },
          "29": {
            "x": 0.686523,
            "y": 0.613546
          },
          "3": {
            "x": 0.84082,
            "y": 0.628154
          },
          "30": {
            "x": 0.691406,
            "y": 0.61089
          },
          "31": {
            "x": 0.686523,
            "y": 0.609562
          },
          "32": {
            "x": 0.68457,
            "y": 0.614874
          },
          "33": {
            "x": 0.68457,
            "y": 0.622842
          },
          "34": {
            "x": 0.686523,
            "y": 0.625498
          },
          "35": {
            "x": 0.68457,
            "y": 0.636122
          },
          "36": {
            "x": 0.68457,
            "y": 0.654714
          },
          "37": {
            "x": 0.688477,
            "y": 0.669323
          },
          "38": {
            "x": 0.692383,
            "y": 0.673307
          },
          "39": {
            "x": 0.692383,
            "y": 0.677291
          },
          "4": {
            "x": 0.833984,
            "y": 0.632138
          },
          "40": {
            "x": 0.704102,
            "y": 0.693227
          },
          "41": {
            "x": 0.710938,
            "y": 0.697211
          },
          "42": {
            "x": 0.719727,
            "y": 0.707835
          },
          "43": {
            "x": 0.736328,
            "y": 0.718459
          },
          "44": {
            "x": 0.741211,
            "y": 0.719788
          },
          "45": {
            "x": 0.744141,
            "y": 0.722444
          },
          "46": {
            "x": 0.74707,
            "y": 0.722444
          },
          "47": {
            "x": 0.751953,
            "y": 0.726428
          },
          "48": {
            "x": 0.763672,
            "y": 0.727756
          },
          "49": {
            "x": 0.771484,
            "y": 0.733068
          },
          "5": {
            "x": 0.830078,
            "y": 0.632138
          },
          "50": {
            "x": 0.777344,
            "y": 0.734396
          },
          "51": {
            "x": 0.791016,
            "y": 0.759628
          },
          "52": {
            "x": 0.793945,
            "y": 0.759628
          },
          "53": {
            "x": 0.805664,
            "y": 0.766268
          },
          "54": {
            "x": 0.810547,
            "y": 0.766268
          },
          "55": {
            "x": 0.811523,
            "y": 0.767596
          },
          "56": {
            "x": 0.844727,
            "y": 0.775564
          },
          "57": {
            "x": 0.859375,
            "y": 0.783533
          },
          "58": {
            "x": 0.865234,
            "y": 0.784861
          },
          "59": {
            "x": 0.87793,
            "y": 0.792829
          },
          "6": {
            "x": 0.825195,
            "y": 0.63745
          },
          "60": {
            "x": 0.896484,
            "y": 0.798141
          },
          "61": {
            "x": 0.899414,
            "y": 0.802125
          },
          "62": {
            "x": 0.908203,
            "y": 0.806109
          },
          "63": {
            "x": 0.911133,
            "y": 0.803453
          },
          "64": {
            "x": 0.918945,
            "y": 0.803453
          },
          "65": {
            "x": 0.922852,
            "y": 0.807437
          },
          "66": {
            "x": 0.928711,
            "y": 0.807437
          },
          "67": {
            "x": 0.929688,
            "y": 0.808765
          },
          "68": {
            "x": 0.941406,
            "y": 0.810093
          },
          "69": {
            "x": 0.942383,
            "y": 0.811421
          },
          "7": {
            "x": 0.822266,
            "y": 0.636122
          },
          "70": {
            "x": 0.950195,
            "y": 0.811421
          },
          "71": {
            "x": 0.951172,
            "y": 0.812749
          },
          "72": {
            "x": 0.999023,
            "y": 0.811421
          },
          "73": {
            "x": 0.999023,
            "y": 0.606906
          },
          "74": {
            "x": 0.982422,
            "y": 0.612218
          },