{
  "labels": {
    "0": [],
    "1": [],
    "10": [],
    "100": [
      {
        "instrument_polygon": {
          "0": {
            "x": 0.99707,
            "y": 0.122093
          },
          "1": {
            "x": 0.974609,
            "y": 0.149709
          },
          "10": {
            "x": 0.853516,
            "y": 0.37064
          },
          "11": {
            "x": 0.852539,
            "y": 0.377907
          },
          "12": {
            "x": 0.854492,
            "y": 0.388081
          },
          "13": {
            "x": 0.861328,
            "y": 0.396802
          },
          "14": {
            "x": 0.870117,
            "y": 0.395349
          },
          "15": {
            "x": 0.876953,
            "y": 0.389535
          },
          "16": {
            "x": 0.881836,
            "y": 0.388081
          },
          "17": {
            "x": 0.890625,
            "y": 0.380814
          },
          "18": {
            "x": 0.893555,
            "y": 0.376453
          },
          "19": {
            "x": 0.901367,
            "y": 0.372093
          },
          "2": {
            "x": 0.958984,
            "y": 0.174419
          },
          "20": {
            "x": 0.914062,
            "y": 0.356105
          },
          "21": {
            "x": 0.932617,
            "y": 0.34157
          },
          "22": {
            "x": 0.945312,
            "y": 0.335756
          },
          "23": {
            "x": 0.966797,
            "y": 0.319767
          },
          "24": {
            "x": 0.973633,
            "y": 0.3125
          },
          "25": {
            "x": 0.979492,
            "y": 0.309593
          },
          "26": {
            "x": 0.993164,
            "y": 0.296512
          },
          "27": {
            "x": 0.999023,
            "y": 0.293605
          },
          "28": {
            "x": 0.999023,
            "y": 0.122093
          },
          "3": {
            "x": 0.938477,
            "y": 0.21657
          },
          "4": {
            "x": 0.926758,
            "y": 0.244186
          },
          "5": {
            "x": 0.919922,
            "y": 0.265988
          },
          "6": {
            "x": 0.904297,
            "y": 0.299419
          },
          "7": {
            "x": 0.885742,
            "y": 0.328488
          },
          "8": {
            "x": 0.863281,
            "y": 0.351744
          },
          "9": {
            "x": 0.857422,
            "y": 0.360465
          }
        },
        "instrument_type": "Cautery (Hook, Spatula)"
      },
      {
        "is_tti": 1,
        "interaction_type": "Blunt dissection",
        "interaction_tool": "Cautery (Hook, Spatula)",
        "tti_polygon": {
          "0": {
            "x": 0.8432989529146101,
            "y": 0.2872292090724048
          },
          "1": {
            "x": 0.8269317581407551,
            "y": 0.29208504470776386
          },
          "10": {
            "x": 0.8890652776809522,
            "y": 0.42055171379761563
          },
          "11": {
            "x": 0.8938430179133763,
            "y": 0.3940916690898517
          },
          "12": {
            "x": 0.8935300988246712,
            "y": 0.36498505197731906
          },
          "13": {
            "x": 0.8872297400996456,
            "y": 0.34072859116022103
          },
          "14": {
            "x": 0.8809064848559344,
            "y": 0.31654028242221577
          },
          "15": {
            "x": 0.8683859052212833,
            "y": 0.30022353881942426
          },
          "16": {
            "x": 0.8628487637857825,
            "y": 0.29556080074149466
          },
          "2": {
            "x": 0.8162886930383347,
            "y": 0.3137858025588834
          },
          "3": {
            "x": 0.8159795900360771,
            "y": 0.3415407367694097
          },
          "4": {
            "x": 0.8210359045791776,
            "y": 0.366302658839779
          },
          "5": {
            "x": 0.8286604453015283,
            "y": 0.3900820551032277
          },
          "6": {
            "x": 0.8348310570873346,
            "y": 0.4133048760540855
          },
          "7": {
            "x": 0.8448368357530022,
            "y": 0.43610174651061356
          },
          "8": {
            "x": 0.861871845655191,
            "y": 0.4430248618784531
          },
          "9": {
            "x": 0.8794449237464949,
            "y": 0.4430248618784531
          }
        }
      }
    ],
    "101": [],
    "102": [],
    "103": [],
    "104": [],
    "105": [],
    "106": [],
    "107": [],
    "108": [],
    "109": [],
    "11": [],
    "110": [],
    "111": [],
    "112": [],
    "113": [],
    "114": [],
    "115": [],
    "116": [],
    "117": [],
    "118": [],
    "119": [],
    "12": [],
    "120": [],
    "121": [],
    "122": [],
    "123": [],
    "124": [],
    "125": [],
    "126": [],
    "127": [],
    "128": [],
    "129": [],
    "13": [],
    "130": [],
    "131": [],
    "132": [],
    "133": [],
    "134": [],
    "135": [],
    "136": [],
    "137": [],
    "138": [],
    "139": [],
    "14": [],
    "140": [],
    "141": [],
    "142": [],
    "143": [],
    "144": [],
    "145": [],
    "146": [],
    "147": [],
    "148": [],
    "149": [],
    "15": [],
    "150": [],
    "151": [],
    "16": [],
    "17": [],
    "18": [],
    "19": [],
    "2": [],
    "20": [],
    "21": [],
    "22": [],
    "23": [],
    "24": [],
    "25": [],
    "26": [],
    "27": [],
    "28": [],
    "29": [],
    "3": [],
    "30": [],
    "31": [],
    "32": [],
    "33": [],
    "34": [],
    "35": [],
    "36": [],
    "37": [],
    "38": [],
    "39": [],
    "4": [],
    "40": [],
    "41": [],
    "42": [],
    "43": [],
    "44": [],
    "45": [],
    "46": [],
    "47": [],
    "48": [],
    "49": [],
    "5": [],
    "50": [],
    "51": [],
    "52": [],
    "53": [],
    "54": [],
    "55": [],
    "56": [],
    "57": [],
    "58": [],
    "59": [],
    "6": [],
    "60": [],
    "61": [],
    "62": [],
    "63": [],
    "64": [],
    "65": [],
    "66": [],
    "67": [],
    "68": [],
    "69": [],
    "7": [],
    "70": [],
    "71": [],
    "72": [],
    "73": [],
    "74": [],
    "75": [],
    "76": [],
    "77": [],
    "78": [],
    "79": [],
    "8": [],
    "80": [],
    "81": [],
    "82": [],
    "83": [],
    "84": [],
    "85": [],
    "86": [],
    "87": [],
    "88": [],
    "89": [],
    "9": [],
    "90": [],
    "91": [],
    "92": [],
    "93": [],
    "94": [],
    "95": [],
    "96": [],
    "97": [],
    "98": [],
    "99": []
  }
}