{
  "labels": {
    "188": [
      {
        "is_tti": 0,
        "non_interaction_tool": "Cautery (Hook, Spatula)",
        "tti_polygon": {
          "0": {
            "x": 0.93457,
            "y": 0.106267
          },
          "1": {
            "x": 0.927734,
            "y": 0.111717
          },
          "2": {
            "x": 0.917969,
            "y": 0.126703
          },
          "3": {
            "x": 0.908203,
            "y": 0.137602
          },
          "4": {
            "x": 0.899414,
            "y": 0.153951
          },
          "5": {
            "x": 0.863281,
            "y": 0.201635
          },
          "6": {
            "x": 0.858398,
            "y": 0.209809
          },
          "7": {
            "x": 0.858398,
            "y": 0.212534
          },
          "8": {
            "x": 0.851562,
            "y": 0.220708
          },
          "9": {
            "x": 0.849609,
            "y": 0.22752
          },
          "10": {
            "x": 0.841797,
            "y": 0.239782
          },
          "11": {
            "x": 0.841797,
            "y": 0.243869
          },
          "12": {
            "x": 0.827148,
            "y": 0.262943
          },
          "13": {
            "x": 0.822266,
            "y": 0.26703
          },
          "14": {
            "x": 0.797852,
            "y": 0.303815
          },
          "15": {
            "x": 0.795898,
            "y": 0.303815
          },
          "16": {
            "x": 0.791992,
            "y": 0.310627
          },
          "17": {
            "x": 0.773438,
            "y": 0.325613
          },
          "18": {
            "x": 0.769531,
            "y": 0.331063
          },
          "19": {
            "x": 0.763672,
            "y": 0.333787
          },
          "20": {
            "x": 0.74707,
            "y": 0.354223
          },
          "21": {
            "x": 0.739258,
            "y": 0.356948
          },
          "22": {
            "x": 0.736328,
            "y": 0.361035
          },
          "23": {
            "x": 0.728516,
            "y": 0.36376
          },
          "24": {
            "x": 0.71875,
            "y": 0.373297
          },
          "25": {
            "x": 0.709961,
            "y": 0.378747
          },
          "26": {
            "x": 0.699219,
            "y": 0.388283
          },
          "27": {
            "x": 0.693359,
            "y": 0.396458
          },
          "28": {
            "x": 0.69043,
            "y": 0.404632
          },
          "29": {
            "x": 0.689453,
            "y": 0.435967
          },
          "30": {
            "x": 0.686523,
            "y": 0.441417
          },
          "31": {
            "x": 0.68457,
            "y": 0.441417
          },
          "32": {
            "x": 0.668945,
            "y": 0.456403
          },
          "33": {
            "x": 0.662109,
            "y": 0.457766
          },
          "34": {
            "x": 0.658203,
            "y": 0.455041
          },
          "35": {
            "x": 0.657227,
            "y": 0.450954
          },
          "36": {
            "x": 0.629883,
            "y": 0.411444
          },
          "37": {
            "x": 0.62207,
            "y": 0.410082
          },
          "38": {
            "x": 0.619141,
            "y": 0.407357
          },
          "39": {
            "x": 0.614258,
            "y": 0.405995
          },
          "40": {
            "x": 0.606445,
            "y": 0.414169
          },
          "41": {
            "x": 0.604492,
            "y": 0.416894
          },
          "42": {
            "x": 0.604492,
            "y": 0.422343
          },
          "43": {
            "x": 0.606445,
            "y": 0.426431
          },
          "44": {
            "x": 0.610352,
            "y": 0.427793
          },
          "45": {
            "x": 0.619141,
            "y": 0.442779
          },
          "46": {
            "x": 0.628906,
            "y": 0.448229
          },
          "47": {
            "x": 0.633789,
            "y": 0.455041
          },
          "48": {
            "x": 0.643555,
            "y": 0.461853
          },
          "49": {
            "x": 0.649414,
            "y": 0.47139
          },
          "50": {
            "x": 0.65918,
            "y": 0.478202
          },
          "51": {
            "x": 0.666992,
            "y": 0.480926
          },
          "52": {
            "x": 0.678711,
            "y": 0.482289
          },
          "53": {
            "x": 0.686523,
            "y": 0.479564
          },
          "54": {
            "x": 0.699219,
            "y": 0.479564
          },
          "55": {
            "x": 0.702148,
            "y": 0.478202
          },
          "56": {
            "x": 0.705078,
            "y": 0.479564
          },
          "57": {
            "x": 0.708984,
            "y": 0.475477
          },
          "58": {
            "x": 0.712891,
            "y": 0.474114
          },
          "59": {
            "x": 0.720703,
            "y": 0.475477
          },
          "60": {
            "x": 0.730469,
            "y": 0.47139
          },
          "61": {
            "x": 0.75293,
            "y": 0.456403
          },
          "62": {
            "x": 0.759766,
            "y": 0.449591
          },
          "63": {
            "x": 0.767578,
            "y": 0.445504
          },
          "64": {
            "x": 0.779297,
            "y": 0.435967
          },
          "65": {
            "x": 0.78125,
            "y": 0.435967
          },
          "66": {
            "x": 0.793945,
            "y": 0.426431
          },
          "67": {
            "x": 0.800781,
            "y": 0.423706
          },
          "68": {
            "x": 0.805664,
            "y": 0.418256
          },
          "69": {
            "x": 0.817383,
            "y": 0.411444
          },
          "70": {
            "x": 0.823242,
            "y": 0.405995
          },
          "71": {
            "x": 0.828125,
            "y": 0.404632
          },
          "72": {
            "x": 0.836914,
            "y": 0.39782
          },
          "73": {
            "x": 0.84668,
            "y": 0.393733
          },
          "74": {
            "x": 0.853516,
            "y": 0.386921
          },
          "75": {
            "x": 0.865234,
            "y": 0.380109
          },
          "76": {
            "x": 0.876953,
            "y": 0.36921
          },
          "77": {
            "x": 0.887695,
            "y": 0.354223
          },
          "78": {
            "x": 0.891602,
            "y": 0.351499
          },
          "79": {
            "x": 0.897461,
            "y": 0.343324
          },
          "80": {
            "x": 0.904297,
            "y": 0.325613
          },
          "81": {
            "x": 0.904297,
            "y": 0.318801
          },
          "82": {
            "x": 0.908203,
            "y": 0.30109
          },
          "83": {
            "x": 0.908203,
            "y": 0.287466
          },
          "84": {
            "x": 0.913086,
            "y": 0.250681
          },
          "85": {
            "x": 0.916016,
            "y": 0.243869
          },
          "86": {
            "x": 0.916016,
            "y": 0.235695
          },
          "87": {
            "x": 0.919922,
            "y": 0.223433
          },
          "88": {
            "x": 0.918945,
            "y": 0.220708
          },
          "89": {
            "x": 0.920898,
            "y": 0.216621
          },
          "90": {
            "x": 0.922852,
            "y": 0.196185
          },
          "91": {
            "x": 0.924805,
            "y": 0.189373
          },
          "92": {
            "x": 0.927734,
            "y": 0.185286
          },
          "93": {
            "x": 0.931641,