{
  "labels": {
    "92": [
      {
        "is_tti": 0,
        "non_interaction_tool": "Cautery (Hook, Spatula)",
        "instrument_polygon": {
          "0": {
            "x": 0.993164,
            "y": 0.406667
          },
          "1": {
            "x": 0.990234,
            "y": 0.409333
          },
          "2": {
            "x": 0.985352,
            "y": 0.408
          },
          "3": {
            "x": 0.984375,
            "y": 0.409333
          },
          "4": {
            "x": 0.975586,
            "y": 0.409333
          },
          "5": {
            "x": 0.974609,
            "y": 0.410667
          },
          "6": {
            "x": 0.960938,
            "y": 0.410667
          },
          "7": {
            "x": 0.956055,
            "y": 0.413333
          },
          "8": {
            "x": 0.950195,
            "y": 0.412
          },
          "9": {
            "x": 0.944336,
            "y": 0.414667
          },
          "10": {
            "x": 0.938477,
            "y": 0.414667
          },
          "11": {
            "x": 0.935547,
            "y": 0.417333
          },
          "12": {
            "x": 0.924805,
            "y": 0.417333
          },
          "13": {
            "x": 0.923828,
            "y": 0.416
          },
          "14": {
            "x": 0.919922,
            "y": 0.418667
          },
          "15": {
            "x": 0.875977,
            "y": 0.417333
          },
          "16": {
            "x": 0.871094,
            "y": 0.413333
          },
          "17": {
            "x": 0.864258,
            "y": 0.416
          },
          "18": {
            "x": 0.857422,
            "y": 0.412
          },
          "19": {
            "x": 0.848633,
            "y": 0.412
          },
          "20": {
            "x": 0.839844,
            "y": 0.409333
          },
          "21": {
            "x": 0.825195,
            "y": 0.410667
          },
          "22": {
            "x": 0.80957,
            "y": 0.422667
          },
          "23": {
            "x": 0.805664,
            "y": 0.422667
          },
          "24": {
            "x": 0.805664,
            "y": 0.428
          },
          "25": {
            "x": 0.798828,
            "y": 0.437333
          },
          "26": {
            "x": 0.785156,
            "y": 0.449333
          },
          "27": {
            "x": 0.776367,
            "y": 0.46
          },
          "28": {
            "x": 0.760742,
            "y": 0.472
          },
          "29": {
            "x": 0.751953,
            "y": 0.481333
          },
          "30": {
            "x": 0.74707,
            "y": 0.489333
          },
          "31": {
            "x": 0.735352,
            "y": 0.497333
          },
          "32": {
            "x": 0.722656,
            "y": 0.510667
          },
          "33": {
            "x": 0.719727,
            "y": 0.512
          },
          "34": {
            "x": 0.716797,
            "y": 0.518667
          },
          "35": {
            "x": 0.712891,
            "y": 0.522667
          },
          "36": {
            "x": 0.688477,
            "y": 0.54
          },
          "37": {
            "x": 0.679688,
            "y": 0.550667
          },
          "38": {
            "x": 0.668945,
            "y": 0.552
          },
          "39": {
            "x": 0.662109,
            "y": 0.556
          },
          "40": {
            "x": 0.649414,
            "y": 0.554667
          },
          "41": {
            "x": 0.646484,
            "y": 0.557333
          },
          "42": {
            "x": 0.626953,
            "y": 0.558667
          },
          "43": {
            "x": 0.620117,
            "y": 0.553333
          },
          "44": {
            "x": 0.616211,
            "y": 0.545333
          },
          "45": {
            "x": 0.612305,
            "y": 0.542667
          },
          "46": {
            "x": 0.609375,
            "y": 0.536
          },
          "47": {
            "x": 0.605469,
            "y": 0.532
          },
          "48": {
            "x": 0.600586,
            "y": 0.522667
          },
          "49": {
            "x": 0.599609,
            "y": 0.517333
          },
          "50": {
            "x": 0.588867,
            "y": 0.502667
          },
          "51": {
            "x": 0.588867,
            "y": 0.497333
          },
          "52": {
            "x": 0.583984,
            "y": 0.489333
          },
          "53": {
            "x": 0.579102,
            "y": 0.486667
          },
          "54": {
            "x": 0.575195,
            "y": 0.481333
          },
          "55": {
            "x": 0.563477,
            "y": 0.48
          },
          "56": {
            "x": 0.561523,
            "y": 0.481333
          },
          "57": {
            "x": 0.558594,
            "y": 0.489333
          },
          "58": {
            "x": 0.55957,
            "y": 0.497333
          },
          "59": {
            "x": 0.563477,
            "y": 0.509333
          },
          "60": {
            "x": 0.567383,
            "y": 0.513333
          },
          "61": {
            "x": 0.568359,
            "y": 0.518667
          },
          "62": {
            "x": 0.575195,
            "y": 0.533333
          },
          "63": {
            "x": 0.583008,
            "y": 0.544
          },
          "64": {
            "x": 0.581055,
            "y": 0.548
          },
          "65": {
            "x": 0.584961,
            "y": 0.553333
          },
          "66": {
            "x": 0.59375,
            "y": 0.573333
          },
          "67": {
            "x": 0.59668,
            "y": 0.576
          },
          "68": {
            "x": 0.59668,
            "y": 0.578667
          },
          "69": {
            "x": 0.607422,
            "y": 0.594667
          },
          "70": {
            "x": 0.613281,
            "y": 0.596
          },
          "71": {
            "x": 0.625977,
            "y": 0.610667
          },
          "72": {
            "x": 0.643555,
            "y": 0.624
          },
          "73": {
            "x": 0.650391,
            "y": 0.626667
          },
          "74": {
            "x": 0.65332,
            "y": 0.630667
          },
          "75": {
            "x": 0.666016,
            "y": 0.633333
          },
          "76": {
            "x": 0.673828,
            "y": 0.64
          },
          "77": {
            "x": 0.682617,
            "y": 0.64
          },
          "78": {
            "x": 0.69043,
            "y": 0.642667
          },
          "79": {
            "x": 0.694336,
            "y": 0.645333
          },
          "80": {
            "x": 0.696289,
            "y": 0.649333
          },
          "81": {
            "x": 0.702148,
            "y": 0.652
          },
          "82": {
            "x": 0.703125,
            "y": 0.657333
          },
          "83": {
            "x": 0.706055,
            "y": 0.657333
          },
          "84": {
            "x": 0.714844,
            "y": 0.662667
          },
          "85": {
            "x": 0.727539,
            "y": 0.662667
          },
          "86": {
            "x": 0.736328,
            "y": 0.665333
          },
          "87": {
            "x": 0.770508,
            "y": 0.666667
          },
          "88": {
            "x": 0.777344,
            "y": 0.669333
          },
          "89": {
            "x": 0.78418,
            "y": 0.669333
          },
          "90": {
            "x": 0.791992,
            "y": 0.673333
          },
          "91": {
            "x": 0.800781,
            "y": 0.673333
          },
          "92": {
            "x": 0.801758,
            "y": 0.674667
          },
          "93": {
            "x": 0.81543,
            "y": 0.674667
          },
          "94": {
            "x": 0.818359,