{
  "labels": {
    "0": [
      {
        "instrument_polygon": {
          "0": {
            "x": 0.4366885885128881,
            "y": 0.6763253245497756
          },
          "1": {
            "x": 0.4946747756852798,
            "y": 0.7067262365771364
          },
          "10": {
            "x": 0.46153978579088906,
            "y": 0.729526920597657
          },
          "11": {
            "x": 0.42130446671501026,
            "y": 0.7173665093986024
          },
          "2": {
            "x": 0.5786955332849897,
            "y": 0.7021660533849219
          },
          "3": {
            "x": 0.6260311815423569,
            "y": 0.6444043321299638
          },
          "4": {
            "x": 1,
            "y": 0.6489644573370404
          },
          "5": {
            "x": 1,
            "y": 1
          },
          "6": {
            "x": 0.8650762594134116,
            "y": 0.9590538411953141
          },
          "7": {
            "x": 0.5881626990506967,
            "y": 0.8496104883146495
          },
          "8": {
            "x": 0.5502941262734526,
            "y": 0.7903287446523787
          },
          "9": {
            "x": 0.5065086877496217,
            "y": 0.7690481990094469
          }
        },
        "instrument_type": "Cautery (Hook, Spatula)"
      },
      {
        "is_tti": 1,
        "interaction_type": "Energy - sharp dissection",
        "interaction_tool": "Cautery (Hook, Spatula)",
        "tti_polygon": {
          "0": {
            "x": 0.4068079424933082,
            "y": 0.6812654263661113
          },
          "1": {
            "x": 0.5038460755922615,
            "y": 0.7496674784276732
          },
          "2": {
            "x": 0.5230761826968168,
            "y": 0.7914687904504324
          },
          "3": {
            "x": 0.4316591397713092,
            "y": 0.780068390455034
          },
          "4": {
            "x": 0.38432349151394196,
            "y": 0.7481475719906363
          },
          "5": {
            "x": 0.39497403042896645,
            "y": 0.7040661103866319
          }
        }
      }
    ],
    "150": [
      {
        "instrument_polygon": {
          "0": {
            "x": 0.3917196865541557,
            "y": 0.5699221324540127
          },
          "1": {
            "x": 0.37396881845764307,
            "y": 0.5942428388818461
          },
          "10": {
            "x": 0.4674567418230602,
            "y": 0.4847995439863196
          },
          "11": {
            "x": 0.4284048861820825,
            "y": 0.5273608092275971
          },
          "2": {
            "x": 0.3787024013404966,
            "y": 0.6444043321299638
          },
          "3": {
            "x": 0.4177543472670581,
            "y": 0.6322439789160472
          },
          "4": {
            "x": 0.4366885885128881,
            "y": 0.6858256095583257
          },
          "5": {
            "x": 0.5408270507933297,
            "y": 0.7021660533849219
          },
          "6": {
            "x": 1,
            "y": 0.7888086642599279
          },
          "7": {
            "x": 1,
            "y": 0.3221546530429116
          },
          "8": {
            "x": 0.6118305231793805,
            "y": 0.442238278745042
          },
          "9": {
            "x": 0.4970415219839146,
            "y": 0.48327952157900667
          }
        },
        "instrument_type": "Cautery (Hook, Spatula)"
      },
      {
        "is_tti": 1,
        "interaction_type": "Energy - sharp dissection",
        "interaction_tool": "Cautery (Hook, Spatula)",
        "tti_polygon": {
          "0": {
            "x": 0.36923532586037355,
            "y": 0.5547216764403323
          },
          "1": {
            "x": 0.3076989289544458,
            "y": 0.5744822576610893
          },
          "2": {
            "x": 0.3254497970509585,
            "y": 0.6565646853438807
          },
          "3": {
            "x": 0.37160207215900826,
            "y": 0.6778454629273644
          },
          "4": {
            "x": 0.39053631340483835,
            "y": 0.6185635453096797
          },
          "5": {
            "x": 0.39053631340483835,
            "y": 0.6003230444813735
          }
        }
      }
    ],
    "64": [
      {
        "instrument_polygon": {
          "0": {
            "x": 0.5704118309541841,
            "y": 0.7994491110368077
          },
          "1": {
            "x": 0.639048466756016,
            "y": 0.8328900098936562
          },
          "2": {
            "x": 0.6887508613120181,
            "y": 0.796408892266768
          },
          "3": {
            "x": 1,
            "y": 0.8404902379004965
          },
          "4": {
            "x": 1,
            "y": 1
          },
          "5": {
            "x": 0.7017682368112613,
            "y": 0.9985750036368279
          },
          "6": {
            "x": 0.6485156325217231,
            "y": 0.9332129963898917
          },
          "7": {
            "x": 0.6366817204573814,
            "y": 0.9058522451474326
          },
          "8": {
            "x": 0.5789913991437151,
            "y": 0.8716512191166517
          },
          "9": {
            "x": 0.5502941262734526,
            "y": 0.8298499650790305
          }
        },
        "instrument_type": "Cautery (Hook, Spatula)"
      },
      {
        "is_tti": 1,
        "interaction_type": "Energy - sharp dissection",
        "interaction_tool": "Cautery (Hook, Spatula)",
        "tti_polygon": {
          "0": {
            "x": 0.5550277091563062,
            "y": 0.8055291426809211
          },
          "1": {
            "x": 0.49230793910106113,
            "y": 0.8085693034658227
          },
          "2": {
            "x": 0.4887578196531089,
            "y": 0.8602508771063914
          },
          "3": {
            "x": 0.5420104239426471,
            "y": 0.902812084362531
          },
          "4": {
            "x": 0.5727785772528188,
            "y": 0.8982520171405923
          },
          "5": {
            "x": 0.5857958624664781,
            "y": 0.8617708995137042
          },
          "6": {
            "x": 0.5692283675192826,
            "y": 0.8344100323009691
          }
        }
      }
    ]
  }
}