{
  "labels": {
    "141": [
      {
        "is_tti": 0,
        "non_interaction_tool": "Dissector",
        "instrument_polygon": {
          "0": {
            "x": 0.853516,
            "y": 0.049793
          },
          "1": {
            "x": 0.850586,
            "y": 0.053942
          },
          "2": {
            "x": 0.847656,
            "y": 0.055325
          },
          "3": {
            "x": 0.845703,
            "y": 0.059474
          },
          "4": {
            "x": 0.84082,
            "y": 0.058091
          },
          "5": {
            "x": 0.839844,
            "y": 0.059474
          },
          "6": {
            "x": 0.84082,
            "y": 0.063624
          },
          "7": {
            "x": 0.835938,
            "y": 0.078838
          },
          "8": {
            "x": 0.836914,
            "y": 0.082988
          },
          "9": {
            "x": 0.826172,
            "y": 0.091286
          },
          "10": {
            "x": 0.826172,
            "y": 0.096819
          },
          "11": {
            "x": 0.823242,
            "y": 0.105118
          },
          "12": {
            "x": 0.814453,
            "y": 0.117566
          },
          "13": {
            "x": 0.811523,
            "y": 0.113416
          },
          "14": {
            "x": 0.80957,
            "y": 0.105118
          },
          "15": {
            "x": 0.807617,
            "y": 0.114799
          },
          "16": {
            "x": 0.802734,
            "y": 0.118949
          },
          "17": {
            "x": 0.801758,
            "y": 0.121715
          },
          "18": {
            "x": 0.802734,
            "y": 0.130014
          },
          "19": {
            "x": 0.795898,
            "y": 0.135546
          },
          "20": {
            "x": 0.791992,
            "y": 0.153527
          },
          "21": {
            "x": 0.787109,
            "y": 0.160443
          },
          "22": {
            "x": 0.77832,
            "y": 0.160443
          },
          "23": {
            "x": 0.774414,
            "y": 0.171508
          },
          "24": {
            "x": 0.763672,
            "y": 0.185339
          },
          "25": {
            "x": 0.763672,
            "y": 0.189488
          },
          "26": {
            "x": 0.758789,
            "y": 0.196404
          },
          "27": {
            "x": 0.754883,
            "y": 0.207469
          },
          "28": {
            "x": 0.748047,
            "y": 0.215768
          },
          "29": {
            "x": 0.74707,
            "y": 0.2213
          },
          "30": {
            "x": 0.732422,
            "y": 0.244813
          },
          "31": {
            "x": 0.726562,
            "y": 0.261411
          },
          "32": {
            "x": 0.714844,
            "y": 0.279391
          },
          "33": {
            "x": 0.710938,
            "y": 0.293223
          },
          "34": {
            "x": 0.697266,
            "y": 0.31397
          },
          "35": {
            "x": 0.697266,
            "y": 0.318119
          },
          "36": {
            "x": 0.692383,
            "y": 0.329184
          },
          "37": {
            "x": 0.681641,
            "y": 0.344398
          },
          "38": {
            "x": 0.675781,
            "y": 0.360996
          },
          "39": {
            "x": 0.672852,
            "y": 0.363762
          },
          "40": {
            "x": 0.666992,
            "y": 0.37621
          },
          "41": {
            "x": 0.665039,
            "y": 0.387275
          },
          "42": {
            "x": 0.65332,
            "y": 0.399723
          },
          "43": {
            "x": 0.644531,
            "y": 0.42462
          },
          "44": {
            "x": 0.638672,
            "y": 0.431535
          },
          "45": {
            "x": 0.633789,
            "y": 0.452282
          },
          "46": {
            "x": 0.624023,
            "y": 0.477178
          },
          "47": {
            "x": 0.623047,
            "y": 0.489627
          },
          "48": {
            "x": 0.619141,
            "y": 0.493776
          },
          "49": {
            "x": 0.620117,
            "y": 0.497925
          },
          "50": {
            "x": 0.614258,
            "y": 0.50899
          },
          "51": {
            "x": 0.612305,
            "y": 0.521438
          },
          "52": {
            "x": 0.608398,
            "y": 0.526971
          },
          "53": {
            "x": 0.610352,
            "y": 0.533887
          },
          "54": {
            "x": 0.608398,
            "y": 0.538036
          },
          "55": {
            "x": 0.604492,
            "y": 0.540802
          },
          "56": {
            "x": 0.604492,
            "y": 0.544952
          },
          "57": {
            "x": 0.595703,
            "y": 0.556017
          },
          "58": {
            "x": 0.59375,
            "y": 0.567082
          },
          "59": {
            "x": 0.587891,
            "y": 0.572614
          },
          "60": {
            "x": 0.587891,
            "y": 0.57953
          },
          "61": {
            "x": 0.583008,
            "y": 0.586445
          },
          "62": {
            "x": 0.579102,
            "y": 0.598893
          },
          "63": {
            "x": 0.576172,
            "y": 0.603043
          },
          "64": {
            "x": 0.575195,
            "y": 0.614108
          },
          "65": {
            "x": 0.571289,
            "y": 0.618257
          },
          "66": {
            "x": 0.567383,
            "y": 0.640387
          },
          "67": {
            "x": 0.563477,
            "y": 0.648686
          },
          "68": {
            "x": 0.5625,
            "y": 0.676349
          },
          "69": {
            "x": 0.558594,
            "y": 0.692946
          },
          "70": {
            "x": 0.556641,
            "y": 0.695712
          },
          "71": {
            "x": 0.557617,
            "y": 0.705394
          },
          "72": {
            "x": 0.555664,
            "y": 0.709544
          },
          "73": {
            "x": 0.552734,
            "y": 0.70816
          },
          "74": {
            "x": 0.552734,
            "y": 0.71231
          },
          "75": {
            "x": 0.547852,
            "y": 0.720609
          },
          "76": {
            "x": 0.545898,
            "y": 0.728907
          },
          "77": {
            "x": 0.547852,
            "y": 0.735823
          },
          "78": {
            "x": 0.544922,
            "y": 0.751037
          },
          "79": {
            "x": 0.544922,
            "y": 0.7787
          },
          "80": {
            "x": 0.542969,
            "y": 0.782849
          },
          "81": {
            "x": 0.545898,
            "y": 0.804979
          },
          "82": {
            "x": 0.547852,
            "y": 0.810512
          },
          "83": {
            "x": 0.550781,
            "y": 0.811895
          },
          "84": {
            "x": 0.560547,
            "y": 0.813278
          },
          "85": {
            "x": 0.561523,
            "y": 0.811895
          },
          "86": {
            "x": 0.572266,
            "y": 0.810512
          },
          "87": {
            "x": 0.578125,
            "y": 0.803596
          },
          "88": {
            "x": 0.580078,
            "y": 0.79668
          },
          "89": {
            "x": 0.583984,
            "y": 0.795297
          },
          "90": {
            "x": 0.59082,
            "y": 0.785615
          },
          "91": {
            "x": 0.59375,
            "y": 0.748271
          },
          "92": {
            "x": 0.598633,
            "y": 0.741355
          },
          "93": {
            "x": 0.598633,
            "y": 0.737206
          },