{
  "labels": {
    "57": [
      {
        "is_tti": 0,
        "non_interaction_tool": "Cautery (Hook, Spatula)",
        "tti_polygon": {
          "0": {
            "x": 0.993164,
            "y": 0.246935
          },
          "1": {
            "x": 0.992188,
            "y": 0.248687
          },
          "2": {
            "x": 0.954102,
            "y": 0.248687
          },
          "3": {
            "x": 0.953125,
            "y": 0.250438
          },
          "4": {
            "x": 0.933594,
            "y": 0.250438
          },
          "5": {
            "x": 0.932617,
            "y": 0.252189
          },
          "6": {
            "x": 0.924805,
            "y": 0.252189
          },
          "7": {
            "x": 0.923828,
            "y": 0.25394
          },
          "8": {
            "x": 0.915039,
            "y": 0.25394
          },
          "9": {
            "x": 0.914062,
            "y": 0.255692
          },
          "10": {
            "x": 0.892578,
            "y": 0.257443
          },
          "11": {
            "x": 0.891602,
            "y": 0.259194
          },
          "12": {
            "x": 0.883789,
            "y": 0.260946
          },
          "13": {
            "x": 0.869141,
            "y": 0.276708
          },
          "14": {
            "x": 0.84668,
            "y": 0.295972
          },
          "15": {
            "x": 0.844727,
            "y": 0.295972
          },
          "16": {
            "x": 0.84082,
            "y": 0.301226
          },
          "17": {
            "x": 0.838867,
            "y": 0.301226
          },
          "18": {
            "x": 0.824219,
            "y": 0.313485
          },
          "19": {
            "x": 0.822266,
            "y": 0.313485
          },
          "20": {
            "x": 0.817383,
            "y": 0.318739
          },
          "21": {
            "x": 0.81543,
            "y": 0.318739
          },
          "22": {
            "x": 0.790039,
            "y": 0.341506
          },
          "23": {
            "x": 0.78418,
            "y": 0.343257
          },
          "24": {
            "x": 0.777344,
            "y": 0.348511
          },
          "25": {
            "x": 0.763672,
            "y": 0.352014
          },
          "26": {
            "x": 0.758789,
            "y": 0.355517
          },
          "27": {
            "x": 0.750977,
            "y": 0.355517
          },
          "28": {
            "x": 0.75,
            "y": 0.357268
          },
          "29": {
            "x": 0.704102,
            "y": 0.357268
          },
          "30": {
            "x": 0.703125,
            "y": 0.359019
          },
          "31": {
            "x": 0.700195,
            "y": 0.359019
          },
          "32": {
            "x": 0.694336,
            "y": 0.369527
          },
          "33": {
            "x": 0.688477,
            "y": 0.388792
          },
          "34": {
            "x": 0.6875,
            "y": 0.38704
          },
          "35": {
            "x": 0.676758,
            "y": 0.38704
          },
          "36": {
            "x": 0.672852,
            "y": 0.383538
          },
          "37": {
            "x": 0.669922,
            "y": 0.383538
          },
          "38": {
            "x": 0.666016,
            "y": 0.376532
          },
          "39": {
            "x": 0.663086,
            "y": 0.374781
          },
          "40": {
            "x": 0.662109,
            "y": 0.371278
          },
          "41": {
            "x": 0.65625,
            "y": 0.366025
          },
          "42": {
            "x": 0.650391,
            "y": 0.355517
          },
          "43": {
            "x": 0.646484,
            "y": 0.338004
          },
          "44": {
            "x": 0.643555,
            "y": 0.334501
          },
          "45": {
            "x": 0.643555,
            "y": 0.329247
          },
          "46": {
            "x": 0.641602,
            "y": 0.329247
          },
          "47": {
            "x": 0.639648,
            "y": 0.325744
          },
          "48": {
            "x": 0.637695,
            "y": 0.313485
          },
          "49": {
            "x": 0.635742,
            "y": 0.313485
          },
          "50": {
            "x": 0.632812,
            "y": 0.325744
          },
          "51": {
            "x": 0.633789,
            "y": 0.345009
          },
          "52": {
            "x": 0.641602,
            "y": 0.367776
          },
          "53": {
            "x": 0.645508,
            "y": 0.385289
          },
          "54": {
            "x": 0.651367,
            "y": 0.395797
          },
          "55": {
            "x": 0.661133,
            "y": 0.406305
          },
          "56": {
            "x": 0.663086,
            "y": 0.406305
          },
          "57": {
            "x": 0.671875,
            "y": 0.41331
          },
          "58": {
            "x": 0.674805,
            "y": 0.41331
          },
          "59": {
            "x": 0.675781,
            "y": 0.415061
          },
          "60": {
            "x": 0.691406,
            "y": 0.418564
          },
          "61": {
            "x": 0.699219,
            "y": 0.429072
          },
          "62": {
            "x": 0.706055,
            "y": 0.434326
          },
          "63": {
            "x": 0.712891,
            "y": 0.434326
          },
          "64": {
            "x": 0.713867,
            "y": 0.436077
          },
          "65": {
            "x": 0.724609,
            "y": 0.436077
          },
          "66": {
            "x": 0.725586,
            "y": 0.437828
          },
          "67": {
            "x": 0.738281,
            "y": 0.437828
          },
          "68": {
            "x": 0.739258,
            "y": 0.43958
          },
          "69": {
            "x": 0.748047,
            "y": 0.43958
          },
          "70": {
            "x": 0.749023,
            "y": 0.441331
          },
          "71": {
            "x": 0.756836,
            "y": 0.441331
          },
          "72": {
            "x": 0.757812,
            "y": 0.443082
          },
          "73": {
            "x": 0.764648,
            "y": 0.443082
          },
          "74": {
            "x": 0.765625,
            "y": 0.444834
          },
          "75": {
            "x": 0.776367,
            "y": 0.446585
          },
          "76": {
            "x": 0.777344,
            "y": 0.448336
          },
          "77": {
            "x": 0.782227,
            "y": 0.448336
          },
          "78": {
            "x": 0.786133,
            "y": 0.451839
          },
          "79": {
            "x": 0.804688,
            "y": 0.451839
          },
          "80": {
            "x": 0.805664,
            "y": 0.450088
          },
          "81": {
            "x": 0.870117,
            "y": 0.450088
          },
          "82": {
            "x": 0.871094,
            "y": 0.448336
          },
          "83": {
            "x": 0.908203,
            "y": 0.448336
          },
          "84": {
            "x": 0.90918,
            "y": 0.450088
          },
          "85": {
            "x": 0.913086,
            "y": 0.450088
          },
          "86": {
            "x": 0.914062,
            "y": 0.448336
          },
          "87": {
            "x": 0.916992,
            "y": 0.448336
          },
          "88": {
            "x": 0.917969,
            "y": 0.450088
          },
          "89": {
            "x": 0.999023,
            "y": 0.451839
          },
          "90": {
            "x": 0.999023,
            "y": 0.246935
          }
        }
      }
    ]
  }
}