{
  "labels": {
    "0": [
      {
        "instrument_polygon": {
          "0": {
            "x": 0.00293,
            "y": 0.095926
          },
          "1": {
            "x": 0,
            "y": 0.09724
          },
          "2": {
            "x": 0,
            "y": 0.266754
          },
          "3": {
            "x": 0.004883,
            "y": 0.269382
          },
          "4": {
            "x": 0.007812,
            "y": 0.273325
          },
          "5": {
            "x": 0.009766,
            "y": 0.273325
          },
          "6": {
            "x": 0.010742,
            "y": 0.277267
          },
          "7": {
            "x": 0.017578,
            "y": 0.281209
          },
          "8": {
            "x": 0.02832,
            "y": 0.291721
          },
          "9": {
            "x": 0.041016,
            "y": 0.310118
          },
          "10": {
            "x": 0.043945,
            "y": 0.310118
          },
          "11": {
            "x": 0.055664,
            "y": 0.325887
          },
          "12": {
            "x": 0.058594,
            "y": 0.327201
          },
          "13": {
            "x": 0.063477,
            "y": 0.333771
          },
          "14": {
            "x": 0.064453,
            "y": 0.337714
          },
          "15": {
            "x": 0.077148,
            "y": 0.348226
          },
          "16": {
            "x": 0.083008,
            "y": 0.35611
          },
          "17": {
            "x": 0.088867,
            "y": 0.360053
          },
          "18": {
            "x": 0.100586,
            "y": 0.379763
          },
          "19": {
            "x": 0.106445,
            "y": 0.383706
          },
          "20": {
            "x": 0.112305,
            "y": 0.392904
          },
          "21": {
            "x": 0.115234,
            "y": 0.394218
          },
          "22": {
            "x": 0.130859,
            "y": 0.409987
          },
          "23": {
            "x": 0.134766,
            "y": 0.416557
          },
          "24": {
            "x": 0.137695,
            "y": 0.417871
          },
          "25": {
            "x": 0.138672,
            "y": 0.421813
          },
          "26": {
            "x": 0.157227,
            "y": 0.446781
          },
          "27": {
            "x": 0.165039,
            "y": 0.450723
          },
          "28": {
            "x": 0.191406,
            "y": 0.47569
          },
          "29": {
            "x": 0.199219,
            "y": 0.479632
          },
          "30": {
            "x": 0.204102,
            "y": 0.487516
          },
          "31": {
            "x": 0.212891,
            "y": 0.495401
          },
          "32": {
            "x": 0.229492,
            "y": 0.519054
          },
          "33": {
            "x": 0.231445,
            "y": 0.519054
          },
          "34": {
            "x": 0.242188,
            "y": 0.526938
          },
          "35": {
            "x": 0.24707,
            "y": 0.528252
          },
          "36": {
            "x": 0.258789,
            "y": 0.537451
          },
          "37": {
            "x": 0.267578,
            "y": 0.540079
          },
          "38": {
            "x": 0.277344,
            "y": 0.549277
          },
          "39": {
            "x": 0.293945,
            "y": 0.558476
          },
          "40": {
            "x": 0.297852,
            "y": 0.565046
          },
          "41": {
            "x": 0.307617,
            "y": 0.570302
          },
          "42": {
            "x": 0.308594,
            "y": 0.567674
          },
          "43": {
            "x": 0.302734,
            "y": 0.549277
          },
          "44": {
            "x": 0.302734,
            "y": 0.540079
          },
          "45": {
            "x": 0.305664,
            "y": 0.536137
          },
          "46": {
            "x": 0.311523,
            "y": 0.536137
          },
          "47": {
            "x": 0.318359,
            "y": 0.540079
          },
          "48": {
            "x": 0.322266,
            "y": 0.538765
          },
          "49": {
            "x": 0.323242,
            "y": 0.536137
          },
          "50": {
            "x": 0.307617,
            "y": 0.512484
          },
          "51": {
            "x": 0.276367,
            "y": 0.450723
          },
          "52": {
            "x": 0.250977,
            "y": 0.413929
          },
          "53": {
            "x": 0.246094,
            "y": 0.409987
          },
          "54": {
            "x": 0.239258,
            "y": 0.39816
          },
          "55": {
            "x": 0.234375,
            "y": 0.395532
          },
          "56": {
            "x": 0.232422,
            "y": 0.39159
          },
          "57": {
            "x": 0.21875,
            "y": 0.378449
          },
          "58": {
            "x": 0.208984,
            "y": 0.363995
          },
          "59": {
            "x": 0.204102,
            "y": 0.353482
          },
          "60": {
            "x": 0.197266,
            "y": 0.345598
          },
          "61": {
            "x": 0.191406,
            "y": 0.333771
          },
          "62": {
            "x": 0.179688,
            "y": 0.323259
          },
          "63": {
            "x": 0.15625,
            "y": 0.291721
          },
          "64": {
            "x": 0.152344,
            "y": 0.283837
          },
          "65": {
            "x": 0.145508,
            "y": 0.277267
          },
          "66": {
            "x": 0.137695,
            "y": 0.26544
          },
          "67": {
            "x": 0.126953,
            "y": 0.254928
          },
          "68": {
            "x": 0.114258,
            "y": 0.236531
          },
          "69": {
            "x": 0.109375,
            "y": 0.232589
          },
          "70": {
            "x": 0.106445,
            "y": 0.226018
          },
          "71": {
            "x": 0.094727,
            "y": 0.212878
          },
          "72": {
            "x": 0.09082,
            "y": 0.203679
          },
          "73": {
            "x": 0.079102,
            "y": 0.193167
          },
          "74": {
            "x": 0.0625,
            "y": 0.170828
          },
          "75": {
            "x": 0.061523,
            "y": 0.166886
          },
          "76": {
            "x": 0.054688,
            "y": 0.156373
          },
          "77": {
            "x": 0.047852,
            "y": 0.149803
          },
          "78": {
            "x": 0.044922,
            "y": 0.13929
          },
          "79": {
            "x": 0.037109,
            "y": 0.130092
          },
          "80": {
            "x": 0.037109,
            "y": 0.12615
          },
          "81": {
            "x": 0.033203,
            "y": 0.124836
          },
          "82": {
            "x": 0.03125,
            "y": 0.122208
          },
          "83": {
            "x": 0.02832,
            "y": 0.110381
          },
          "84": {
            "x": 0.025391,
            "y": 0.113009
          },
          "85": {
            "x": 0.022461,
            "y": 0.107753
          },
          "86": {
            "x": 0.016602,
            "y": 0.105125
          },
          "87": {
            "x": 0.013672,
            "y": 0.101183
          },
          "88": {
            "x": 0.011719,
            "y": 0.098555
          },
          "89": {
            "x": 0.012695,
            "y": 0.095926
          },
          "90": {
            "x": 0.011719,
            "y": 0.098555
          },
          "91": {
            "x": 0.006836,
            "y": 0.098555
          },
          "92": {
            "x": 0.005859,
            "y": 0.095926
          }
        },
        "instrument_type": "Grasper"
      },
      {
        "is_tti": 1,
        "interaction_type": "Retract and grab",