{
  "labels": {
    "75": [
      {
        "is_tti": 0,
        "non_interaction_tool": "Cautery (Hook, Spatula)",
        "instrument_polygon": {
          "0": {
            "x": 0.546875,
            "y": 0
          },
          "1": {
            "x": 0.543945,
            "y": 0.005128
          },
          "10": {
            "x": 0.526367,
            "y": 0.129487
          },
          "11": {
            "x": 0.523438,
            "y": 0.134615
          },
          "12": {
            "x": 0.523438,
            "y": 0.14359
          },
          "13": {
            "x": 0.521484,
            "y": 0.148718
          },
          "14": {
            "x": 0.522461,
            "y": 0.166667
          },
          "15": {
            "x": 0.520508,
            "y": 0.171795
          },
          "16": {
            "x": 0.521484,
            "y": 0.179487
          },
          "17": {
            "x": 0.52832,
            "y": 0.189744
          },
          "18": {
            "x": 0.527344,
            "y": 0.197436
          },
          "19": {
            "x": 0.536133,
            "y": 0.216667
          },
          "2": {
            "x": 0.544922,
            "y": 0.026923
          },
          "20": {
            "x": 0.536133,
            "y": 0.221795
          },
          "21": {
            "x": 0.538086,
            "y": 0.224359
          },
          "22": {
            "x": 0.541992,
            "y": 0.225641
          },
          "23": {
            "x": 0.550781,
            "y": 0.225641
          },
          "24": {
            "x": 0.557617,
            "y": 0.216667
          },
          "25": {
            "x": 0.556641,
            "y": 0.20641
          },
          "26": {
            "x": 0.548828,
            "y": 0.191026
          },
          "27": {
            "x": 0.548828,
            "y": 0.182051
          },
          "28": {
            "x": 0.545898,
            "y": 0.173077
          },
          "29": {
            "x": 0.546875,
            "y": 0.141026
          },
          "3": {
            "x": 0.540039,
            "y": 0.035897
          },
          "30": {
            "x": 0.549805,
            "y": 0.126923
          },
          "31": {
            "x": 0.552734,
            "y": 0.123077
          },
          "32": {
            "x": 0.555664,
            "y": 0.110256
          },
          "33": {
            "x": 0.5625,
            "y": 0.107692
          },
          "34": {
            "x": 0.571289,
            "y": 0.098718
          },
          "35": {
            "x": 0.574219,
            "y": 0.087179
          },
          "36": {
            "x": 0.579102,
            "y": 0.079487
          },
          "37": {
            "x": 0.583008,
            "y": 0.066667
          },
          "38": {
            "x": 0.583008,
            "y": 0.05641
          },
          "39": {
            "x": 0.585938,
            "y": 0.052564
          },
          "4": {
            "x": 0.536133,
            "y": 0.075641
          },
          "40": {
            "x": 0.588867,
            "y": 0.041026
          },
          "41": {
            "x": 0.591797,
            "y": 0.035897
          },
          "42": {
            "x": 0.591797,
            "y": 0.032051
          },
          "43": {
            "x": 0.594727,
            "y": 0.028205
          },
          "44": {
            "x": 0.601562,
            "y": 0.010256
          },
          "45": {
            "x": 0.605469,
            "y": 0.005128
          },
          "46": {
            "x": 0.602539,
            "y": 0
          },
          "5": {
            "x": 0.533203,
            "y": 0.083333
          },
          "6": {
            "x": 0.535156,
            "y": 0.091026
          },
          "7": {
            "x": 0.532227,
            "y": 0.097436
          },
          "8": {
            "x": 0.532227,
            "y": 0.103846
          },
          "9": {
            "x": 0.52832,
            "y": 0.108974
          }
        }
      }
    ]
  }
}