{
  "labels": {
    "0": [],
    "113": [
      {
        "is_tti": 0,
        "non_interaction_tool": "Cautery (Hook, Spatula)",
        "instrument_polygon": {
          "0": {
            "x": 0.929688,
            "y": 0.05496
          },
          "1": {
            "x": 0.916992,
            "y": 0.061662
          },
          "10": {
            "x": 0.811523,
            "y": 0.269437
          },
          "11": {
            "x": 0.78418,
            "y": 0.325737
          },
          "12": {
            "x": 0.75293,
            "y": 0.376676
          },
          "13": {
            "x": 0.71582,
            "y": 0.424933
          },
          "14": {
            "x": 0.708008,
            "y": 0.441019
          },
          "15": {
            "x": 0.703125,
            "y": 0.442359
          },
          "16": {
            "x": 0.699219,
            "y": 0.439678
          },
          "17": {
            "x": 0.688477,
            "y": 0.438338
          },
          "18": {
            "x": 0.686523,
            "y": 0.435657
          },
          "19": {
            "x": 0.68457,
            "y": 0.426273
          },
          "2": {
            "x": 0.912109,
            "y": 0.068365
          },
          "20": {
            "x": 0.681641,
            "y": 0.422252
          },
          "21": {
            "x": 0.673828,
            "y": 0.41689
          },
          "22": {
            "x": 0.670898,
            "y": 0.408847
          },
          "23": {
            "x": 0.666992,
            "y": 0.406166
          },
          "24": {
            "x": 0.655273,
            "y": 0.407507
          },
          "25": {
            "x": 0.644531,
            "y": 0.419571
          },
          "26": {
            "x": 0.641602,
            "y": 0.427614
          },
          "27": {
            "x": 0.642578,
            "y": 0.439678
          },
          "28": {
            "x": 0.645508,
            "y": 0.447721
          },
          "29": {
            "x": 0.662109,
            "y": 0.474531
          },
          "3": {
            "x": 0.908203,
            "y": 0.069705
          },
          "30": {
            "x": 0.672852,
            "y": 0.481233
          },
          "31": {
            "x": 0.686523,
            "y": 0.481233
          },
          "32": {
            "x": 0.6875,
            "y": 0.482574
          },
          "33": {
            "x": 0.694336,
            "y": 0.482574
          },
          "34": {
            "x": 0.700195,
            "y": 0.485255
          },
          "35": {
            "x": 0.709961,
            "y": 0.483914
          },
          "36": {
            "x": 0.711914,
            "y": 0.481233
          },
          "37": {
            "x": 0.719727,
            "y": 0.477212
          },
          "38": {
            "x": 0.724609,
            "y": 0.477212
          },
          "39": {
            "x": 0.733398,
            "y": 0.481233
          },
          "4": {
            "x": 0.895508,
            "y": 0.089812
          },
          "40": {
            "x": 0.744141,
            "y": 0.479893
          },
          "41": {
            "x": 0.753906,
            "y": 0.467828
          },
          "42": {
            "x": 0.756836,
            "y": 0.466488
          },
          "43": {
            "x": 0.762695,
            "y": 0.457105
          },
          "44": {
            "x": 0.776367,
            "y": 0.442359
          },
          "45": {
            "x": 0.77832,
            "y": 0.438338
          },
          "46": {
            "x": 0.78125,
            "y": 0.436997
          },
          "47": {
            "x": 0.817383,
            "y": 0.398123
          },
          "48": {
            "x": 0.819336,
            "y": 0.398123
          },
          "49": {
            "x": 0.823242,
            "y": 0.392761
          },
          "5": {
            "x": 0.885742,
            "y": 0.119303
          },
          "50": {
            "x": 0.828125,
            "y": 0.39008
          },
          "51": {
            "x": 0.833008,
            "y": 0.383378
          },
          "52": {
            "x": 0.835938,
            "y": 0.382038
          },
          "53": {
            "x": 0.839844,
            "y": 0.375335
          },
          "54": {
            "x": 0.850586,
            "y": 0.364611
          },
          "55": {
            "x": 0.922852,
            "y": 0.272118
          },
          "56": {
            "x": 0.94043,
            "y": 0.256032
          },
          "57": {
            "x": 0.952148,
            "y": 0.241287
          },
          "58": {
            "x": 0.959961,
            "y": 0.234584
          },
          "59": {
            "x": 0.962891,
            "y": 0.229223
          },
          "6": {
            "x": 0.866211,
            "y": 0.151475
          },
          "60": {
            "x": 0.97168,
            "y": 0.223861
          },
          "61": {
            "x": 0.984375,
            "y": 0.207775
          },
          "62": {
            "x": 0.985352,
            "y": 0.187668
          },
          "63": {
            "x": 0.978516,
            "y": 0.158177
          },
          "64": {
            "x": 0.969727,
            "y": 0.136729
          },
          "65": {
            "x": 0.966797,
            "y": 0.123324
          },
          "66": {
            "x": 0.957031,
            "y": 0.100536
          },
          "67": {
            "x": 0.952148,
            "y": 0.08445
          },
          "68": {
            "x": 0.944336,
            "y": 0.068365
          },
          "69": {
            "x": 0.935547,
            "y": 0.05496
          },
          "7": {
            "x": 0.851562,
            "y": 0.179625
          },
          "8": {
            "x": 0.833984,
            "y": 0.219839
          },
          "9": {
            "x": 0.825195,
            "y": 0.235925
          }
        }
      }
    ],
    "127": [],
    "142": [],
    "46": [],
    "97": []
  }
}