{
  "labels": {
    "0": [
      {
        "is_tti": 0,
        "non_interaction_tool": "Cautery (Hook, Spatula)",
        "tti_polygon": {
          "0": {
            "x": 0.998047,
            "y": 0.263694
          },
          "1": {
            "x": 0.981445,
            "y": 0.273885
          },
          "2": {
            "x": 0.974609,
            "y": 0.275159
          },
          "3": {
            "x": 0.96875,
            "y": 0.282803
          },
          "4": {
            "x": 0.967773,
            "y": 0.290446
          },
          "5": {
            "x": 0.963867,
            "y": 0.295541
          },
          "6": {
            "x": 0.958984,
            "y": 0.298089
          },
          "7": {
            "x": 0.957031,
            "y": 0.305732
          },
          "8": {
            "x": 0.951172,
            "y": 0.315924
          },
          "9": {
            "x": 0.949219,
            "y": 0.326115
          },
          "10": {
            "x": 0.946289,
            "y": 0.329936
          },
          "11": {
            "x": 0.946289,
            "y": 0.338854
          },
          "12": {
            "x": 0.944336,
            "y": 0.343949
          },
          "13": {
            "x": 0.944336,
            "y": 0.359236
          },
          "14": {
            "x": 0.935547,
            "y": 0.370701
          },
          "15": {
            "x": 0.928711,
            "y": 0.373248
          },
          "16": {
            "x": 0.899414,
            "y": 0.375796
          },
          "17": {
            "x": 0.893555,
            "y": 0.378344
          },
          "18": {
            "x": 0.882812,
            "y": 0.379618
          },
          "19": {
            "x": 0.861328,
            "y": 0.394904
          },
          "20": {
            "x": 0.857422,
            "y": 0.394904
          },
          "21": {
            "x": 0.845703,
            "y": 0.410191
          },
          "22": {
            "x": 0.820312,
            "y": 0.405096
          },
          "23": {
            "x": 0.814453,
            "y": 0.402548
          },
          "24": {
            "x": 0.810547,
            "y": 0.394904
          },
          "25": {
            "x": 0.801758,
            "y": 0.384713
          },
          "26": {
            "x": 0.798828,
            "y": 0.37707
          },
          "27": {
            "x": 0.790039,
            "y": 0.37707
          },
          "28": {
            "x": 0.78125,
            "y": 0.366879
          },
          "29": {
            "x": 0.770508,
            "y": 0.350318
          },
          "30": {
            "x": 0.759766,
            "y": 0.341401
          },
          "31": {
            "x": 0.75293,
            "y": 0.341401
          },
          "32": {
            "x": 0.749023,
            "y": 0.349045
          },
          "33": {
            "x": 0.749023,
            "y": 0.361783
          },
          "34": {
            "x": 0.746094,
            "y": 0.364331
          },
          "35": {
            "x": 0.74707,
            "y": 0.371975
          },
          "36": {
            "x": 0.751953,
            "y": 0.380892
          },
          "37": {
            "x": 0.767578,
            "y": 0.397452
          },
          "38": {
            "x": 0.769531,
            "y": 0.403822
          },
          "39": {
            "x": 0.774414,
            "y": 0.411465
          },
          "40": {
            "x": 0.779297,
            "y": 0.414013
          },
          "41": {
            "x": 0.787109,
            "y": 0.425478
          },
          "42": {
            "x": 0.800781,
            "y": 0.431847
          },
          "43": {
            "x": 0.806641,
            "y": 0.431847
          },
          "44": {
            "x": 0.8125,
            "y": 0.438217
          },
          "45": {
            "x": 0.825195,
            "y": 0.447134
          },
          "46": {
            "x": 0.842773,
            "y": 0.447134
          },
          "47": {
            "x": 0.845703,
            "y": 0.443312
          },
          "48": {
            "x": 0.849609,
            "y": 0.444586
          },
          "49": {
            "x": 0.850586,
            "y": 0.443312
          },
          "50": {
            "x": 0.859375,
            "y": 0.443312
          },
          "51": {
            "x": 0.865234,
            "y": 0.447134
          },
          "52": {
            "x": 0.876953,
            "y": 0.447134
          },
          "53": {
            "x": 0.880859,
            "y": 0.450955
          },
          "54": {
            "x": 0.884766,
            "y": 0.450955
          },
          "55": {
            "x": 0.887695,
            "y": 0.453503
          },
          "56": {
            "x": 0.895508,
            "y": 0.448408
          },
          "57": {
            "x": 0.915039,
            "y": 0.456051
          },
          "58": {
            "x": 0.944336,
            "y": 0.452229
          },
          "59": {
            "x": 0.946289,
            "y": 0.454777
          },
          "60": {
            "x": 0.957031,
            "y": 0.458599
          },
          "61": {
            "x": 0.972656,
            "y": 0.473885
          },
          "62": {
            "x": 0.982422,
            "y": 0.476433
          },
          "63": {
            "x": 0.994141,
            "y": 0.48535
          },
          "64": {
            "x": 0.999023,
            "y": 0.486624
          },
          "65": {
            "x": 0.999023,
            "y": 0.263694
          }
        }
      }
    ]
  }
}