{
  "labels": {
    "0": [],
    "73": [
      {
        "is_tti": 0,
        "non_interaction_tool": "Dissector",
        "instrument_polygon": {
          "0": {
            "x": 0.746094,
            "y": 0
          },
          "1": {
            "x": 0.737305,
            "y": 0.014308
          },
          "2": {
            "x": 0.736328,
            "y": 0.019078
          },
          "3": {
            "x": 0.730469,
            "y": 0.028617
          },
          "4": {
            "x": 0.728516,
            "y": 0.036566
          },
          "5": {
            "x": 0.724609,
            "y": 0.041335
          },
          "6": {
            "x": 0.719727,
            "y": 0.054054
          },
          "7": {
            "x": 0.709961,
            "y": 0.069952
          },
          "8": {
            "x": 0.704102,
            "y": 0.074722
          },
          "9": {
            "x": 0.696289,
            "y": 0.08744
          },
          "10": {
            "x": 0.693359,
            "y": 0.08903
          },
          "11": {
            "x": 0.676758,
            "y": 0.117647
          },
          "12": {
            "x": 0.672852,
            "y": 0.120827
          },
          "13": {
            "x": 0.65332,
            "y": 0.152623
          },
          "14": {
            "x": 0.640625,
            "y": 0.168521
          },
          "15": {
            "x": 0.626953,
            "y": 0.192369
          },
          "16": {
            "x": 0.589844,
            "y": 0.248013
          },
          "17": {
            "x": 0.589844,
            "y": 0.251192
          },
          "18": {
            "x": 0.583984,
            "y": 0.262321
          },
          "19": {
            "x": 0.566406,
            "y": 0.290938
          },
          "20": {
            "x": 0.550781,
            "y": 0.311606
          },
          "21": {
            "x": 0.524414,
            "y": 0.351351
          },
          "22": {
            "x": 0.5,
            "y": 0.391097
          },
          "23": {
            "x": 0.489258,
            "y": 0.418124
          },
          "24": {
            "x": 0.488281,
            "y": 0.438792
          },
          "25": {
            "x": 0.494141,
            "y": 0.4531
          },
          "26": {
            "x": 0.505859,
            "y": 0.459459
          },
          "27": {
            "x": 0.507812,
            "y": 0.462639
          },
          "28": {
            "x": 0.506836,
            "y": 0.465819
          },
          "29": {
            "x": 0.513672,
            "y": 0.467409
          },
          "30": {
            "x": 0.524414,
            "y": 0.473768
          },
          "31": {
            "x": 0.52832,
            "y": 0.473768
          },
          "32": {
            "x": 0.535156,
            "y": 0.468998
          },
          "33": {
            "x": 0.541992,
            "y": 0.467409
          },
          "34": {
            "x": 0.556641,
            "y": 0.4531
          },
          "35": {
            "x": 0.55957,
            "y": 0.448331
          },
          "36": {
            "x": 0.564453,
            "y": 0.446741
          },
          "37": {
            "x": 0.566406,
            "y": 0.443561
          },
          "38": {
            "x": 0.572266,
            "y": 0.440382
          },
          "39": {
            "x": 0.577148,
            "y": 0.432432
          },
          "40": {
            "x": 0.587891,
            "y": 0.422893
          },
          "41": {
            "x": 0.589844,
            "y": 0.418124
          },
          "42": {
            "x": 0.59668,
            "y": 0.413355
          },
          "43": {
            "x": 0.606445,
            "y": 0.402226
          },
          "44": {
            "x": 0.618164,
            "y": 0.392687
          },
          "45": {
            "x": 0.623047,
            "y": 0.384738
          },
          "46": {
            "x": 0.630859,
            "y": 0.378378
          },
          "47": {
            "x": 0.636719,
            "y": 0.370429
          },
          "48": {
            "x": 0.648438,
            "y": 0.36089
          },
          "49": {
            "x": 0.652344,
            "y": 0.354531
          },
          "50": {
            "x": 0.660156,
            "y": 0.346582
          },
          "51": {
            "x": 0.665039,
            "y": 0.344992
          },
          "52": {
            "x": 0.668945,
            "y": 0.337043
          },
          "53": {
            "x": 0.670898,
            "y": 0.337043
          },
          "54": {
            "x": 0.677734,
            "y": 0.329094
          },
          "55": {
            "x": 0.680664,
            "y": 0.329094
          },
          "56": {
            "x": 0.681641,
            "y": 0.324324
          },
          "57": {
            "x": 0.686523,
            "y": 0.322734
          },
          "58": {
            "x": 0.695312,
            "y": 0.314785
          },
          "59": {
            "x": 0.699219,
            "y": 0.313196
          },
          "60": {
            "x": 0.704102,
            "y": 0.305246
          },
          "61": {
            "x": 0.709961,
            "y": 0.302067
          },
          "62": {
            "x": 0.731445,
            "y": 0.282989
          },
          "63": {
            "x": 0.736328,
            "y": 0.282989
          },
          "64": {
            "x": 0.743164,
            "y": 0.27504
          },
          "65": {
            "x": 0.748047,
            "y": 0.27345
          },
          "66": {
            "x": 0.751953,
            "y": 0.26868
          },
          "67": {
            "x": 0.756836,
            "y": 0.267091
          },
          "68": {
            "x": 0.768555,
            "y": 0.255962
          },
          "69": {
            "x": 0.770508,
            "y": 0.255962
          },
          "70": {
            "x": 0.776367,
            "y": 0.251192
          },
          "71": {
            "x": 0.773438,
            "y": 0.246423
          },
          "72": {
            "x": 0.776367,
            "y": 0.243243
          },
          "73": {
            "x": 0.78125,
            "y": 0.241653
          },
          "74": {
            "x": 0.787109,
            "y": 0.235294
          },
          "75": {
            "x": 0.794922,
            "y": 0.232114
          },
          "76": {
            "x": 0.797852,
            "y": 0.228935
          },
          "77": {
            "x": 0.804688,
            "y": 0.227345
          },
          "78": {
            "x": 0.817383,
            "y": 0.219396
          },
          "79": {
            "x": 0.823242,
            "y": 0.219396
          },
          "80": {
            "x": 0.829102,
            "y": 0.214626
          },
          "81": {
            "x": 0.833008,
            "y": 0.214626
          },
          "82": {
            "x": 0.838867,
            "y": 0.209857
          },
          "83": {
            "x": 0.841797,
            "y": 0.209857
          },
          "84": {
            "x": 0.84375,
            "y": 0.206677
          },
          "85": {
            "x": 0.858398,
            "y": 0.201908
          },
          "86": {
            "x": 0.861328,
            "y": 0.197138
          },
          "87": {
            "x": 0.87207,
            "y": 0.192369
          },
          "88": {
            "x": 0.875,
            "y": 0.189189
          },
          "89": {
            "x": 0.87793,
            "y": 0.189189
          },
          "90": {
            "x": 0.880859,
            "y": 0.18601
          },
          "91": {
            "x": 0.883789,
            "y": 0.18601
          },
          "92": {
            "x": 0.884766,
            "y": 0.18442
          },
          "93": {
            "x": 0.885742,
            "y": 0.18601
          },