{
  "labels": {
    "22": [
      {
        "is_tti": 0,
        "non_interaction_tool": "Dissector",
        "instrument_polygon": {
          "0": {
            "x": 0.583984,
            "y": 0
          },
          "1": {
            "x": 0.55957,
            "y": 0.057034
          },
          "2": {
            "x": 0.557617,
            "y": 0.068441
          },
          "3": {
            "x": 0.551758,
            "y": 0.085551
          },
          "4": {
            "x": 0.530273,
            "y": 0.129278
          },
          "5": {
            "x": 0.517578,
            "y": 0.152091
          },
          "6": {
            "x": 0.512695,
            "y": 0.157795
          },
          "7": {
            "x": 0.501953,
            "y": 0.178707
          },
          "8": {
            "x": 0.494141,
            "y": 0.188213
          },
          "9": {
            "x": 0.489258,
            "y": 0.197719
          },
          "10": {
            "x": 0.470703,
            "y": 0.224335
          },
          "11": {
            "x": 0.467773,
            "y": 0.226236
          },
          "12": {
            "x": 0.453125,
            "y": 0.247148
          },
          "13": {
            "x": 0.449219,
            "y": 0.258555
          },
          "14": {
            "x": 0.449219,
            "y": 0.269962
          },
          "15": {
            "x": 0.451172,
            "y": 0.275665
          },
          "16": {
            "x": 0.453125,
            "y": 0.277567
          },
          "17": {
            "x": 0.456055,
            "y": 0.277567
          },
          "18": {
            "x": 0.457031,
            "y": 0.279468
          },
          "19": {
            "x": 0.461914,
            "y": 0.279468
          },
          "20": {
            "x": 0.46582,
            "y": 0.275665
          },
          "21": {
            "x": 0.469727,
            "y": 0.275665
          },
          "22": {
            "x": 0.470703,
            "y": 0.273764
          },
          "23": {
            "x": 0.472656,
            "y": 0.273764
          },
          "24": {
            "x": 0.475586,
            "y": 0.269962
          },
          "25": {
            "x": 0.479492,
            "y": 0.268061
          },
          "26": {
            "x": 0.481445,
            "y": 0.264259
          },
          "27": {
            "x": 0.486328,
            "y": 0.262357
          },
          "28": {
            "x": 0.494141,
            "y": 0.254753
          },
          "29": {
            "x": 0.507812,
            "y": 0.226236
          },
          "30": {
            "x": 0.520508,
            "y": 0.209125
          },
          "31": {
            "x": 0.527344,
            "y": 0.195817
          },
          "32": {
            "x": 0.53418,
            "y": 0.188213
          },
          "33": {
            "x": 0.544922,
            "y": 0.169202
          },
          "34": {
            "x": 0.548828,
            "y": 0.165399
          },
          "35": {
            "x": 0.558594,
            "y": 0.146388
          },
          "36": {
            "x": 0.579102,
            "y": 0.11597
          },
          "37": {
            "x": 0.595703,
            "y": 0.087452
          },
          "38": {
            "x": 0.632812,
            "y": 0.015209
          },
          "39": {
            "x": 0.642578,
            "y": 0.003802
          },
          "40": {
            "x": 0.643555,
            "y": 0.009506
          },
          "41": {
            "x": 0.638672,
            "y": 0.024715
          },
          "42": {
            "x": 0.635742,
            "y": 0.043726
          },
          "43": {
            "x": 0.631836,
            "y": 0.055133
          },
          "44": {
            "x": 0.62793,
            "y": 0.076046
          },
          "45": {
            "x": 0.624023,
            "y": 0.08365
          },
          "46": {
            "x": 0.615234,
            "y": 0.121673
          },
          "47": {
            "x": 0.608398,
            "y": 0.138783
          },
          "48": {
            "x": 0.598633,
            "y": 0.176806
          },
          "49": {
            "x": 0.586914,
            "y": 0.211027
          },
          "50": {
            "x": 0.584961,
            "y": 0.222433
          },
          "51": {
            "x": 0.572266,
            "y": 0.250951
          },
          "52": {
            "x": 0.567383,
            "y": 0.258555
          },
          "53": {
            "x": 0.564453,
            "y": 0.258555
          },
          "54": {
            "x": 0.55957,
            "y": 0.281369
          },
          "55": {
            "x": 0.554688,
            "y": 0.288973
          },
          "56": {
            "x": 0.550781,
            "y": 0.302281
          },
          "57": {
            "x": 0.542969,
            "y": 0.31749
          },
          "58": {
            "x": 0.542969,
            "y": 0.321293
          },
          "59": {
            "x": 0.53125,
            "y": 0.351711
          },
          "60": {
            "x": 0.53125,
            "y": 0.359316
          },
          "61": {
            "x": 0.537109,
            "y": 0.36692
          },
          "62": {
            "x": 0.541992,
            "y": 0.36692
          },
          "63": {
            "x": 0.547852,
            "y": 0.361217
          },
          "64": {
            "x": 0.549805,
            "y": 0.361217
          },
          "65": {
            "x": 0.561523,
            "y": 0.342205
          },
          "66": {
            "x": 0.568359,
            "y": 0.334601
          },
          "67": {
            "x": 0.610352,
            "y": 0.250951
          },
          "68": {
            "x": 0.619141,
            "y": 0.226236
          },
          "69": {
            "x": 0.628906,
            "y": 0.190114
          },
          "70": {
            "x": 0.639648,
            "y": 0.1673
          },
          "71": {
            "x": 0.652344,
            "y": 0.127376
          },
          "72": {
            "x": 0.658203,
            "y": 0.11597
          },
          "73": {
            "x": 0.667969,
            "y": 0.085551
          },
          "74": {
            "x": 0.674805,
            "y": 0.070342
          },
          "75": {
            "x": 0.683594,
            "y": 0.038023
          },
          "76": {
            "x": 0.695312,
            "y": 0.009506
          },
          "77": {
            "x": 0.696289,
            "y": 0
          }
        }
      }
    ]
  }
}