{
  "labels": {
    "0": [],
    "1": [],
    "2": [],
    "3": [],
    "4": [],
    "5": [],
    "6": [],
    "7": [],
    "8": [],
    "9": [],
    "10": [],
    "11": [],
    "12": [],
    "13": [],
    "14": [],
    "15": [],
    "16": [],
    "17": [],
    "18": [],
    "19": [],
    "20": [],
    "21": [],
    "22": [],
    "23": [],
    "24": [],
    "25": [],
    "26": [],
    "27": [],
    "28": [],
    "29": [],
    "30": [],
    "31": [],
    "32": [],
    "33": [],
    "34": [],
    "35": [],
    "36": [],
    "37": [],
    "38": [],
    "39": [],
    "40": [],
    "41": [],
    "42": [],
    "43": [],
    "44": [],
    "45": [],
    "46": [],
    "47": [],
    "48": [],
    "49": [],
    "50": [],
    "51": [],
    "52": [],
    "53": [],
    "54": [],
    "55": [],
    "56": [],
    "57": [],
    "58": [],
    "59": [],
    "60": [],
    "61": [],
    "62": [],
    "63": [],
    "64": [],
    "65": [],
    "66": [],
    "67": [],
    "68": [],
    "69": [],
    "70": [],
    "71": [],
    "72": [],
    "73": [],
    "74": [],
    "75": [],
    "76": [],
    "77": [],
    "78": [],
    "79": [],
    "80": [],
    "81": [
      {
        "is_tti": 0,
        "non_interaction_tool": null,
        "tti_polygon": {
          "0": {
            "x": 0.34056518500666844,
            "y": 0.39663691070400087
          },
          "1": {
            "x": 0.30249119933661905,
            "y": 0.48327952157900683
          },
          "2": {
            "x": 0.27869495829283825,
            "y": 0.548641470840805
          },
          "3": {
            "x": 0.2491876339226229,
            "y": 0.5182405588134442
          },
          "4": {
            "x": 0.23871730238743227,
            "y": 0.47719931597947945
          },
          "5": {
            "x": 0.2587061303401353,
            "y": 0.3875166602898478
          },
          "6": {
            "x": 0.27869495829283825,
            "y": 0.347995439863196
          },
          "7": {
            "x": 0.18636557209111443,
            "y": 0.13974920987131567
          },
          "8": {
            "x": 0.11021760075101573,
            "y": 0
          },
          "9": {
            "x": 0.2948764457748279,
            "y": 0.005985179555386615
          },
          "10": {
            "x": 0.3358059367979123,
            "y": 0.11390842305103135
          },
          "11": {
            "x": 0.34627626833310293,
            "y": 0.1792704013053985
          },
          "12": {
            "x": 0.3691206742592054,
            "y": 0.1975109891114116
          },
          "13": {
            "x": 0.3891095022119085,
            "y": 0.19447085731907895
          },
          "14": {
            "x": 0.4090984027849759,
            "y": 0.24615240196707855
          },
          "15": {
            "x": 0.48334263126935345,
            "y": 0.28415354200127957
          },
          "16": {
            "x": 0.5271277002658373,
            "y": 0.3358350866492792
          },
          "17": {
            "x": 0.5395017746567491,
            "y": 0.4011970359110774
          },
          "18": {
            "x": 0.5195129467040462,
            "y": 0.43463805073820194
          },
          "19": {
            "x": 0.4157613212290887,
            "y": 0.39359680790423723
          }
        }
      }
    ],
    "82": [],
    "83": [],
    "84": [],
    "85": [],
    "86": [],
    "87": [],
    "88": [],
    "89": [],
    "90": [],
    "91": [],
    "92": [],
    "93": [],
    "94": [],
    "95": [],
    "96": [],
    "97": [],
    "98": [],
    "99": [],
    "100": [],
    "101": [],
    "102": [],
    "103": [],
    "104": [],
    "105": [],
    "106": [],
    "107": [],
    "108": [],
    "109": [],
    "110": [],
    "111": [],
    "112": [],
    "113": [],
    "114": [],
    "115": [],
    "116": [],
    "117": [],
    "118": [],
    "119": [],
    "120": [],
    "121": [],
    "122": [],
    "123": [],
    "124": [],
    "125": [],
    "126": [],
    "127": [],
    "128": [],
    "129": [],
    "130": [],
    "131": [],
    "132": [],
    "133": [],
    "134": [],
    "135": [],
    "136": [],
    "137": [],
    "138": [],
    "139": [],
    "140": [],
    "141": [],
    "142": [],
    "143": [],
    "144": [],
    "145": [],
    "146": [],
    "147": [],
    "148": [],
    "149": [],
    "150": []
  }
}