{
  "labels": {
    "17": [
      {
        "instrument_polygon": {
          "0": {
            "x": 0.061523,
            "y": 0.314324
          },
          "1": {
            "x": 0.060547,
            "y": 0.31565
          },
          "2": {
            "x": 0.043945,
            "y": 0.31565
          },
          "3": {
            "x": 0.035156,
            "y": 0.318302
          },
          "4": {
            "x": 0.024414,
            "y": 0.318302
          },
          "5": {
            "x": 0.017578,
            "y": 0.320955
          },
          "6": {
            "x": 0,
            "y": 0.322281
          },
          "7": {
            "x": 0,
            "y": 0.392573
          },
          "8": {
            "x": 0.00293,
            "y": 0.391247
          },
          "9": {
            "x": 0.041016,
            "y": 0.38992
          },
          "10": {
            "x": 0.041992,
            "y": 0.388594
          },
          "11": {
            "x": 0.052734,
            "y": 0.387268
          },
          "12": {
            "x": 0.060547,
            "y": 0.383289
          },
          "13": {
            "x": 0.068359,
            "y": 0.381963
          },
          "14": {
            "x": 0.076172,
            "y": 0.376658
          },
          "15": {
            "x": 0.087891,
            "y": 0.372679
          },
          "16": {
            "x": 0.104492,
            "y": 0.362069
          },
          "17": {
            "x": 0.115234,
            "y": 0.34748
          },
          "18": {
            "x": 0.116211,
            "y": 0.334218
          },
          "19": {
            "x": 0.109375,
            "y": 0.322281
          },
          "20": {
            "x": 0.103516,
            "y": 0.316976
          },
          "21": {
            "x": 0.095703,
            "y": 0.314324
          },
          "22": {
            "x": 0.09375,
            "y": 0.31565
          },
          "23": {
            "x": 0.088867,
            "y": 0.31565
          },
          "24": {
            "x": 0.087891,
            "y": 0.314324
          }
        },
        "instrument_type": "Grasper"
      },
      {
        "is_tti": 1,
        "interaction_type": "Retract and grab",
        "interaction_tool": "Grasper",
        "tti_polygon": {
          "0": {
            "x": 0.0027518603371124656,
            "y": 0.4350974834070797
          },
          "1": {
            "x": 0.0111153355397659,
            "y": 0.4350974834070797
          },
          "2": {
            "x": 0.02031984931448104,
            "y": 0.4350974834070797
          },
          "3": {
            "x": 0.02880060081204345,
            "y": 0.43414229884722877
          },
          "4": {
            "x": 0.03716407601469691,
            "y": 0.43414229884722877
          },
          "5": {
            "x": 0.04994719215977819,
            "y": 0.4322364782254309
          },
          "6": {
            "x": 0.058689302257423526,
            "y": 0.4317588859455054
          },
          "7": {
            "x": 0.06647309748809817,
            "y": 0.4273150034932464
          },
          "8": {
            "x": 0.07470254263942708,
            "y": 0.425099885013973
          },
          "9": {
            "x": 0.08265722618554057,
            "y": 0.4212836952724733
          },
          "10": {
            "x": 0.09058510372138909,
            "y": 0.4166169364229157
          },
          "11": {
            "x": 0.0976987486954409,
            "y": 0.4099715809850955
          },
          "12": {
            "x": 0.1036228769639871,
            "y": 0.4023664924895203
          },
          "13": {
            "x": 0.11233483030008438,
            "y": 0.3914228065323708
          },
          "14": {
            "x": 0.1182589585686306,
            "y": 0.3838222665346996
          },
          "15": {
            "x": 0.12291315210087642,
            "y": 0.37299684152305546
          },
          "16": {
            "x": 0.1258651639813002,
            "y": 0.36262171780391245
          },
          "17": {
            "x": 0.12863288454115265,
            "y": 0.35034532196087564
          },
          "18": {
            "x": 0.1293298408080404,
            "y": 0.3388285252678156
          },
          "19": {
            "x": 0.1293298408080404,
            "y": 0.32731627707265953
          },
          "20": {
            "x": 0.1293298408080404,
            "y": 0.31604055076851423
          },
          "21": {
            "x": 0.12705468068680575,
            "y": 0.3042371987074988
          },
          "22": {
            "x": 0.12185766544669542,
            "y": 0.29532214281555663
          },
          "23": {
            "x": 0.11541417072926649,
            "y": 0.2867982577433628
          },
          "24": {
            "x": 0.1079453461192046,
            "y": 0.2807714980204937
          },
          "25": {
            "x": 0.09824157040330542,
            "y": 0.27823798468793665
          },
          "26": {
            "x": 0.0890940194004032,
            "y": 0.2777603924080112
          },
          "27": {
            "x": 0.0792863703947275,
            "y": 0.2777603924080112
          },
          "28": {
            "x": 0.06951222890188291,
            "y": 0.2777603924080112
          },
          "29": {
            "x": 0.05903107888830121,
            "y": 0.2777603924080112
          },
          "30": {
            "x": 0.04529299862753236,
            "y": 0.2777603924080112
          },
          "31": {
            "x": 0.0338032724777332,
            "y": 0.2777603924080112
          },
          "32": {
            "x": 0.025667648362331555,
            "y": 0.2777603924080112
          },
          "33": {
            "x": 0.01445938532031402,
            "y": 0.2777603924080112
          },
          "34": {
            "x": 0.0061093131227930465,
            "y": 0.2777603924080112
          },
          "35": {
            "x": 0.0008486336083034907,
            "y": 0.2796525675360969
          }
        }
      },
      {
        "instrument_polygon": {
          "0": {
            "x": 0.570312,
            "y": 0.771883
          },
          "1": {
            "x": 0.563477,
            "y": 0.779841
          },
          "2": {
            "x": 0.560547,
            "y": 0.778515
          },
          "3": {
            "x": 0.5625,
            "y": 0.779841
          },
          "4": {
            "x": 0.561523,
            "y": 0.810345
          },
          "5": {
            "x": 0.553711,
            "y": 0.832891
          },
          "6": {
            "x": 0.545898,
            "y": 0.848806
          },
          "7": {
            "x": 0.544922,
            "y": 0.860743
          },
          "8": {
            "x": 0.542969,
            "y": 0.864721
          },
          "9": {
            "x": 0.545898,
            "y": 0.877984
          },
          "10": {
            "x": 0.552734,
            "y": 0.896552
          },
          "11": {
            "x": 0.560547,
            "y": 0.908488
          },
          "12": {
            "x": 0.564453,
            "y": 0.917772
          },
          "13": {
            "x": 0.567383,
            "y": 0.919098
          },
          "14": {
            "x": 0.572266,
            "y": 0.927056
          },
          "15": {
            "x": 0.576172,
            "y": 0.928382
          },
          "16": {
            "x": 0.59375,
            "y": 0.952255
          },
          "17": {
            "x": 0.59668,
            "y": 0.958886
          },
          "18": {
            "x": 0.599609,
            "y": 0.960212
          },
          "19": {
            "x": 0.606445,
            "y": 0.96817
          },
          "20": {
            "x": 0.616211,
            "y": 0.982759
          },
          "21": {
            "x": 0.618164,
            "y": 0.98939
          },