{
  "labels": {
    "29": [
      {
        "is_tti": 0,
        "non_interaction_tool": "Cautery (Hook, Spatula)",
        "tti_polygon": {
          "0": {
            "x": 0.478516,
            "y": 0.424403
          },
          "1": {
            "x": 0.474609,
            "y": 0.427056
          },
          "2": {
            "x": 0.474609,
            "y": 0.442971
          },
          "3": {
            "x": 0.481445,
            "y": 0.449602
          },
          "4": {
            "x": 0.486328,
            "y": 0.449602
          },
          "5": {
            "x": 0.498047,
            "y": 0.461538
          },
          "6": {
            "x": 0.50293,
            "y": 0.462865
          },
          "7": {
            "x": 0.505859,
            "y": 0.470822
          },
          "8": {
            "x": 0.509766,
            "y": 0.474801
          },
          "9": {
            "x": 0.512695,
            "y": 0.488064
          },
          "10": {
            "x": 0.517578,
            "y": 0.492042
          },
          "11": {
            "x": 0.521484,
            "y": 0.502653
          },
          "12": {
            "x": 0.533203,
            "y": 0.52122
          },
          "13": {
            "x": 0.542969,
            "y": 0.527851
          },
          "14": {
            "x": 0.547852,
            "y": 0.525199
          },
          "15": {
            "x": 0.551758,
            "y": 0.525199
          },
          "16": {
            "x": 0.552734,
            "y": 0.526525
          },
          "17": {
            "x": 0.555664,
            "y": 0.537135
          },
          "18": {
            "x": 0.555664,
            "y": 0.550398
          },
          "19": {
            "x": 0.560547,
            "y": 0.582228
          },
          "20": {
            "x": 0.566406,
            "y": 0.590186
          },
          "21": {
            "x": 0.56543,
            "y": 0.595491
          },
          "22": {
            "x": 0.567383,
            "y": 0.599469
          },
          "23": {
            "x": 0.570312,
            "y": 0.600796
          },
          "24": {
            "x": 0.573242,
            "y": 0.606101
          },
          "25": {
            "x": 0.572266,
            "y": 0.614058
          },
          "26": {
            "x": 0.579102,
            "y": 0.619363
          },
          "27": {
            "x": 0.581055,
            "y": 0.619363
          },
          "28": {
            "x": 0.588867,
            "y": 0.629973
          },
          "29": {
            "x": 0.592773,
            "y": 0.6313
          },
          "30": {
            "x": 0.59668,
            "y": 0.637931
          },
          "31": {
            "x": 0.598633,
            "y": 0.645889
          },
          "32": {
            "x": 0.600586,
            "y": 0.645889
          },
          "33": {
            "x": 0.604492,
            "y": 0.640584
          },
          "34": {
            "x": 0.609375,
            "y": 0.640584
          },
          "35": {
            "x": 0.613281,
            "y": 0.645889
          },
          "36": {
            "x": 0.616211,
            "y": 0.645889
          },
          "37": {
            "x": 0.619141,
            "y": 0.643236
          },
          "38": {
            "x": 0.62207,
            "y": 0.647215
          },
          "39": {
            "x": 0.630859,
            "y": 0.647215
          },
          "40": {
            "x": 0.634766,
            "y": 0.649867
          },
          "41": {
            "x": 0.636719,
            "y": 0.653846
          },
          "42": {
            "x": 0.633789,
            "y": 0.656499
          },
          "43": {
            "x": 0.630859,
            "y": 0.656499
          },
          "44": {
            "x": 0.630859,
            "y": 0.659151
          },
          "45": {
            "x": 0.633789,
            "y": 0.659151
          },
          "46": {
            "x": 0.642578,
            "y": 0.667109
          },
          "47": {
            "x": 0.644531,
            "y": 0.672414
          },
          "48": {
            "x": 0.651367,
            "y": 0.675066
          },
          "49": {
            "x": 0.658203,
            "y": 0.681698
          },
          "50": {
            "x": 0.665039,
            "y": 0.683024
          },
          "51": {
            "x": 0.670898,
            "y": 0.688329
          },
          "52": {
            "x": 0.672852,
            "y": 0.693634
          },
          "53": {
            "x": 0.677734,
            "y": 0.69496
          },
          "54": {
            "x": 0.682617,
            "y": 0.698939
          },
          "55": {
            "x": 0.682617,
            "y": 0.701592
          },
          "56": {
            "x": 0.677734,
            "y": 0.704244
          },
          "57": {
            "x": 0.69043,
            "y": 0.714854
          },
          "58": {
            "x": 0.692383,
            "y": 0.720159
          },
          "59": {
            "x": 0.708008,
            "y": 0.729443
          },
          "60": {
            "x": 0.709961,
            "y": 0.732095
          },
          "61": {
            "x": 0.709961,
            "y": 0.736074
          },
          "62": {
            "x": 0.717773,
            "y": 0.741379
          },
          "63": {
            "x": 0.723633,
            "y": 0.750663
          },
          "64": {
            "x": 0.729492,
            "y": 0.753316
          },
          "65": {
            "x": 0.737305,
            "y": 0.759947
          },
          "66": {
            "x": 0.740234,
            "y": 0.763926
          },
          "67": {
            "x": 0.739258,
            "y": 0.766578
          },
          "68": {
            "x": 0.748047,
            "y": 0.77321
          },
          "69": {
            "x": 0.75293,
            "y": 0.779841
          },
          "70": {
            "x": 0.75293,
            "y": 0.782493
          },
          "71": {
            "x": 0.763672,
            "y": 0.791777
          },
          "72": {
            "x": 0.769531,
            "y": 0.793103
          },
          "73": {
            "x": 0.770508,
            "y": 0.79443
          },
          "74": {
            "x": 0.766602,
            "y": 0.798408
          },
          "75": {
            "x": 0.782227,
            "y": 0.810345
          },
          "76": {
            "x": 0.776367,
            "y": 0.814324
          },
          "77": {
            "x": 0.783203,
            "y": 0.814324
          },
          "78": {
            "x": 0.792969,
            "y": 0.823607
          },
          "79": {
            "x": 0.799805,
            "y": 0.823607
          },
          "80": {
            "x": 0.800781,
            "y": 0.82626
          },
          "81": {
            "x": 0.797852,
            "y": 0.830239
          },
          "82": {
            "x": 0.810547,
            "y": 0.839523
          },
          "83": {
            "x": 0.813477,
            "y": 0.839523
          },
          "84": {
            "x": 0.814453,
            "y": 0.842175
          },
          "85": {
            "x": 0.8125,
            "y": 0.844828
          },
          "86": {
            "x": 0.816406,
            "y": 0.848806
          },
          "87": {
            "x": 0.832031,
            "y": 0.854111
          },
          "88": {
            "x": 0.841797,
            "y": 0.860743
          },
          "89": {
            "x": 0.84668,
            "y": 0.8687
          },
          "90": {
            "x": 0.853516,
            "y": 0.871353
          },
          "91": {
            "x": 0.855469,
            "y": 0.876658
          },
          "92": {
            "x": 0.867188,
            "y": 0.885942
          },
          "93": {
            "x": 0.880859,