{
  "labels": {
    "48": [
      {
        "is_tti": 0,
        "non_interaction_tool": "Dissector",
        "tti_polygon": {
          "0": {
            "x": 0.998047,
            "y": 0.653997
          },
          "1": {
            "x": 0.952148,
            "y": 0.688073
          },
          "2": {
            "x": 0.942383,
            "y": 0.692005
          },
          "3": {
            "x": 0.924805,
            "y": 0.705111
          },
          "4": {
            "x": 0.910156,
            "y": 0.710354
          },
          "5": {
            "x": 0.895508,
            "y": 0.720839
          },
          "6": {
            "x": 0.882812,
            "y": 0.724771
          },
          "7": {
            "x": 0.863281,
            "y": 0.735256
          },
          "8": {
            "x": 0.851562,
            "y": 0.737877
          },
          "9": {
            "x": 0.834961,
            "y": 0.74443
          },
          "10": {
            "x": 0.81543,
            "y": 0.748362
          },
          "11": {
            "x": 0.810547,
            "y": 0.750983
          },
          "12": {
            "x": 0.770508,
            "y": 0.753604
          },
          "13": {
            "x": 0.762695,
            "y": 0.756225
          },
          "14": {
            "x": 0.739258,
            "y": 0.756225
          },
          "15": {
            "x": 0.730469,
            "y": 0.752294
          },
          "16": {
            "x": 0.709961,
            "y": 0.750983
          },
          "17": {
            "x": 0.697266,
            "y": 0.74574
          },
          "18": {
            "x": 0.677734,
            "y": 0.743119
          },
          "19": {
            "x": 0.673828,
            "y": 0.739187
          },
          "20": {
            "x": 0.666992,
            "y": 0.739187
          },
          "21": {
            "x": 0.65918,
            "y": 0.736566
          },
          "22": {
            "x": 0.652344,
            "y": 0.737877
          },
          "23": {
            "x": 0.651367,
            "y": 0.736566
          },
          "24": {
            "x": 0.642578,
            "y": 0.736566
          },
          "25": {
            "x": 0.635742,
            "y": 0.733945
          },
          "26": {
            "x": 0.618164,
            "y": 0.733945
          },
          "27": {
            "x": 0.611328,
            "y": 0.737877
          },
          "28": {
            "x": 0.607422,
            "y": 0.74574
          },
          "29": {
            "x": 0.601562,
            "y": 0.752294
          },
          "30": {
            "x": 0.600586,
            "y": 0.757536
          },
          "31": {
            "x": 0.595703,
            "y": 0.761468
          },
          "32": {
            "x": 0.591797,
            "y": 0.782438
          },
          "33": {
            "x": 0.588867,
            "y": 0.785059
          },
          "34": {
            "x": 0.586914,
            "y": 0.794233
          },
          "35": {
            "x": 0.583008,
            "y": 0.798165
          },
          "36": {
            "x": 0.580078,
            "y": 0.796855
          },
          "37": {
            "x": 0.579102,
            "y": 0.798165
          },
          "38": {
            "x": 0.579102,
            "y": 0.802097
          },
          "39": {
            "x": 0.582031,
            "y": 0.806029
          },
          "40": {
            "x": 0.582031,
            "y": 0.809961
          },
          "41": {
            "x": 0.579102,
            "y": 0.813893
          },
          "42": {
            "x": 0.580078,
            "y": 0.817824
          },
          "43": {
            "x": 0.583984,
            "y": 0.825688
          },
          "44": {
            "x": 0.587891,
            "y": 0.828309
          },
          "45": {
            "x": 0.59082,
            "y": 0.828309
          },
          "46": {
            "x": 0.592773,
            "y": 0.833552
          },
          "47": {
            "x": 0.598633,
            "y": 0.841415
          },
          "48": {
            "x": 0.607422,
            "y": 0.844037
          },
          "49": {
            "x": 0.609375,
            "y": 0.849279
          },
          "50": {
            "x": 0.612305,
            "y": 0.8519
          },
          "51": {
            "x": 0.615234,
            "y": 0.8519
          },
          "52": {
            "x": 0.618164,
            "y": 0.854522
          },
          "53": {
            "x": 0.62207,
            "y": 0.854522
          },
          "54": {
            "x": 0.626953,
            "y": 0.859764
          },
          "55": {
            "x": 0.629883,
            "y": 0.858453
          },
          "56": {
            "x": 0.641602,
            "y": 0.867628
          },
          "57": {
            "x": 0.655273,
            "y": 0.874181
          },
          "58": {
            "x": 0.65918,
            "y": 0.879423
          },
          "59": {
            "x": 0.665039,
            "y": 0.882045
          },
          "60": {
            "x": 0.668945,
            "y": 0.882045
          },
          "61": {
            "x": 0.672852,
            "y": 0.885976
          },
          "62": {
            "x": 0.68457,
            "y": 0.889908
          },
          "63": {
            "x": 0.689453,
            "y": 0.895151
          },
          "64": {
            "x": 0.695312,
            "y": 0.897772
          },
          "65": {
            "x": 0.700195,
            "y": 0.897772
          },
          "66": {
            "x": 0.705078,
            "y": 0.901704
          },
          "67": {
            "x": 0.714844,
            "y": 0.903014
          },
          "68": {
            "x": 0.720703,
            "y": 0.908257
          },
          "69": {
            "x": 0.724609,
            "y": 0.908257
          },
          "70": {
            "x": 0.726562,
            "y": 0.910878
          },
          "71": {
            "x": 0.732422,
            "y": 0.912189
          },
          "72": {
            "x": 0.736328,
            "y": 0.916121
          },
          "73": {
            "x": 0.75,
            "y": 0.916121
          },
          "74": {
            "x": 0.756836,
            "y": 0.918742
          },
          "75": {
            "x": 0.764648,
            "y": 0.918742
          },
          "76": {
            "x": 0.765625,
            "y": 0.920052
          },
          "77": {
            "x": 0.787109,
            "y": 0.920052
          },
          "78": {
            "x": 0.788086,
            "y": 0.921363
          },
          "79": {
            "x": 0.795898,
            "y": 0.921363
          },
          "80": {
            "x": 0.796875,
            "y": 0.922674
          },
          "81": {
            "x": 0.802734,
            "y": 0.921363
          },
          "82": {
            "x": 0.803711,
            "y": 0.922674
          },
          "83": {
            "x": 0.8125,
            "y": 0.922674
          },
          "84": {
            "x": 0.813477,
            "y": 0.923984
          },
          "85": {
            "x": 0.81543,
            "y": 0.922674
          },
          "86": {
            "x": 0.832031,
            "y": 0.923984
          },
          "87": {
            "x": 0.835938,
            "y": 0.922674
          },
          "88": {
            "x": 0.837891,
            "y": 0.923984
          },
          "89": {
            "x": 0.841797,
            "y": 0.922674
          },
          "90": {
            "x": 0.842773,
            "y": 0.923984
          },
          "91": {
            "x": 0.847656,
            "y": 0.923984
          },
          "92": {
            "x": 0.848633,
            "y": 0.922674
          },
          "93": {
            "x": 0.859375,
            "y": 0.922674
          },