{
  "labels": {
    "106": [
      {
        "instrument_polygon": {
          "0": {
            "x": 0.494141,
            "y": 0
          },
          "1": {
            "x": 0.722656,
            "y": 0
          },
          "10": {
            "x": 0.720703,
            "y": 0.154653
          },
          "11": {
            "x": 0.711914,
            "y": 0.165138
          },
          "12": {
            "x": 0.708008,
            "y": 0.165138
          },
          "13": {
            "x": 0.704102,
            "y": 0.169069
          },
          "14": {
            "x": 0.689453,
            "y": 0.169069
          },
          "15": {
            "x": 0.685547,
            "y": 0.165138
          },
          "16": {
            "x": 0.679688,
            "y": 0.165138
          },
          "17": {
            "x": 0.675781,
            "y": 0.162516
          },
          "18": {
            "x": 0.666016,
            "y": 0.161206
          },
          "19": {
            "x": 0.662109,
            "y": 0.157274
          },
          "2": {
            "x": 0.723633,
            "y": 0.013106
          },
          "20": {
            "x": 0.651367,
            "y": 0.153342
          },
          "21": {
            "x": 0.643555,
            "y": 0.142857
          },
          "22": {
            "x": 0.619141,
            "y": 0.119266
          },
          "23": {
            "x": 0.615234,
            "y": 0.116645
          },
          "24": {
            "x": 0.612305,
            "y": 0.116645
          },
          "25": {
            "x": 0.606445,
            "y": 0.108781
          },
          "26": {
            "x": 0.602539,
            "y": 0.108781
          },
          "27": {
            "x": 0.599609,
            "y": 0.104849
          },
          "28": {
            "x": 0.595703,
            "y": 0.10616
          },
          "29": {
            "x": 0.59375,
            "y": 0.100917
          },
          "3": {
            "x": 0.728516,
            "y": 0.02228
          },
          "30": {
            "x": 0.588867,
            "y": 0.099607
          },
          "31": {
            "x": 0.583008,
            "y": 0.094364
          },
          "32": {
            "x": 0.5760510607966629,
            "y": 0.09332706856794043
          },
          "33": {
            "x": 0.5739549839228296,
            "y": 0.09051724137931035
          },
          "34": {
            "x": 0.5731511254019293,
            "y": 0.09051724137931035
          },
          "35": {
            "x": 0.5715434083601286,
            "y": 0.08836206896551724
          },
          "36": {
            "x": 0.5707395498392283,
            "y": 0.08836206896551724
          },
          "37": {
            "x": 0.5667202572347267,
            "y": 0.08297413793103449
          },
          "38": {
            "x": 0.5659163987138264,
            "y": 0.08297413793103449
          },
          "39": {
            "x": 0.565112540192926,
            "y": 0.08189655172413793
          },
          "4": {
            "x": 0.729492,
            "y": 0.034076
          },
          "40": {
            "x": 0.5643086816720257,
            "y": 0.08189655172413793
          },
          "41": {
            "x": 0.5635048231511254,
            "y": 0.08081896551724138
          },
          "42": {
            "x": 0.5627009646302251,
            "y": 0.08081896551724138
          },
          "43": {
            "x": 0.5618971061093248,
            "y": 0.07974137931034483
          },
          "44": {
            "x": 0.5610932475884244,
            "y": 0.07974137931034483
          },
          "45": {
            "x": 0.5562700964630225,
            "y": 0.07327586206896551
          },
          "46": {
            "x": 0.5554662379421221,
            "y": 0.07327586206896551
          },
          "47": {
            "x": 0.5530546623794212,
            "y": 0.07004310344827586
          },
          "48": {
            "x": 0.5522508038585209,
            "y": 0.07004310344827586
          },
          "49": {
            "x": 0.5490353697749196,
            "y": 0.06573275862068965
          },
          "5": {
            "x": 0.730469,
            "y": 0.072084
          },
          "50": {
            "x": 0.5482315112540193,
            "y": 0.06573275862068965
          },
          "51": {
            "x": 0.5418006430868167,
            "y": 0.057112068965517244
          },
          "52": {
            "x": 0.5409967845659164,
            "y": 0.057112068965517244
          },
          "53": {
            "x": 0.5382816203884885,
            "y": 0.05347234457249972
          },
          "54": {
            "x": 0.539062,
            "y": 0.052425
          },
          "55": {
            "x": 0.538086,
            "y": 0.045872
          },
          "56": {
            "x": 0.532227,
            "y": 0.038008
          },
          "57": {
            "x": 0.527344,
            "y": 0.035387
          },
          "58": {
            "x": 0.523438,
            "y": 0.028834
          },
          "59": {
            "x": 0.521484,
            "y": 0.028834
          },
          "6": {
            "x": 0.727539,
            "y": 0.076016
          },
          "60": {
            "x": 0.516602,
            "y": 0.02228
          },
          "61": {
            "x": 0.509766,
            "y": 0.017038
          },
          "62": {
            "x": 0.50293,
            "y": 0.007864
          },
          "63": {
            "x": 0.496094,
            "y": 0.005242
          },
          "64": {
            "x": 0.494141,
            "y": 0
          },
          "7": {
            "x": 0.729492,
            "y": 0.086501
          },
          "8": {
            "x": 0.729492,
            "y": 0.115334
          },
          "9": {
            "x": 0.725586,
            "y": 0.138925
          }
        },
        "instrument_type": "Grasper"
      },
      {
        "is_tti": 1,
        "interaction_type": "Retract and grab",
        "interaction_tool": "Grasper",
        "tti_polygon": {
          "0": {
            "x": 0.5315077533534411,
            "y": 0.06941062983292866
          },
          "1": {
            "x": 0.5323116118743415,
            "y": 0.06833304362603211
          },
          "10": {
            "x": 0.7311854487056133,
            "y": 0
          },
          "11": {
            "x": 0.7365016965800981,
            "y": 0.007666043934806402
          },
          "12": {
            "x": 0.7417240841460644,
            "y": 0.02404295239322295
          },
          "13": {
            "x": 0.7481065851253188,
            "y": 0.043726446241061645
          },
          "14": {
            "x": 0.7516657680243382,
            "y": 0.06255938768279326
          },
          "15": {
            "x": 0.7567717688077417,
            "y": 0.0832393867164852
          },
          "16": {
            "x": 0.7588366955951475,
            "y": 0.10266620498614958
          },
          "17": {
            "x": 0.758055777828274,
            "y": 0.12261140726663661
          },
          "18": {
            "x": 0.7542901022505142,
            "y": 0.14276295658055788
          },
          "19": {
            "x": 0.7486096763789778,
            "y": 0.16682000096630806
          },
          "2": {
            "x": 0.5323116118743415,
            "y": 0.066177871212239
          },
          "20": {
            "x": 0.7452344596846545,
            "y": 0.18413302035688978
          },
          "21": {
            "x": 0.7341401712177741,
            "y": 0.19333307833537333
          },
          "22": {
            "x": 0.7199147028587184,
            "y": 0.1968309121948077
          },
          "23": {
            "x": 0.6581809007399663,
            "y": 0.1968309121948077
          },
          "24": {
            "x": 0.6398931582282325,