{
  "labels": {
    "118": [
      {
        "is_tti": 0,
        "non_interaction_tool": "Cautery (Hook, Spatula)",
        "instrument_polygon": {
          "0": {
            "x": 0.2312064429971678,
            "y": 0.23111554640195622
          },
          "1": {
            "x": 0.24051702746330209,
            "y": 0.23016036184210525
          },
          "2": {
            "x": 0.24944800309790857,
            "y": 0.23016036184210525
          },
          "3": {
            "x": 0.2573486119040822,
            "y": 0.23249828976478812
          },
          "4": {
            "x": 0.26524922071025586,
            "y": 0.2369785602002795
          },
          "5": {
            "x": 0.2715737749926755,
            "y": 0.24426980234047507
          },
          "6": {
            "x": 0.27667476866633106,
            "y": 0.25345321960875644
          },
          "7": {
            "x": 0.28071828059501625,
            "y": 0.26310968065905915
          },
          "8": {
            "x": 0.285280365302485,
            "y": 0.2722930979273405
          },
          "9": {
            "x": 0.2892730367626621,
            "y": 0.2823862147764322
          },
          "10": {
            "x": 0.2917201579801899,
            "y": 0.29290689042850493
          },
          "11": {
            "x": 0.29547896328522916,
            "y": 0.30319559268747087
          },
          "12": {
            "x": 0.29994275642024876,
            "y": 0.31281566575454123
          },
          "13": {
            "x": 0.30556232287268803,
            "y": 0.3219990830228226
          },
          "14": {
            "x": 0.30967362209271754,
            "y": 0.3325652436539357
          },
          "15": {
            "x": 0.3154592674089502,
            "y": 0.3405796969608757
          },
          "16": {
            "x": 0.3233395400277206,
            "y": 0.3473706043316256
          },
          "17": {
            "x": 0.33072157605511066,
            "y": 0.35276967134373544
          },
          "18": {
            "x": 0.33777145435491374,
            "y": 0.35844619672799255
          },
          "19": {
            "x": 0.3460245570760776,
            "y": 0.358919240510014
          },
          "20": {
            "x": 0.35333880581212346,
            "y": 0.3540978327317187
          },
          "21": {
            "x": 0.3622968963632675,
            "y": 0.34366357853982304
          },
          "22": {
            "x": 0.3682079481684872,
            "y": 0.3331338058919423
          },
          "23": {
            "x": 0.37500362412574934,
            "y": 0.3265976144038193
          },
          "24": {
            "x": 0.3811417633569722,
            "y": 0.3195019576734979
          },
          "25": {
            "x": 0.38408712116588034,
            "y": 0.3078305120517001
          },
          "26": {
            "x": 0.3893338575159262,
            "y": 0.2974599368304611
          },
          "27": {
            "x": 0.39688197240710965,
            "y": 0.28634340795295765
          },
          "28": {
            "x": 0.40248120267214565,
            "y": 0.27808788425710296
          },
          "29": {
            "x": 0.4080804329371816,
            "y": 0.2693593167792268
          },
          "30": {
            "x": 0.4112325419846897,
            "y": 0.25897054756637167
          },
          "31": {
            "x": 0.4152252134448668,
            "y": 0.2472354229739171
          },
          "32": {
            "x": 0.4181909074411782,
            "y": 0.23714230612482534
          },
          "33": {
            "x": 0.4197669619649323,
            "y": 0.22628959012575686
          },
          "34": {
            "x": 0.4197669619649323,
            "y": 0.21249854448067074
          },
          "35": {
            "x": 0.4197669619649323,
            "y": 0.19827994003260363
          },
          "36": {
            "x": 0.4197669619649323,
            "y": 0.18629464805542617
          },
          "37": {
            "x": 0.4197669619649323,
            "y": 0.17531002561714018
          },
          "38": {
            "x": 0.4173977961324503,
            "y": 0.1645573765719609
          },
          "39": {
            "x": 0.4149845685605946,
            "y": 0.1523355627037727
          },
          "40": {
            "x": 0.4130424626635815,
            "y": 0.14082331450861668
          },
          "41": {
            "x": 0.4111749227870472,
            "y": 0.1286970190964136
          },
          "42": {
            "x": 0.4092294275254668,
            "y": 0.11628416831625524
          },
          "43": {
            "x": 0.4092294275254668,
            "y": 0.10277967803912434
          },
          "44": {
            "x": 0.4085210503309193,
            "y": 0.09084441953889145
          },
          "45": {
            "x": 0.4085210503309193,
            "y": 0.07985979710060548
          },
          "46": {
            "x": 0.4093412765561849,
            "y": 0.06255276257568698
          },
          "47": {
            "x": 0.4119748128249095,
            "y": 0.050335497205402875
          },
          "48": {
            "x": 0.4154794157874077,
            "y": 0.04026512284583137
          },
          "49": {
            "x": 0.41975679387123066,
            "y": 0.028047857475547257
          },
          "50": {
            "x": 0.4243392147661027,
            "y": 0.018518754366557963
          },
          "51": {
            "x": 0.4308298479123157,
            "y": 0.010449719084769427
          },
          "52": {
            "x": 0.438025468888509,
            "y": 0.004281955926874688
          },
          "53": {
            "x": 0.5473968741079074,
            "y": 0.0008569370051234073
          },
          "54": {
            "x": 0.555914347265314,
            "y": 0.003349513856543994
          },
          "55": {
            "x": 0.5640793265077301,
            "y": 0.004518477817885402
          },
          "56": {
            "x": 0.5732678938494448,
            "y": 0.005910318176525362
          },
          "57": {
            "x": 0.5824632399202938,
            "y": 0.00843018601537026
          },
          "58": {
            "x": 0.5906553340792478,
            "y": 0.009822026374010221
          },
          "59": {
            "x": 0.6002574038981624,
            "y": 0.01029507015603165
          },
          "60": {
            "x": 0.6086562492957164,
            "y": 0.011241157720074502
          },
          "61": {
            "x": 0.6167636093404901,
            "y": 0.014552464194224481
          },
          "62": {
            "x": 0.6167636093404901,
            "y": 0.026733341581276184
          },
          "63": {
            "x": 0.6141334624363327,
            "y": 0.03847756316953887
          },
          "64": {
            "x": 0.6124320014235918,
            "y": 0.05038098218444339
          },
          "65": {
            "x": 0.6103780464958606,
            "y": 0.06086526985328364
          },
          "66": {
            "x": 0.6064328261396246,
            "y": 0.071099390137401
          },
          "67": {
            "x": 0.602399482304641,
            "y": 0.08852468560782485
          },
          "68": {
            "x": 0.597101905486087,
            "y": 0.101615262575687
          },
          "69": {
            "x": 0.5926821740904412,
            "y": 0.11213593822775965
          },
          "70": {
            "x": 0.5894995607618282,
            "y": 0.12286129628551466
          },
          "71": {
            "x": 0.5851950677614676,
            "y": 0.1361019736842105
          },
          "72": {
            "x": 0.5769216288529004,
            "y": 0.15008405624126686
          },
          "73": {
            "x": 0.5718070777209759,
            "y": 0.15993610270144384
          },
          "74": {
            "x": 0.5666925265890514,