{
  "labels": {
    "62": [
      {},
      {
        "is_tti": 1,
        "interaction_type": "Retract and grab",
        "interaction_tool": "Grasper",
        "tti_polygon": {
          "0": {
            "x": 0.3477564102564102,
            "y": 0.1072874493927125
          },
          "1": {
            "x": 0.35096153846153844,
            "y": 0.11943319838056675
          },
          "2": {
            "x": 0.3541666666666666,
            "y": 0.131578947368421
          },
          "3": {
            "x": 0.35897435897435886,
            "y": 0.14372469635627527
          },
          "4": {
            "x": 0.3605769230769231,
            "y": 0.1558704453441295
          },
          "5": {
            "x": 0.3637820512820512,
            "y": 0.16801619433198373
          },
          "6": {
            "x": 0.3685897435897436,
            "y": 0.1781376518218623
          },
          "7": {
            "x": 0.37339743589743585,
            "y": 0.18825910931174084
          },
          "8": {
            "x": 0.3749999999999999,
            "y": 0.2004048582995951
          },
          "9": {
            "x": 0.37339743589743585,
            "y": 0.21255060728744934
          },
          "10": {
            "x": 0.36538461538461536,
            "y": 0.21862348178137647
          },
          "11": {
            "x": 0.3557692307692307,
            "y": 0.2206477732793522
          },
          "12": {
            "x": 0.3461538461538461,
            "y": 0.2246963562753036
          },
          "13": {
            "x": 0.3397435897435897,
            "y": 0.23279352226720643
          },
          "14": {
            "x": 0.3397435897435897,
            "y": 0.24493927125506068
          },
          "15": {
            "x": 0.33653846153846145,
            "y": 0.2570850202429149
          },
          "16": {
            "x": 0.33173076923076916,
            "y": 0.26720647773279343
          },
          "17": {
            "x": 0.3237179487179487,
            "y": 0.27327935222672056
          },
          "18": {
            "x": 0.3141025641025641,
            "y": 0.27327935222672056
          },
          "19": {
            "x": 0.31089743589743585,
            "y": 0.26113360323886636
          },
          "20": {
            "x": 0.3060897435897435,
            "y": 0.2510121457489878
          },
          "21": {
            "x": 0.30448717948717946,
            "y": 0.23886639676113355
          },
          "22": {
            "x": 0.30288461538461536,
            "y": 0.2267206477732793
          },
          "23": {
            "x": 0.3012820512820512,
            "y": 0.21457489878542504
          },
          "24": {
            "x": 0.2938647584375567,
            "y": 0.18564076004643326
          }
        }
      },
      {
        "instrument_polygon": {
          "0": {
            "x": 0.312830070397156,
            "y": 0.007493922887241411
          },
          "1": {
            "x": 0.31672846812425237,
            "y": 0.017342506618853275
          },
          "2": {
            "x": 0.32257606471489697,
            "y": 0.02719109035046517
          },
          "3": {
            "x": 0.324525263578445,
            "y": 0.03950182001498002
          },
          "4": {
            "x": 0.3284236613055414,
            "y": 0.049350403746591914
          },
          "5": {
            "x": 0.3303728601690896,
            "y": 0.06166113341110677
          },
          "6": {
            "x": 0.3362204567597342,
            "y": 0.07150971714271863
          },
          "7": {
            "x": 0.3401188544868306,
            "y": 0.08382044680723348
          },
          "8": {
            "x": 0.3420680533503788,
            "y": 0.09613117647174836
          },
          "9": {
            "x": 0.344017252213927,
            "y": 0.10844190613626319
          },
          "10": {
            "x": 0.3479156499410234,
            "y": 0.11829048986787508
          },
          "11": {
            "x": 0.3518140476681196,
            "y": 0.12813907359948698
          },
          "12": {
            "x": 0.3537632465316678,
            "y": 0.1404498032640018
          },
          "13": {
            "x": 0.3576616442587642,
            "y": 0.15276053292851668
          },
          "14": {
            "x": 0.3615600419858606,
            "y": 0.1650712625930315
          },
          "15": {
            "x": 0.365458439712957,
            "y": 0.17491984632464339
          },
          "16": {
            "x": 0.3674076385765052,
            "y": 0.18723057598915827
          },
          "17": {
            "x": 0.3674076385765052,
            "y": 0.1995413056536731
          },
          "18": {
            "x": 0.3674076385765052,
            "y": 0.21185203531818797
          },
          "19": {
            "x": 0.365458439712957,
            "y": 0.2241627649827028
          },
          "20": {
            "x": 0.355712445395216,
            "y": 0.2266249109156058
          },
          "21": {
            "x": 0.3459664510774752,
            "y": 0.2266249109156058
          },
          "22": {
            "x": 0.3362204567597342,
            "y": 0.2241627649827028
          },
          "23": {
            "x": 0.3284236613055414,
            "y": 0.21431418125109092
          },
          "24": {
            "x": 0.324525263578445,
            "y": 0.20446559751947907
          },
          "25": {
            "x": 0.3206268658513488,
            "y": 0.1946170137878672
          },
          "26": {
            "x": 0.31088087153360777,
            "y": 0.1921548678549642
          },
          "27": {
            "x": 0.3011348772158668,
            "y": 0.19707915972077011
          },
          "28": {
            "x": 0.3011348772158668,
            "y": 0.209389889385285
          },
          "29": {
            "x": 0.2972364794887704,
            "y": 0.2192384731168969
          },
          "30": {
            "x": 0.291388882898126,
            "y": 0.209389889385285
          },
          "31": {
            "x": 0.2894396840345778,
            "y": 0.19707915972077011
          },
          "32": {
            "x": 0.2855412863074814,
            "y": 0.18723057598915827
          },
          "33": {
            "x": 0.281642888580385,
            "y": 0.17491984632464339
          },
          "34": {
            "x": 0.2796936897168368,
            "y": 0.16260911666012856
          },
          "35": {
            "x": 0.2757952919897404,
            "y": 0.15276053292851668
          },
          "36": {
            "x": 0.2738460931261922,
            "y": 0.1404498032640018
          },
          "37": {
            "x": 0.271896894262644,
            "y": 0.12813907359948698
          },
          "38": {
            "x": 0.2679984965355478,
            "y": 0.11582834393497209
          },
          "39": {
            "x": 0.2641000988084514,
            "y": 0.10351761427045728
          },
          "40": {
            "x": 0.2621508999449032,
            "y": 0.09120688460594238
          },
          "41": {
            "x": 0.2582525022178068,
            "y": 0.08135830087433052
          },
          "42": {
            "x": 0.2543541044907104,
            "y": 0.07150971714271863
          },
          "43": {
            "x": 0.250455706763614,
            "y": 0.06166113341110677
          },
          "44": {
            "x": 0.2465573090365176,
            "y": 0.049350403746591914
          },
          "45": {
            "x": 0.2426589113094214,
            "y": 0.03703967408207706
          },
          "46": {
            "x": 0.238760513582325,
            "y": 0.02719109035046517
          },
          "47": {
            "x": 0.2348621158552286,
            "y": 0.017342506618853275
          },
          "48": {
            "x": 0.2309637181281322,
            "y": 0.007493922887241411
          }
        },