{
  "labels": {
    "0": [],
    "66": [
      {
        "instrument_polygon": {
          "0": {
            "x": 0.5631853363748704,
            "y": 0.6925138565635237
          },
          "1": {
            "x": 0.5760082200631313,
            "y": 0.657701139777425
          },
          "2": {
            "x": 0.6042185250449701,
            "y": 0.6308003546905868
          },
          "3": {
            "x": 0.7029547881430828,
            "y": 0.6054819438708589
          },
          "4": {
            "x": 0.8222076455762451,
            "y": 0.6038995696037487
          },
          "5": {
            "x": 0.8901689682563638,
            "y": 0.5944052032736687
          },
          "6": {
            "x": 0.9735177122300601,
            "y": 0.5754164102498001
          },
          "7": {
            "x": 0.9991634796065819,
            "y": 0.5754164102498001
          },
          "8": {
            "x": 0.9914696711289542,
            "y": 0.6751074981704743
          },
          "9": {
            "x": 0.9709529789630661,
            "y": 0.7494802356351298
          },
          "10": {
            "x": 0.7824566278779652,
            "y": 0.7257442594462211
          },
          "11": {
            "x": 0.7106485966207102,
            "y": 0.7035906575244228
          },
          "12": {
            "x": 0.6221705817747031,
            "y": 0.6988435950868009
          },
          "13": {
            "x": 0.5683145094163424,
            "y": 0.7004258486264934
          }
        },
        "instrument_type": "Dissector"
      },
      {
        "is_tti": 1,
        "interaction_type": "Blunt dissection",
        "interaction_tool": "Dissector",
        "tti_polygon": {
          "0": {
            "x": 0.5606207987695538,
            "y": 0.6023171953366383
          },
          "1": {
            "x": 0.5490801838839511,
            "y": 0.6513715219815658
          },
          "2": {
            "x": 0.55677389453074,
            "y": 0.7289090683441508
          },
          "3": {
            "x": 0.5708790470216593,
            "y": 0.7795457692561886
          },
          "4": {
            "x": 0.5990894498343365,
            "y": 0.8016994919054049
          },
          "5": {
            "x": 0.6362757342656225,
            "y": 0.7842930127849376
          },
          "6": {
            "x": 0.6439695427432501,
            "y": 0.7447330524700898
          },
          "7": {
            "x": 0.6414049073070947,
            "y": 0.6751074981704743
          },
          "8": {
            "x": 0.6337111966603058,
            "y": 0.6260531715255468
          },
          "9": {
            "x": 0.6272997548161754,
            "y": 0.5738339756189808
          },
          "10": {
            "x": 0.6119123335225977,
            "y": 0.5516804340608915
          },
          "11": {
            "x": 0.5798551243019452,
            "y": 0.559592426123861
          }
        }
      }
    ],
    "129": [],
    "150": [
      {
        "is_tti": 0,
        "non_interaction_tool": "Dissector",
        "tti_polygon": {
          "0": {
            "x": 0.7388589016025489,
            "y": 0.5469332508958515
          },
          "1": {
            "x": 0.7196245760701575,
            "y": 0.58491077657988
          },
          "2": {
            "x": 0.7003902505377659,
            "y": 0.6133939359338285
          },
          "3": {
            "x": 0.7157776718313437,
            "y": 0.637129912122737
          },
          "4": {
            "x": 0.8350305292645063,
            "y": 0.6129983725489053
          },
          "5": {
            "x": 0.935049061165277,
            "y": 0.6197235537296877
          },
          "6": {
            "x": 0.9773644208071965,
            "y": 0.6308003546905868
          },
          "7": {
            "x": 0.986340595918321,
            "y": 0.6497891477144555
          },
          "8": {
            "x": 0.9292786069762179,
            "y": 0.6442507170521513
          },
          "9": {
            "x": 0.8395184211583913,
            "y": 0.6434595299185963
          },
          "10": {
            "x": 0.7850211654832818,
            "y": 0.6608658883116456
          },
          "11": {
            "x": 0.7670692065843875,
            "y": 0.678272307068404
          },
          "12": {
            "x": 0.7516817852908098,
            "y": 0.7099202753202821
          },
          "13": {
            "x": 0.7875858987502761,
            "y": 0.7099202753202821
          },
          "14": {
            "x": 0.833748162631009,
            "y": 0.6988435950868009
          },
          "15": {
            "x": 0.8786282555399224,
            "y": 0.6925138565635237
          },
          "16": {
            "x": 0.9747998832018797,
            "y": 0.7035906575244228
          },
          "17": {
            "x": 0.986340595918321,
            "y": 0.6988435950868009
          },
          "18": {
            "x": 1,
            "y": 0.5722516013518706
          },
          "19": {
            "x": 0.9927520377624515,
            "y": 0.5200324658090134
          },
          "20": {
            "x": 0.8068202242826674,
            "y": 0.5168676569110838
          },
          "21": {
            "x": 0.7491172476854931,
            "y": 0.5358564499349525
          }
        }
      }
    ]
  }
}