{
  "labels": {
    "0": [
      {
        "is_tti": 0,
        "non_interaction_tool": "Cautery (Hook, Spatula)",
        "instrument_polygon": {
          "0": {
            "x": 0.462954899531653,
            "y": 0.40879724942163304
          },
          "1": {
            "x": 0.4956334996071298,
            "y": 0.41791755782092405
          },
          "2": {
            "x": 0.5361999990928416,
            "y": 0.42247768302800054
          },
          "3": {
            "x": 0.5542295448674185,
            "y": 0.3966368962077163
          },
          "4": {
            "x": 0.5902887223882278,
            "y": 0.3343150207531128
          },
          "5": {
            "x": 0.5880349754341209,
            "y": 0.2917538134969732
          },
          "6": {
            "x": 0.6635337359777609,
            "y": 0.13670909257526742
          },
          "7": {
            "x": 0.7007197439897958,
            "y": 0
          },
          "8": {
            "x": 0.8674932358408571,
            "y": 0
          },
          "9": {
            "x": 0.6578994975499771,
            "y": 0.3692760869801191
          },
          "10": {
            "x": 0.6162061675730397,
            "y": 0.4011970214147928
          },
          "11": {
            "x": 0.5632443607405347,
            "y": 0.5030400883034791
          },
          "12": {
            "x": 0.5192972838094904,
            "y": 0.5182405443171595
          },
          "13": {
            "x": 0.4618280690404272,
            "y": 0.48631960988248585
          },
          "14": {
            "x": 0.44041794582051785,
            "y": 0.44831846984828483
          },
          "15": {
            "x": 0.4381642848380667,
            "y": 0.4103173298140838
          }
        }
      }
    ],
    "24": [],
    "68": [],
    "82": [],
    "120": [],
    "149": []
  }
}