{
  "labels": {
    "40": [
      {
        "instrument_polygon": {
          "0": {
            "x": 0,
            "y": 0
          },
          "1": {
            "x": 0,
            "y": 0.177152
          },
          "10": {
            "x": 0.052734,
            "y": 0.182119
          },
          "11": {
            "x": 0.058594,
            "y": 0.177152
          },
          "12": {
            "x": 0.069336,
            "y": 0.175497
          },
          "13": {
            "x": 0.076172,
            "y": 0.163907
          },
          "14": {
            "x": 0.076172,
            "y": 0.152318
          },
          "15": {
            "x": 0.079102,
            "y": 0.149007
          },
          "16": {
            "x": 0.085938,
            "y": 0.130795
          },
          "17": {
            "x": 0.088867,
            "y": 0.099338
          },
          "18": {
            "x": 0.087891,
            "y": 0.09106
          },
          "19": {
            "x": 0.089844,
            "y": 0.084437
          },
          "2": {
            "x": 0.00293,
            "y": 0.177152
          },
          "20": {
            "x": 0.088867,
            "y": 0.077815
          },
          "21": {
            "x": 0.091797,
            "y": 0.067881
          },
          "22": {
            "x": 0.089844,
            "y": 0.062914
          },
          "23": {
            "x": 0.09082,
            "y": 0.051325
          },
          "24": {
            "x": 0.088867,
            "y": 0.048013
          },
          "25": {
            "x": 0.09082,
            "y": 0.043046
          },
          "26": {
            "x": 0.086914,
            "y": 0.024834
          },
          "27": {
            "x": 0.082031,
            "y": 0.016556
          },
          "28": {
            "x": 0.083984,
            "y": 0.011589
          },
          "29": {
            "x": 0.075195,
            "y": 0
          },
          "3": {
            "x": 0.003906,
            "y": 0.178808
          },
          "30": {
            "x": 0.072266,
            "y": 0.001656
          },
          "31": {
            "x": 0.071289,
            "y": 0
          },
          "4": {
            "x": 0.015625,
            "y": 0.178808
          },
          "5": {
            "x": 0.016602,
            "y": 0.180464
          },
          "6": {
            "x": 0.029297,
            "y": 0.180464
          },
          "7": {
            "x": 0.032227,
            "y": 0.183775
          },
          "8": {
            "x": 0.038086,
            "y": 0.183775
          },
          "9": {
            "x": 0.039062,
            "y": 0.182119
          }
        },
        "instrument_type": "Grasper"
      },
      {
        "is_tti": 1,
        "interaction_type": "Retract and grab",
        "interaction_tool": "Grasper",
        "tti_polygon": {
          "0": {
            "x": 0,
            "y": 0
          },
          "1": {
            "x": 0.1125,
            "y": 0
          },
          "10": {
            "x": 0.114375,
            "y": 0.037076271186440676
          },
          "100": {
            "x": 0.076875,
            "y": 0.19809322033898305
          },
          "101": {
            "x": 0.07625,
            "y": 0.19809322033898305
          },
          "102": {
            "x": 0.074375,
            "y": 0.20127118644067796
          },
          "103": {
            "x": 0.07375,
            "y": 0.20127118644067796
          },
          "104": {
            "x": 0.073125,
            "y": 0.20233050847457626
          },
          "105": {
            "x": 0.0725,
            "y": 0.20233050847457626
          },
          "106": {
            "x": 0.071875,
            "y": 0.2033898305084746
          },
          "107": {
            "x": 0.07125,
            "y": 0.2033898305084746
          },
          "108": {
            "x": 0.070625,
            "y": 0.2044491525423729
          },
          "109": {
            "x": 0.07,
            "y": 0.2044491525423729
          },
          "11": {
            "x": 0.114375,
            "y": 0.0423728813559322
          },
          "110": {
            "x": 0.066875,
            "y": 0.2097457627118644
          },
          "111": {
            "x": 0.06625,
            "y": 0.2097457627118644
          },
          "112": {
            "x": 0.065,
            "y": 0.211864406779661
          },
          "113": {
            "x": 0.06375,
            "y": 0.211864406779661
          },
          "114": {
            "x": 0.063125,
            "y": 0.2129237288135593
          },
          "115": {
            "x": 0.061875,
            "y": 0.2129237288135593
          },
          "116": {
            "x": 0.06125,
            "y": 0.21398305084745764
          },
          "117": {
            "x": 0.060625,
            "y": 0.21398305084745764
          },
          "118": {
            "x": 0.06,
            "y": 0.21504237288135594
          },
          "119": {
            "x": 0.059375,
            "y": 0.21504237288135594
          },
          "12": {
            "x": 0.11375,
            "y": 0.04343220338983051
          },
          "120": {
            "x": 0.0575,
            "y": 0.21822033898305085
          },
          "121": {
            "x": 0.056875,
            "y": 0.21822033898305085
          },
          "122": {
            "x": 0.055,
            "y": 0.22139830508474576
          },
          "123": {
            "x": 0.054375,
            "y": 0.22139830508474576
          },
          "124": {
            "x": 0.05375,
            "y": 0.22245762711864406
          },
          "125": {
            "x": 0.053125,
            "y": 0.22245762711864406
          },
          "126": {
            "x": 0.0525,
            "y": 0.22351694915254236
          },
          "127": {
            "x": 0.05125,
            "y": 0.22351694915254236
          },
          "128": {
            "x": 0.050625,
            "y": 0.2245762711864407
          },
          "129": {
            "x": 0.049375,
            "y": 0.2245762711864407
          },
          "13": {
            "x": 0.11375,
            "y": 0.048728813559322036
          },
          "130": {
            "x": 0.04875,
            "y": 0.225635593220339
          },
          "131": {
            "x": 0.0475,
            "y": 0.225635593220339
          },
          "132": {
            "x": 0.046875,
            "y": 0.2266949152542373
          },
          "133": {
            "x": 0.045,
            "y": 0.2266949152542373
          },
          "134": {
            "x": 0.044375,
            "y": 0.2277542372881356
          },
          "135": {
            "x": 0.04375,
            "y": 0.2277542372881356
          },
          "136": {
            "x": 0.043125,
            "y": 0.2288135593220339
          },
          "137": {
            "x": 0.0425,
            "y": 0.2288135593220339
          },
          "138": {
            "x": 0.041875,
            "y": 0.2298728813559322
          },
          "139": {
            "x": 0.04125,
            "y": 0.2298728813559322
          },
          "14": {
            "x": 0.113125,
            "y": 0.04978813559322034
          },
          "140": {
            "x": 0.04,
            "y": 0.2319915254237288
          },
          "141": {
            "x": 0.03875,
            "y": 0.2319915254237288
          },
          "142": {
            "x": 0.038125,
            "y": 0.2330508474576271
          },
          "143": {
            "x": 0.0375,
            "y": 0.2330508474576271
          },
          "144": {
            "x": 0.036875,
            "y": 0.2341101694915254
          },
          "145": {
            "x": 0.035625,
            "y": 0.2341101694915254
          },
          "146": {
            "x": 0.035,
            "y": 0.23516949152542374
          },
          "147": {
            "x": 0.03375,