{
  "labels": {
    "14": [
      {
        "is_tti": 0,
        "non_interaction_tool": "Cautery (Hook, Spatula)",
        "tti_polygon": {
          "0": {
            "x": 0.994141,
            "y": 0.387704
          },
          "1": {
            "x": 0.986328,
            "y": 0.392723
          },
          "2": {
            "x": 0.969727,
            "y": 0.395232
          },
          "3": {
            "x": 0.958984,
            "y": 0.401506
          },
          "4": {
            "x": 0.945312,
            "y": 0.40276
          },
          "5": {
            "x": 0.943359,
            "y": 0.40527
          },
          "6": {
            "x": 0.930664,
            "y": 0.40276
          },
          "7": {
            "x": 0.926758,
            "y": 0.406524
          },
          "8": {
            "x": 0.917969,
            "y": 0.406524
          },
          "9": {
            "x": 0.916016,
            "y": 0.40527
          },
          "10": {
            "x": 0.912109,
            "y": 0.409034
          },
          "11": {
            "x": 0.908203,
            "y": 0.410289
          },
          "12": {
            "x": 0.897461,
            "y": 0.410289
          },
          "13": {
            "x": 0.892578,
            "y": 0.412798
          },
          "14": {
            "x": 0.882812,
            "y": 0.411543
          },
          "15": {
            "x": 0.873047,
            "y": 0.417817
          },
          "16": {
            "x": 0.860352,
            "y": 0.419072
          },
          "17": {
            "x": 0.856445,
            "y": 0.422836
          },
          "18": {
            "x": 0.852539,
            "y": 0.422836
          },
          "19": {
            "x": 0.849609,
            "y": 0.425345
          },
          "20": {
            "x": 0.84082,
            "y": 0.425345
          },
          "21": {
            "x": 0.831055,
            "y": 0.430364
          },
          "22": {
            "x": 0.821289,
            "y": 0.431619
          },
          "23": {
            "x": 0.818359,
            "y": 0.434128
          },
          "24": {
            "x": 0.8125,
            "y": 0.434128
          },
          "25": {
            "x": 0.810547,
            "y": 0.435383
          },
          "26": {
            "x": 0.8125,
            "y": 0.437892
          },
          "27": {
            "x": 0.811523,
            "y": 0.440402
          },
          "28": {
            "x": 0.799805,
            "y": 0.441656
          },
          "29": {
            "x": 0.798828,
            "y": 0.442911
          },
          "30": {
            "x": 0.791992,
            "y": 0.441656
          },
          "31": {
            "x": 0.783203,
            "y": 0.444166
          },
          "32": {
            "x": 0.779297,
            "y": 0.44793
          },
          "33": {
            "x": 0.770508,
            "y": 0.44542
          },
          "34": {
            "x": 0.756836,
            "y": 0.450439
          },
          "35": {
            "x": 0.75,
            "y": 0.450439
          },
          "36": {
            "x": 0.741211,
            "y": 0.455458
          },
          "37": {
            "x": 0.729492,
            "y": 0.455458
          },
          "38": {
            "x": 0.720703,
            "y": 0.457967
          },
          "39": {
            "x": 0.699219,
            "y": 0.459222
          },
          "40": {
            "x": 0.693359,
            "y": 0.464241
          },
          "41": {
            "x": 0.680664,
            "y": 0.462986
          },
          "42": {
            "x": 0.672852,
            "y": 0.465496
          },
          "43": {
            "x": 0.655273,
            "y": 0.474279
          },
          "44": {
            "x": 0.65332,
            "y": 0.476788
          },
          "45": {
            "x": 0.650391,
            "y": 0.475533
          },
          "46": {
            "x": 0.642578,
            "y": 0.483061
          },
          "47": {
            "x": 0.638672,
            "y": 0.481807
          },
          "48": {
            "x": 0.638672,
            "y": 0.486826
          },
          "49": {
            "x": 0.628906,
            "y": 0.489335
          },
          "50": {
            "x": 0.624023,
            "y": 0.493099
          },
          "51": {
            "x": 0.619141,
            "y": 0.498118
          },
          "52": {
            "x": 0.616211,
            "y": 0.505646
          },
          "53": {
            "x": 0.610352,
            "y": 0.513174
          },
          "54": {
            "x": 0.610352,
            "y": 0.518193
          },
          "55": {
            "x": 0.607422,
            "y": 0.524467
          },
          "56": {
            "x": 0.599609,
            "y": 0.53325
          },
          "57": {
            "x": 0.588867,
            "y": 0.535759
          },
          "58": {
            "x": 0.581055,
            "y": 0.535759
          },
          "59": {
            "x": 0.580078,
            "y": 0.537014
          },
          "60": {
            "x": 0.575195,
            "y": 0.535759
          },
          "61": {
            "x": 0.564453,
            "y": 0.539523
          },
          "62": {
            "x": 0.561523,
            "y": 0.542033
          },
          "63": {
            "x": 0.552734,
            "y": 0.543287
          },
          "64": {
            "x": 0.545898,
            "y": 0.549561
          },
          "65": {
            "x": 0.540039,
            "y": 0.550816
          },
          "66": {
            "x": 0.53418,
            "y": 0.555834
          },
          "67": {
            "x": 0.521484,
            "y": 0.560853
          },
          "68": {
            "x": 0.507812,
            "y": 0.560853
          },
          "69": {
            "x": 0.504883,
            "y": 0.563363
          },
          "70": {
            "x": 0.492188,
            "y": 0.564617
          },
          "71": {
            "x": 0.487305,
            "y": 0.567127
          },
          "72": {
            "x": 0.479492,
            "y": 0.568381
          },
          "73": {
            "x": 0.474609,
            "y": 0.5734
          },
          "74": {
            "x": 0.46875,
            "y": 0.574655
          },
          "75": {
            "x": 0.46582,
            "y": 0.577164
          },
          "76": {
            "x": 0.46582,
            "y": 0.59724
          },
          "77": {
            "x": 0.466797,
            "y": 0.598494
          },
          "78": {
            "x": 0.467773,
            "y": 0.59724
          },
          "79": {
            "x": 0.513672,
            "y": 0.59724
          },
          "80": {
            "x": 0.519531,
            "y": 0.59473
          },
          "81": {
            "x": 0.524414,
            "y": 0.59473
          },
          "82": {
            "x": 0.52832,
            "y": 0.598494
          },
          "83": {
            "x": 0.532227,
            "y": 0.598494
          },
          "84": {
            "x": 0.543945,
            "y": 0.612296
          },
          "85": {
            "x": 0.549805,
            "y": 0.611041
          },
          "86": {
            "x": 0.55957,
            "y": 0.61606
          },
          "87": {
            "x": 0.5625,
            "y": 0.613551
          },
          "88": {
            "x": 0.56543,
            "y": 0.613551
          },
          "89": {
            "x": 0.570312,
            "y": 0.61606
          },
          "90": {
            "x": 0.582031,
            "y": 0.614806
          },
          "91": {
            "x": 0.587891,
            "y": 0.617315
          },
          "92": {
            "x": 0.598633,
            "y": 0.617315
          },
          "93": {
            "x": 0.606445,
            "y": 0.622334
          },