{
  "labels": {
    "0": [
      {
        "instrument_polygon": {
          "0": {
            "x": 0.697266,
            "y": 0
          },
          "1": {
            "x": 0.6875,
            "y": 0.013473
          },
          "2": {
            "x": 0.68457,
            "y": 0.026946
          },
          "3": {
            "x": 0.681641,
            "y": 0.026946
          },
          "4": {
            "x": 0.678711,
            "y": 0.031437
          },
          "5": {
            "x": 0.672852,
            "y": 0.034431
          },
          "6": {
            "x": 0.666992,
            "y": 0.041916
          },
          "7": {
            "x": 0.665039,
            "y": 0.047904
          },
          "8": {
            "x": 0.655273,
            "y": 0.05988
          },
          "9": {
            "x": 0.655273,
            "y": 0.064371
          },
          "10": {
            "x": 0.652344,
            "y": 0.068862
          },
          "11": {
            "x": 0.649414,
            "y": 0.068862
          },
          "12": {
            "x": 0.646484,
            "y": 0.073353
          },
          "13": {
            "x": 0.643555,
            "y": 0.07485
          },
          "14": {
            "x": 0.637695,
            "y": 0.086826
          },
          "15": {
            "x": 0.634766,
            "y": 0.086826
          },
          "16": {
            "x": 0.625977,
            "y": 0.100299
          },
          "17": {
            "x": 0.621094,
            "y": 0.112275
          },
          "18": {
            "x": 0.617188,
            "y": 0.113772
          },
          "19": {
            "x": 0.614258,
            "y": 0.118263
          },
          "20": {
            "x": 0.611328,
            "y": 0.11976
          },
          "21": {
            "x": 0.606445,
            "y": 0.128743
          },
          "22": {
            "x": 0.602539,
            "y": 0.13024
          },
          "23": {
            "x": 0.597656,
            "y": 0.137725
          },
          "24": {
            "x": 0.595703,
            "y": 0.137725
          },
          "25": {
            "x": 0.59082,
            "y": 0.152695
          },
          "26": {
            "x": 0.580078,
            "y": 0.158683
          },
          "27": {
            "x": 0.574219,
            "y": 0.169162
          },
          "28": {
            "x": 0.564453,
            "y": 0.178144
          },
          "29": {
            "x": 0.55957,
            "y": 0.188623
          },
          "30": {
            "x": 0.557617,
            "y": 0.188623
          },
          "31": {
            "x": 0.553711,
            "y": 0.194611
          },
          "32": {
            "x": 0.548828,
            "y": 0.197605
          },
          "33": {
            "x": 0.542969,
            "y": 0.209581
          },
          "34": {
            "x": 0.541016,
            "y": 0.209581
          },
          "35": {
            "x": 0.53418,
            "y": 0.215569
          },
          "36": {
            "x": 0.529297,
            "y": 0.224551
          },
          "37": {
            "x": 0.524414,
            "y": 0.227545
          },
          "38": {
            "x": 0.507812,
            "y": 0.252994
          },
          "39": {
            "x": 0.49707,
            "y": 0.276946
          },
          "40": {
            "x": 0.493164,
            "y": 0.276946
          },
          "41": {
            "x": 0.484375,
            "y": 0.281437
          },
          "42": {
            "x": 0.480469,
            "y": 0.288922
          },
          "43": {
            "x": 0.476562,
            "y": 0.290419
          },
          "44": {
            "x": 0.47168,
            "y": 0.299401
          },
          "45": {
            "x": 0.455078,
            "y": 0.320359
          },
          "46": {
            "x": 0.451172,
            "y": 0.321856
          },
          "47": {
            "x": 0.4375,
            "y": 0.342814
          },
          "48": {
            "x": 0.43457,
            "y": 0.350299
          },
          "49": {
            "x": 0.430664,
            "y": 0.351796
          },
          "50": {
            "x": 0.416016,
            "y": 0.372754
          },
          "51": {
            "x": 0.412109,
            "y": 0.375749
          },
          "52": {
            "x": 0.407227,
            "y": 0.383234
          },
          "53": {
            "x": 0.404297,
            "y": 0.384731
          },
          "54": {
            "x": 0.398438,
            "y": 0.39521
          },
          "55": {
            "x": 0.391602,
            "y": 0.401198
          },
          "56": {
            "x": 0.383789,
            "y": 0.414671
          },
          "57": {
            "x": 0.37793,
            "y": 0.419162
          },
          "58": {
            "x": 0.37207,
            "y": 0.429641
          },
          "59": {
            "x": 0.369141,
            "y": 0.431138
          },
          "60": {
            "x": 0.351562,
            "y": 0.458084
          },
          "61": {
            "x": 0.344727,
            "y": 0.471557
          },
          "62": {
            "x": 0.341797,
            "y": 0.483533
          },
          "63": {
            "x": 0.337891,
            "y": 0.486527
          },
          "64": {
            "x": 0.322266,
            "y": 0.511976
          },
          "65": {
            "x": 0.319336,
            "y": 0.528443
          },
          "66": {
            "x": 0.31543,
            "y": 0.532934
          },
          "67": {
            "x": 0.317383,
            "y": 0.543413
          },
          "68": {
            "x": 0.31543,
            "y": 0.550898
          },
          "69": {
            "x": 0.317383,
            "y": 0.550898
          },
          "70": {
            "x": 0.321289,
            "y": 0.556886
          },
          "71": {
            "x": 0.329102,
            "y": 0.579341
          },
          "72": {
            "x": 0.339844,
            "y": 0.591317
          },
          "73": {
            "x": 0.351562,
            "y": 0.592814
          },
          "74": {
            "x": 0.365234,
            "y": 0.583832
          },
          "75": {
            "x": 0.369141,
            "y": 0.577844
          },
          "76": {
            "x": 0.37207,
            "y": 0.576347
          },
          "77": {
            "x": 0.37793,
            "y": 0.565868
          },
          "78": {
            "x": 0.385742,
            "y": 0.558383
          },
          "79": {
            "x": 0.387695,
            "y": 0.558383
          },
          "80": {
            "x": 0.391602,
            "y": 0.552395
          },
          "81": {
            "x": 0.393555,
            "y": 0.552395
          },
          "82": {
            "x": 0.396484,
            "y": 0.546407
          },
          "83": {
            "x": 0.398438,
            "y": 0.546407
          },
          "84": {
            "x": 0.40625,
            "y": 0.540419
          },
          "85": {
            "x": 0.408203,
            "y": 0.537425
          },
          "86": {
            "x": 0.410156,
            "y": 0.537425
          },
          "87": {
            "x": 0.414062,
            "y": 0.531437
          },
          "88": {
            "x": 0.419922,
            "y": 0.528443
          },
          "89": {
            "x": 0.423828,
            "y": 0.522455
          },
          "90": {
            "x": 0.439453,
            "y": 0.511976
          },
          "91": {
            "x": 0.442383,
            "y": 0.507485
          },
          "92": {
            "x": 0.466797,
            "y": 0.488024
          },
          "93": {
            "x": 0.472656,
            "y": 0.479042
          },
          "94": {
            "x": 0.481445,