{
  "labels": {
    "111": [
      {
        "is_tti": 0,
        "non_interaction_tool": "Cautery (Hook, Spatula)",
        "instrument_polygon": {
          "0": {
            "x": 0.995117,
            "y": 0.213936
          },
          "1": {
            "x": 0.989258,
            "y": 0.220049
          },
          "2": {
            "x": 0.985352,
            "y": 0.220049
          },
          "3": {
            "x": 0.986328,
            "y": 0.223716
          },
          "4": {
            "x": 0.981445,
            "y": 0.231051
          },
          "5": {
            "x": 0.977539,
            "y": 0.233496
          },
          "6": {
            "x": 0.97168,
            "y": 0.233496
          },
          "7": {
            "x": 0.96582,
            "y": 0.238386
          },
          "8": {
            "x": 0.958008,
            "y": 0.239609
          },
          "9": {
            "x": 0.957031,
            "y": 0.243276
          },
          "10": {
            "x": 0.955078,
            "y": 0.243276
          },
          "11": {
            "x": 0.952148,
            "y": 0.246944
          },
          "12": {
            "x": 0.945312,
            "y": 0.249389
          },
          "13": {
            "x": 0.943359,
            "y": 0.251834
          },
          "14": {
            "x": 0.939453,
            "y": 0.251834
          },
          "15": {
            "x": 0.935547,
            "y": 0.255501
          },
          "16": {
            "x": 0.929688,
            "y": 0.256724
          },
          "17": {
            "x": 0.927734,
            "y": 0.260391
          },
          "18": {
            "x": 0.923828,
            "y": 0.259169
          },
          "19": {
            "x": 0.920898,
            "y": 0.261614
          },
          "20": {
            "x": 0.911133,
            "y": 0.262836
          },
          "21": {
            "x": 0.904297,
            "y": 0.267726
          },
          "22": {
            "x": 0.899414,
            "y": 0.267726
          },
          "23": {
            "x": 0.891602,
            "y": 0.272616
          },
          "24": {
            "x": 0.887695,
            "y": 0.271394
          },
          "25": {
            "x": 0.879883,
            "y": 0.277506
          },
          "26": {
            "x": 0.869141,
            "y": 0.281174
          },
          "27": {
            "x": 0.860352,
            "y": 0.287286
          },
          "28": {
            "x": 0.857422,
            "y": 0.286064
          },
          "29": {
            "x": 0.850586,
            "y": 0.292176
          },
          "30": {
            "x": 0.84375,
            "y": 0.294621
          },
          "31": {
            "x": 0.841797,
            "y": 0.299511
          },
          "32": {
            "x": 0.837891,
            "y": 0.299511
          },
          "33": {
            "x": 0.829102,
            "y": 0.305623
          },
          "34": {
            "x": 0.821289,
            "y": 0.306846
          },
          "35": {
            "x": 0.80957,
            "y": 0.314181
          },
          "36": {
            "x": 0.806641,
            "y": 0.314181
          },
          "37": {
            "x": 0.785156,
            "y": 0.331296
          },
          "38": {
            "x": 0.783203,
            "y": 0.336186
          },
          "39": {
            "x": 0.774414,
            "y": 0.347188
          },
          "40": {
            "x": 0.770508,
            "y": 0.358191
          },
          "41": {
            "x": 0.767578,
            "y": 0.361858
          },
          "42": {
            "x": 0.766602,
            "y": 0.372861
          },
          "43": {
            "x": 0.763672,
            "y": 0.380196
          },
          "44": {
            "x": 0.764648,
            "y": 0.385086
          },
          "45": {
            "x": 0.762695,
            "y": 0.387531
          },
          "46": {
            "x": 0.763672,
            "y": 0.393643
          },
          "47": {
            "x": 0.759766,
            "y": 0.399756
          },
          "48": {
            "x": 0.761719,
            "y": 0.404645
          },
          "49": {
            "x": 0.759766,
            "y": 0.40709
          },
          "50": {
            "x": 0.760742,
            "y": 0.413203
          },
          "51": {
            "x": 0.758789,
            "y": 0.414425
          },
          "52": {
            "x": 0.758789,
            "y": 0.41687
          },
          "53": {
            "x": 0.760742,
            "y": 0.419315
          },
          "54": {
            "x": 0.758789,
            "y": 0.424205
          },
          "55": {
            "x": 0.760742,
            "y": 0.42665
          },
          "56": {
            "x": 0.757812,
            "y": 0.430318
          },
          "57": {
            "x": 0.756836,
            "y": 0.438875
          },
          "58": {
            "x": 0.753906,
            "y": 0.442543
          },
          "59": {
            "x": 0.75293,
            "y": 0.448655
          },
          "60": {
            "x": 0.750977,
            "y": 0.4511
          },
          "61": {
            "x": 0.749023,
            "y": 0.447433
          },
          "62": {
            "x": 0.746094,
            "y": 0.447433
          },
          "63": {
            "x": 0.740234,
            "y": 0.457213
          },
          "64": {
            "x": 0.732422,
            "y": 0.463325
          },
          "65": {
            "x": 0.719727,
            "y": 0.48044
          },
          "66": {
            "x": 0.710938,
            "y": 0.488998
          },
          "67": {
            "x": 0.702148,
            "y": 0.49022
          },
          "68": {
            "x": 0.697266,
            "y": 0.488998
          },
          "69": {
            "x": 0.6875,
            "y": 0.491443
          },
          "70": {
            "x": 0.679688,
            "y": 0.486553
          },
          "71": {
            "x": 0.667969,
            "y": 0.471883
          },
          "72": {
            "x": 0.665039,
            "y": 0.46577
          },
          "73": {
            "x": 0.662109,
            "y": 0.454768
          },
          "74": {
            "x": 0.662109,
            "y": 0.443765
          },
          "75": {
            "x": 0.65918,
            "y": 0.433985
          },
          "76": {
            "x": 0.658203,
            "y": 0.422983
          },
          "77": {
            "x": 0.65625,
            "y": 0.420538
          },
          "78": {
            "x": 0.651367,
            "y": 0.403423
          },
          "79": {
            "x": 0.645508,
            "y": 0.396088
          },
          "80": {
            "x": 0.639648,
            "y": 0.392421
          },
          "81": {
            "x": 0.630859,
            "y": 0.393643
          },
          "82": {
            "x": 0.619141,
            "y": 0.408313
          },
          "83": {
            "x": 0.614258,
            "y": 0.418093
          },
          "84": {
            "x": 0.613281,
            "y": 0.424205
          },
          "85": {
            "x": 0.613281,
            "y": 0.44132
          },
          "86": {
            "x": 0.616211,
            "y": 0.454768
          },
          "87": {
            "x": 0.615234,
            "y": 0.459658
          },
          "88": {
            "x": 0.617188,
            "y": 0.477995
          },
          "89": {
            "x": 0.621094,
            "y": 0.49022
          },
          "90": {
            "x": 0.621094,
            "y": 0.498778
          },
          "91": {
            "x": 0.623047,
            "y": 0.50489
          },
          "92": {
            "x": 0.635742,
            "y": 0.512225
          },
          "93": {
            "x": 0.647461,