{
  "labels": {
    "20": [
      {
        "is_tti": 0,
        "non_interaction_tool": "Cautery (Hook, Spatula)",
        "instrument_polygon": {
          "0": {
            "x": 0.517578,
            "y": 0.715182
          },
          "1": {
            "x": 0.529297,
            "y": 0.70389
          },
          "2": {
            "x": 0.537109,
            "y": 0.702635
          },
          "3": {
            "x": 0.538086,
            "y": 0.70389
          },
          "4": {
            "x": 0.545898,
            "y": 0.70389
          },
          "5": {
            "x": 0.547852,
            "y": 0.706399
          },
          "6": {
            "x": 0.549805,
            "y": 0.706399
          },
          "7": {
            "x": 0.558594,
            "y": 0.697616
          },
          "8": {
            "x": 0.563477,
            "y": 0.696361
          },
          "9": {
            "x": 0.574219,
            "y": 0.688833
          },
          "10": {
            "x": 0.582031,
            "y": 0.686324
          },
          "11": {
            "x": 0.604492,
            "y": 0.673777
          },
          "12": {
            "x": 0.614258,
            "y": 0.671267
          },
          "13": {
            "x": 0.631836,
            "y": 0.672522
          },
          "14": {
            "x": 0.638672,
            "y": 0.675031
          },
          "15": {
            "x": 0.639648,
            "y": 0.673777
          },
          "16": {
            "x": 0.644531,
            "y": 0.673777
          },
          "17": {
            "x": 0.645508,
            "y": 0.675031
          },
          "18": {
            "x": 0.675781,
            "y": 0.675031
          },
          "19": {
            "x": 0.676758,
            "y": 0.676286
          },
          "20": {
            "x": 0.696289,
            "y": 0.675031
          },
          "21": {
            "x": 0.699219,
            "y": 0.673777
          },
          "22": {
            "x": 0.706055,
            "y": 0.666248
          },
          "23": {
            "x": 0.710938,
            "y": 0.654956
          },
          "24": {
            "x": 0.717773,
            "y": 0.646173
          },
          "25": {
            "x": 0.725586,
            "y": 0.642409
          },
          "26": {
            "x": 0.728516,
            "y": 0.638645
          },
          "27": {
            "x": 0.735352,
            "y": 0.636136
          },
          "28": {
            "x": 0.760742,
            "y": 0.631117
          },
          "29": {
            "x": 0.766602,
            "y": 0.628607
          },
          "30": {
            "x": 0.775391,
            "y": 0.628607
          },
          "31": {
            "x": 0.792969,
            "y": 0.623588
          },
          "32": {
            "x": 0.808594,
            "y": 0.622334
          },
          "33": {
            "x": 0.80957,
            "y": 0.621079
          },
          "34": {
            "x": 0.822266,
            "y": 0.621079
          },
          "35": {
            "x": 0.830078,
            "y": 0.61857
          },
          "36": {
            "x": 0.879883,
            "y": 0.617315
          },
          "37": {
            "x": 0.880859,
            "y": 0.61606
          },
          "38": {
            "x": 0.921875,
            "y": 0.617315
          },
          "39": {
            "x": 0.922852,
            "y": 0.61606
          },
          "40": {
            "x": 0.933594,
            "y": 0.61606
          },
          "41": {
            "x": 0.943359,
            "y": 0.613551
          },
          "42": {
            "x": 0.983398,
            "y": 0.612296
          },
          "43": {
            "x": 0.984375,
            "y": 0.611041
          },
          "44": {
            "x": 0.999023,
            "y": 0.611041
          },
          "45": {
            "x": 0.999023,
            "y": 0.917189
          },
          "46": {
            "x": 0.987305,
            "y": 0.917189
          },
          "47": {
            "x": 0.982422,
            "y": 0.91468
          },
          "48": {
            "x": 0.969727,
            "y": 0.91468
          },
          "49": {
            "x": 0.966797,
            "y": 0.912171
          },
          "50": {
            "x": 0.955078,
            "y": 0.912171
          },
          "51": {
            "x": 0.951172,
            "y": 0.909661
          },
          "52": {
            "x": 0.945312,
            "y": 0.909661
          },
          "53": {
            "x": 0.943359,
            "y": 0.907152
          },
          "54": {
            "x": 0.9375,
            "y": 0.908407
          },
          "55": {
            "x": 0.9375,
            "y": 0.903388
          },
          "56": {
            "x": 0.935547,
            "y": 0.900878
          },
          "57": {
            "x": 0.931641,
            "y": 0.899624
          },
          "58": {
            "x": 0.927734,
            "y": 0.902133
          },
          "59": {
            "x": 0.922852,
            "y": 0.902133
          },
          "60": {
            "x": 0.919922,
            "y": 0.899624
          },
          "61": {
            "x": 0.913086,
            "y": 0.899624
          },
          "62": {
            "x": 0.912109,
            "y": 0.898369
          },
          "63": {
            "x": 0.908203,
            "y": 0.900878
          },
          "64": {
            "x": 0.904297,
            "y": 0.897114
          },
          "65": {
            "x": 0.883789,
            "y": 0.895859
          },
          "66": {
            "x": 0.880859,
            "y": 0.89335
          },
          "67": {
            "x": 0.875977,
            "y": 0.89335
          },
          "68": {
            "x": 0.87207,
            "y": 0.888331
          },
          "69": {
            "x": 0.860352,
            "y": 0.884567
          },
          "70": {
            "x": 0.857422,
            "y": 0.882058
          },
          "71": {
            "x": 0.844727,
            "y": 0.879548
          },
          "72": {
            "x": 0.841797,
            "y": 0.877039
          },
          "73": {
            "x": 0.829102,
            "y": 0.875784
          },
          "74": {
            "x": 0.822266,
            "y": 0.870765
          },
          "75": {
            "x": 0.818359,
            "y": 0.87202
          },
          "76": {
            "x": 0.807617,
            "y": 0.868256
          },
          "77": {
            "x": 0.797852,
            "y": 0.868256
          },
          "78": {
            "x": 0.793945,
            "y": 0.864492
          },
          "79": {
            "x": 0.788086,
            "y": 0.864492
          },
          "80": {
            "x": 0.787109,
            "y": 0.863237
          },
          "81": {
            "x": 0.766602,
            "y": 0.863237
          },
          "82": {
            "x": 0.750977,
            "y": 0.851945
          },
          "83": {
            "x": 0.740234,
            "y": 0.838143
          },
          "84": {
            "x": 0.725586,
            "y": 0.825596
          },
          "85": {
            "x": 0.716797,
            "y": 0.813049
          },
          "86": {
            "x": 0.710938,
            "y": 0.81054
          },
          "87": {
            "x": 0.708984,
            "y": 0.801757
          },
          "88": {
            "x": 0.705078,
            "y": 0.797992
          },
          "89": {
            "x": 0.706055,
            "y": 0.794228
          },
          "90": {
            "x": 0.703125,
            "y": 0.792974
          },
          "91": {
            "x": 0.700195,
            "y": 0.795483
          },
          "92": {
            "x": 0.698242,
            "y": 0.787955
          },
          "93": {
            "x": 0.695312,