{
  "labels": {
    "150": [
      {
        "instrument_polygon": {
          "0": {
            "x": 0.47168,
            "y": 0
          },
          "1": {
            "x": 0.46875,
            "y": 0.004908
          },
          "2": {
            "x": 0.469727,
            "y": 0.066258
          },
          "3": {
            "x": 0.467773,
            "y": 0.093252
          },
          "4": {
            "x": 0.460938,
            "y": 0.105521
          },
          "5": {
            "x": 0.453125,
            "y": 0.11411
          },
          "6": {
            "x": 0.452148,
            "y": 0.121472
          },
          "7": {
            "x": 0.446289,
            "y": 0.133742
          },
          "8": {
            "x": 0.44043,
            "y": 0.170552
          },
          "9": {
            "x": 0.438477,
            "y": 0.173006
          },
          "10": {
            "x": 0.439453,
            "y": 0.176687
          },
          "11": {
            "x": 0.4375,
            "y": 0.180368
          },
          "12": {
            "x": 0.4375,
            "y": 0.190184
          },
          "13": {
            "x": 0.433594,
            "y": 0.215951
          },
          "14": {
            "x": 0.435547,
            "y": 0.220859
          },
          "15": {
            "x": 0.433594,
            "y": 0.228221
          },
          "16": {
            "x": 0.433594,
            "y": 0.239264
          },
          "17": {
            "x": 0.431641,
            "y": 0.242945
          },
          "18": {
            "x": 0.431641,
            "y": 0.255215
          },
          "19": {
            "x": 0.429688,
            "y": 0.257669
          },
          "20": {
            "x": 0.427734,
            "y": 0.28589
          },
          "21": {
            "x": 0.418945,
            "y": 0.323926
          },
          "22": {
            "x": 0.418945,
            "y": 0.331288
          },
          "23": {
            "x": 0.416016,
            "y": 0.337423
          },
          "24": {
            "x": 0.415039,
            "y": 0.347239
          },
          "25": {
            "x": 0.40625,
            "y": 0.366871
          },
          "26": {
            "x": 0.404297,
            "y": 0.37546
          },
          "27": {
            "x": 0.400391,
            "y": 0.381595
          },
          "28": {
            "x": 0.398438,
            "y": 0.381595
          },
          "29": {
            "x": 0.382812,
            "y": 0.4
          },
          "30": {
            "x": 0.380859,
            "y": 0.403681
          },
          "31": {
            "x": 0.381836,
            "y": 0.407362
          },
          "32": {
            "x": 0.379883,
            "y": 0.409816
          },
          "33": {
            "x": 0.37793,
            "y": 0.409816
          },
          "34": {
            "x": 0.376953,
            "y": 0.41227
          },
          "35": {
            "x": 0.371094,
            "y": 0.409816
          },
          "36": {
            "x": 0.369141,
            "y": 0.407362
          },
          "37": {
            "x": 0.368164,
            "y": 0.411043
          },
          "38": {
            "x": 0.369141,
            "y": 0.417178
          },
          "39": {
            "x": 0.378906,
            "y": 0.426994
          },
          "40": {
            "x": 0.381836,
            "y": 0.426994
          },
          "41": {
            "x": 0.384766,
            "y": 0.429448
          },
          "42": {
            "x": 0.389648,
            "y": 0.428221
          },
          "43": {
            "x": 0.390625,
            "y": 0.429448
          },
          "44": {
            "x": 0.395508,
            "y": 0.429448
          },
          "45": {
            "x": 0.399414,
            "y": 0.431902
          },
          "46": {
            "x": 0.40918,
            "y": 0.431902
          },
          "47": {
            "x": 0.415039,
            "y": 0.43681
          },
          "48": {
            "x": 0.416992,
            "y": 0.442945
          },
          "49": {
            "x": 0.414062,
            "y": 0.450307
          },
          "50": {
            "x": 0.411133,
            "y": 0.453988
          },
          "51": {
            "x": 0.407227,
            "y": 0.452761
          },
          "52": {
            "x": 0.407227,
            "y": 0.456442
          },
          "53": {
            "x": 0.40918,
            "y": 0.458896
          },
          "54": {
            "x": 0.40625,
            "y": 0.462577
          },
          "55": {
            "x": 0.407227,
            "y": 0.471166
          },
          "56": {
            "x": 0.404297,
            "y": 0.482209
          },
          "57": {
            "x": 0.407227,
            "y": 0.489571
          },
          "58": {
            "x": 0.404297,
            "y": 0.499387
          },
          "59": {
            "x": 0.398438,
            "y": 0.500613
          },
          "60": {
            "x": 0.396484,
            "y": 0.506748
          },
          "61": {
            "x": 0.391602,
            "y": 0.507975
          },
          "62": {
            "x": 0.386719,
            "y": 0.515337
          },
          "63": {
            "x": 0.383789,
            "y": 0.516564
          },
          "64": {
            "x": 0.380859,
            "y": 0.522699
          },
          "65": {
            "x": 0.375977,
            "y": 0.525153
          },
          "66": {
            "x": 0.373047,
            "y": 0.531288
          },
          "67": {
            "x": 0.361328,
            "y": 0.541104
          },
          "68": {
            "x": 0.350586,
            "y": 0.554601
          },
          "69": {
            "x": 0.34668,
            "y": 0.555828
          },
          "70": {
            "x": 0.341797,
            "y": 0.566871
          },
          "71": {
            "x": 0.335938,
            "y": 0.571779
          },
          "72": {
            "x": 0.335938,
            "y": 0.57546
          },
          "73": {
            "x": 0.326172,
            "y": 0.58773
          },
          "74": {
            "x": 0.326172,
            "y": 0.591411
          },
          "75": {
            "x": 0.322266,
            "y": 0.592638
          },
          "76": {
            "x": 0.320312,
            "y": 0.595092
          },
          "77": {
            "x": 0.318359,
            "y": 0.598773
          },
          "78": {
            "x": 0.318359,
            "y": 0.603681
          },
          "79": {
            "x": 0.316406,
            "y": 0.606135
          },
          "80": {
            "x": 0.316406,
            "y": 0.608589
          },
          "81": {
            "x": 0.319336,
            "y": 0.611043
          },
          "82": {
            "x": 0.318359,
            "y": 0.622086
          },
          "83": {
            "x": 0.322266,
            "y": 0.62454
          },
          "84": {
            "x": 0.326172,
            "y": 0.62454
          },
          "85": {
            "x": 0.329102,
            "y": 0.631902
          },
          "86": {
            "x": 0.336914,
            "y": 0.630675
          },
          "87": {
            "x": 0.341797,
            "y": 0.625767
          },
          "88": {
            "x": 0.345703,
            "y": 0.62454
          },
          "89": {
            "x": 0.349609,
            "y": 0.617178
          },
          "90": {
            "x": 0.351562,
            "y": 0.617178
          },
          "91": {
            "x": 0.360352,
            "y": 0.608589
          },
          "92": {
            "x": 0.362305,
            "y": 0.608589
          },
          "93": {
            "x": 0.366211,
            "y": 0.602454
          },
          "94": {
            "x": 0.375977,