{
  "labels": {
    "0": [
      {
        "instrument_polygon": {
          "0": {
            "x": 0,
            "y": 0.042403
          },
          "1": {
            "x": 0,
            "y": 0.210247
          },
          "2": {
            "x": 0.010742,
            "y": 0.210247
          },
          "3": {
            "x": 0.011719,
            "y": 0.208481
          },
          "4": {
            "x": 0.03418,
            "y": 0.208481
          },
          "5": {
            "x": 0.035156,
            "y": 0.206714
          },
          "6": {
            "x": 0.041016,
            "y": 0.208481
          },
          "7": {
            "x": 0.041992,
            "y": 0.206714
          },
          "8": {
            "x": 0.074219,
            "y": 0.206714
          },
          "9": {
            "x": 0.075195,
            "y": 0.204947
          },
          "10": {
            "x": 0.160156,
            "y": 0.204947
          },
          "11": {
            "x": 0.161133,
            "y": 0.20318
          },
          "12": {
            "x": 0.163086,
            "y": 0.20318
          },
          "13": {
            "x": 0.164062,
            "y": 0.204947
          },
          "14": {
            "x": 0.166016,
            "y": 0.204947
          },
          "15": {
            "x": 0.166992,
            "y": 0.20318
          },
          "16": {
            "x": 0.182617,
            "y": 0.20318
          },
          "17": {
            "x": 0.183594,
            "y": 0.201413
          },
          "18": {
            "x": 0.189453,
            "y": 0.201413
          },
          "19": {
            "x": 0.19043,
            "y": 0.199647
          },
          "20": {
            "x": 0.197266,
            "y": 0.199647
          },
          "21": {
            "x": 0.198242,
            "y": 0.19788
          },
          "22": {
            "x": 0.207031,
            "y": 0.19788
          },
          "23": {
            "x": 0.208008,
            "y": 0.199647
          },
          "24": {
            "x": 0.228516,
            "y": 0.199647
          },
          "25": {
            "x": 0.231445,
            "y": 0.196113
          },
          "26": {
            "x": 0.255859,
            "y": 0.194346
          },
          "27": {
            "x": 0.256836,
            "y": 0.19258
          },
          "28": {
            "x": 0.258789,
            "y": 0.19258
          },
          "29": {
            "x": 0.259766,
            "y": 0.187279
          },
          "30": {
            "x": 0.260742,
            "y": 0.189046
          },
          "31": {
            "x": 0.262695,
            "y": 0.189046
          },
          "32": {
            "x": 0.265625,
            "y": 0.181979
          },
          "33": {
            "x": 0.271484,
            "y": 0.181979
          },
          "34": {
            "x": 0.272461,
            "y": 0.180212
          },
          "35": {
            "x": 0.282227,
            "y": 0.180212
          },
          "36": {
            "x": 0.283203,
            "y": 0.178445
          },
          "37": {
            "x": 0.293945,
            "y": 0.176678
          },
          "38": {
            "x": 0.294922,
            "y": 0.174912
          },
          "39": {
            "x": 0.304688,
            "y": 0.174912
          },
          "40": {
            "x": 0.305664,
            "y": 0.173145
          },
          "41": {
            "x": 0.350586,
            "y": 0.173145
          },
          "42": {
            "x": 0.351562,
            "y": 0.174912
          },
          "43": {
            "x": 0.357422,
            "y": 0.174912
          },
          "44": {
            "x": 0.358398,
            "y": 0.173145
          },
          "45": {
            "x": 0.363281,
            "y": 0.173145
          },
          "46": {
            "x": 0.364258,
            "y": 0.174912
          },
          "47": {
            "x": 0.379883,
            "y": 0.174912
          },
          "48": {
            "x": 0.380859,
            "y": 0.176678
          },
          "49": {
            "x": 0.388672,
            "y": 0.176678
          },
          "50": {
            "x": 0.389648,
            "y": 0.174912
          },
          "51": {
            "x": 0.404297,
            "y": 0.174912
          },
          "52": {
            "x": 0.40918,
            "y": 0.171378
          },
          "53": {
            "x": 0.413086,
            "y": 0.171378
          },
          "54": {
            "x": 0.418945,
            "y": 0.166078
          },
          "55": {
            "x": 0.426758,
            "y": 0.14841
          },
          "56": {
            "x": 0.428711,
            "y": 0.137809
          },
          "57": {
            "x": 0.427734,
            "y": 0.121908
          },
          "58": {
            "x": 0.424805,
            "y": 0.109541
          },
          "59": {
            "x": 0.421875,
            "y": 0.106007
          },
          "60": {
            "x": 0.419922,
            "y": 0.091873
          },
          "61": {
            "x": 0.396484,
            "y": 0.068905
          },
          "62": {
            "x": 0.390625,
            "y": 0.067138
          },
          "63": {
            "x": 0.387695,
            "y": 0.063604
          },
          "64": {
            "x": 0.383789,
            "y": 0.063604
          },
          "65": {
            "x": 0.382812,
            "y": 0.061837
          },
          "66": {
            "x": 0.369141,
            "y": 0.061837
          },
          "67": {
            "x": 0.368164,
            "y": 0.060071
          },
          "68": {
            "x": 0.362305,
            "y": 0.060071
          },
          "69": {
            "x": 0.361328,
            "y": 0.058304
          },
          "70": {
            "x": 0.357422,
            "y": 0.058304
          },
          "71": {
            "x": 0.356445,
            "y": 0.056537
          },
          "72": {
            "x": 0.352539,
            "y": 0.056537
          },
          "73": {
            "x": 0.351562,
            "y": 0.05477
          },
          "74": {
            "x": 0.345703,
            "y": 0.05477
          },
          "75": {
            "x": 0.344727,
            "y": 0.056537
          },
          "76": {
            "x": 0.329102,
            "y": 0.056537
          },
          "77": {
            "x": 0.328125,
            "y": 0.058304
          },
          "78": {
            "x": 0.319336,
            "y": 0.058304
          },
          "79": {
            "x": 0.317383,
            "y": 0.056537
          },
          "80": {
            "x": 0.316406,
            "y": 0.058304
          },
          "81": {
            "x": 0.305664,
            "y": 0.058304
          },
          "82": {
            "x": 0.304688,
            "y": 0.056537
          },
          "83": {
            "x": 0.295898,
            "y": 0.056537
          },
          "84": {
            "x": 0.293945,
            "y": 0.058304
          },
          "85": {
            "x": 0.292969,
            "y": 0.056537
          },
          "86": {
            "x": 0.275391,
            "y": 0.056537
          },
          "87": {
            "x": 0.274414,
            "y": 0.05477
          },
          "88": {
            "x": 0.262695,
            "y": 0.05477
          },
          "89": {
            "x": 0.261719,
            "y": 0.053004
          },
          "90": {
            "x": 0.256836,
            "y": 0.053004
          },
          "91": {
            "x": 0.255859,
            "y": 0.05477
          },
          "92": {
            "x": 0.253906,
            "y": 0.05477
          },
          "93": {
            "x": 0.25293,
            "y": 0.053004
          },
          "94": {
            "x": 0.246094,