{
  "labels": {
    "89": [
      {
        "is_tti": 0,
        "non_interaction_tool": "Staple",
        "tti_polygon": {
          "0": {
            "x": 0.785156,
            "y": 0.385382
          },
          "1": {
            "x": 0.774414,
            "y": 0.395349
          },
          "2": {
            "x": 0.773438,
            "y": 0.420266
          },
          "3": {
            "x": 0.769531,
            "y": 0.431894
          },
          "4": {
            "x": 0.769531,
            "y": 0.438538
          },
          "5": {
            "x": 0.773438,
            "y": 0.445183
          },
          "6": {
            "x": 0.774414,
            "y": 0.450166
          },
          "7": {
            "x": 0.787109,
            "y": 0.4701
          },
          "8": {
            "x": 0.790039,
            "y": 0.478405
          },
          "9": {
            "x": 0.797852,
            "y": 0.490033
          },
          "10": {
            "x": 0.800781,
            "y": 0.491694
          },
          "11": {
            "x": 0.804688,
            "y": 0.501661
          },
          "12": {
            "x": 0.813477,
            "y": 0.513289
          },
          "13": {
            "x": 0.825195,
            "y": 0.536545
          },
          "14": {
            "x": 0.831055,
            "y": 0.541528
          },
          "15": {
            "x": 0.832031,
            "y": 0.546512
          },
          "16": {
            "x": 0.841797,
            "y": 0.559801
          },
          "17": {
            "x": 0.84082,
            "y": 0.563123
          },
          "18": {
            "x": 0.844727,
            "y": 0.569767
          },
          "19": {
            "x": 0.84668,
            "y": 0.581395
          },
          "20": {
            "x": 0.844727,
            "y": 0.601329
          },
          "21": {
            "x": 0.841797,
            "y": 0.60299
          },
          "22": {
            "x": 0.832031,
            "y": 0.60299
          },
          "23": {
            "x": 0.831055,
            "y": 0.601329
          },
          "24": {
            "x": 0.822266,
            "y": 0.601329
          },
          "25": {
            "x": 0.816406,
            "y": 0.596346
          },
          "26": {
            "x": 0.81543,
            "y": 0.591362
          },
          "27": {
            "x": 0.808594,
            "y": 0.591362
          },
          "28": {
            "x": 0.804688,
            "y": 0.58804
          },
          "29": {
            "x": 0.801758,
            "y": 0.58804
          },
          "30": {
            "x": 0.795898,
            "y": 0.584718
          },
          "31": {
            "x": 0.788086,
            "y": 0.569767
          },
          "32": {
            "x": 0.787109,
            "y": 0.563123
          },
          "33": {
            "x": 0.757812,
            "y": 0.513289
          },
          "34": {
            "x": 0.756836,
            "y": 0.506645
          },
          "35": {
            "x": 0.748047,
            "y": 0.491694
          },
          "36": {
            "x": 0.743164,
            "y": 0.486711
          },
          "37": {
            "x": 0.739258,
            "y": 0.476744
          },
          "38": {
            "x": 0.744141,
            "y": 0.4701
          },
          "39": {
            "x": 0.731445,
            "y": 0.4701
          },
          "40": {
            "x": 0.720703,
            "y": 0.453488
          },
          "41": {
            "x": 0.719727,
            "y": 0.448505
          },
          "42": {
            "x": 0.710938,
            "y": 0.431894
          },
          "43": {
            "x": 0.708008,
            "y": 0.428571
          },
          "44": {
            "x": 0.706055,
            "y": 0.428571
          },
          "45": {
            "x": 0.704102,
            "y": 0.425249
          },
          "46": {
            "x": 0.698242,
            "y": 0.421927
          },
          "47": {
            "x": 0.688477,
            "y": 0.421927
          },
          "48": {
            "x": 0.68457,
            "y": 0.430233
          },
          "49": {
            "x": 0.681641,
            "y": 0.430233
          },
          "50": {
            "x": 0.680664,
            "y": 0.433555
          },
          "51": {
            "x": 0.678711,
            "y": 0.451827
          },
          "52": {
            "x": 0.680664,
            "y": 0.456811
          },
          "53": {
            "x": 0.679688,
            "y": 0.478405
          },
          "54": {
            "x": 0.682617,
            "y": 0.490033
          },
          "55": {
            "x": 0.685547,
            "y": 0.491694
          },
          "56": {
            "x": 0.688477,
            "y": 0.498339
          },
          "57": {
            "x": 0.688477,
            "y": 0.503322
          },
          "58": {
            "x": 0.693359,
            "y": 0.513289
          },
          "59": {
            "x": 0.696289,
            "y": 0.526578
          },
          "60": {
            "x": 0.704102,
            "y": 0.534884
          },
          "61": {
            "x": 0.71582,
            "y": 0.55814
          },
          "62": {
            "x": 0.714844,
            "y": 0.564784
          },
          "63": {
            "x": 0.716797,
            "y": 0.568106
          },
          "64": {
            "x": 0.719727,
            "y": 0.564784
          },
          "65": {
            "x": 0.72168,
            "y": 0.566445
          },
          "66": {
            "x": 0.719727,
            "y": 0.571429
          },
          "67": {
            "x": 0.723633,
            "y": 0.591362
          },
          "68": {
            "x": 0.725586,
            "y": 0.598007
          },
          "69": {
            "x": 0.730469,
            "y": 0.604651
          },
          "70": {
            "x": 0.729492,
            "y": 0.611296
          },
          "71": {
            "x": 0.733398,
            "y": 0.61794
          },
          "72": {
            "x": 0.733398,
            "y": 0.622924
          },
          "73": {
            "x": 0.740234,
            "y": 0.634551
          },
          "74": {
            "x": 0.739258,
            "y": 0.637874
          },
          "75": {
            "x": 0.748047,
            "y": 0.652824
          },
          "76": {
            "x": 0.746094,
            "y": 0.657807
          },
          "77": {
            "x": 0.748047,
            "y": 0.66113
          },
          "78": {
            "x": 0.751953,
            "y": 0.659468
          },
          "79": {
            "x": 0.756836,
            "y": 0.666113
          },
          "80": {
            "x": 0.755859,
            "y": 0.669435
          },
          "81": {
            "x": 0.763672,
            "y": 0.684385
          },
          "82": {
            "x": 0.761719,
            "y": 0.689369
          },
          "83": {
            "x": 0.768555,
            "y": 0.699336
          },
          "84": {
            "x": 0.771484,
            "y": 0.707641
          },
          "85": {
            "x": 0.77832,
            "y": 0.715947
          },
          "86": {
            "x": 0.777344,
            "y": 0.722591
          },
          "87": {
            "x": 0.788086,
            "y": 0.73588
          },
          "88": {
            "x": 0.786133,
            "y": 0.739203
          },
          "89": {
            "x": 0.789062,
            "y": 0.740864
          },
          "90": {
            "x": 0.792969,
            "y": 0.747508
          },
          "91": {
            "x": 0.790039,
            "y": 0.750831
          },
          "92": {
            "x": 0.795898,
            "y": 0.759136
          },
          "93": {
            "x": 0.793945,
            "y": 0.770764
          },