{
  "labels": {
    "150": [
      {
        "is_tti": 0,
        "non_interaction_tool": "Cautery (Hook, Spatula)",
        "instrument_polygon": {
          "0": {
            "x": 0.996094,
            "y": 0.242623
          },
          "1": {
            "x": 0.993164,
            "y": 0.244262
          },
          "2": {
            "x": 0.988281,
            "y": 0.254098
          },
          "3": {
            "x": 0.984375,
            "y": 0.257377
          },
          "4": {
            "x": 0.969727,
            "y": 0.285246
          },
          "5": {
            "x": 0.966797,
            "y": 0.285246
          },
          "6": {
            "x": 0.963867,
            "y": 0.288525
          },
          "7": {
            "x": 0.956055,
            "y": 0.301639
          },
          "8": {
            "x": 0.953125,
            "y": 0.303279
          },
          "9": {
            "x": 0.942383,
            "y": 0.319672
          },
          "10": {
            "x": 0.935547,
            "y": 0.32459
          },
          "11": {
            "x": 0.924805,
            "y": 0.340984
          },
          "12": {
            "x": 0.922852,
            "y": 0.340984
          },
          "13": {
            "x": 0.90918,
            "y": 0.355738
          },
          "14": {
            "x": 0.90332,
            "y": 0.357377
          },
          "15": {
            "x": 0.902344,
            "y": 0.362295
          },
          "16": {
            "x": 0.890625,
            "y": 0.37377
          },
          "17": {
            "x": 0.883789,
            "y": 0.37377
          },
          "18": {
            "x": 0.878906,
            "y": 0.380328
          },
          "19": {
            "x": 0.876953,
            "y": 0.380328
          },
          "20": {
            "x": 0.861328,
            "y": 0.393443
          },
          "21": {
            "x": 0.857422,
            "y": 0.393443
          },
          "22": {
            "x": 0.845703,
            "y": 0.403279
          },
          "23": {
            "x": 0.84082,
            "y": 0.403279
          },
          "24": {
            "x": 0.836914,
            "y": 0.408197
          },
          "25": {
            "x": 0.834961,
            "y": 0.408197
          },
          "26": {
            "x": 0.826172,
            "y": 0.414754
          },
          "27": {
            "x": 0.820312,
            "y": 0.422951
          },
          "28": {
            "x": 0.81543,
            "y": 0.434426
          },
          "29": {
            "x": 0.816406,
            "y": 0.442623
          },
          "30": {
            "x": 0.814453,
            "y": 0.445902
          },
          "31": {
            "x": 0.805664,
            "y": 0.455738
          },
          "32": {
            "x": 0.800781,
            "y": 0.457377
          },
          "33": {
            "x": 0.791016,
            "y": 0.467213
          },
          "34": {
            "x": 0.785156,
            "y": 0.470492
          },
          "35": {
            "x": 0.777344,
            "y": 0.472131
          },
          "36": {
            "x": 0.776367,
            "y": 0.47377
          },
          "37": {
            "x": 0.773438,
            "y": 0.47377
          },
          "38": {
            "x": 0.767578,
            "y": 0.470492
          },
          "39": {
            "x": 0.757812,
            "y": 0.44918
          },
          "40": {
            "x": 0.754883,
            "y": 0.431148
          },
          "41": {
            "x": 0.750977,
            "y": 0.42623
          },
          "42": {
            "x": 0.749023,
            "y": 0.416393
          },
          "43": {
            "x": 0.746094,
            "y": 0.413115
          },
          "44": {
            "x": 0.735352,
            "y": 0.413115
          },
          "45": {
            "x": 0.733398,
            "y": 0.416393
          },
          "46": {
            "x": 0.733398,
            "y": 0.429508
          },
          "47": {
            "x": 0.735352,
            "y": 0.434426
          },
          "48": {
            "x": 0.735352,
            "y": 0.444262
          },
          "49": {
            "x": 0.738281,
            "y": 0.455738
          },
          "50": {
            "x": 0.740234,
            "y": 0.462295
          },
          "51": {
            "x": 0.746094,
            "y": 0.470492
          },
          "52": {
            "x": 0.746094,
            "y": 0.47377
          },
          "53": {
            "x": 0.75,
            "y": 0.481967
          },
          "54": {
            "x": 0.758789,
            "y": 0.495082
          },
          "55": {
            "x": 0.762695,
            "y": 0.498361
          },
          "56": {
            "x": 0.771484,
            "y": 0.5
          },
          "57": {
            "x": 0.772461,
            "y": 0.501639
          },
          "58": {
            "x": 0.78418,
            "y": 0.501639
          },
          "59": {
            "x": 0.785156,
            "y": 0.5
          },
          "60": {
            "x": 0.791016,
            "y": 0.5
          },
          "61": {
            "x": 0.791992,
            "y": 0.498361
          },
          "62": {
            "x": 0.799805,
            "y": 0.496721
          },
          "63": {
            "x": 0.819336,
            "y": 0.485246
          },
          "64": {
            "x": 0.828125,
            "y": 0.485246
          },
          "65": {
            "x": 0.833008,
            "y": 0.490164
          },
          "66": {
            "x": 0.841797,
            "y": 0.491803
          },
          "67": {
            "x": 0.845703,
            "y": 0.488525
          },
          "68": {
            "x": 0.853516,
            "y": 0.486885
          },
          "69": {
            "x": 0.866211,
            "y": 0.477049
          },
          "70": {
            "x": 0.869141,
            "y": 0.477049
          },
          "71": {
            "x": 0.875977,
            "y": 0.470492
          },
          "72": {
            "x": 0.881836,
            "y": 0.468852
          },
          "73": {
            "x": 0.886719,
            "y": 0.463934
          },
          "74": {
            "x": 0.892578,
            "y": 0.462295
          },
          "75": {
            "x": 0.901367,
            "y": 0.455738
          },
          "76": {
            "x": 0.90918,
            "y": 0.454098
          },
          "77": {
            "x": 0.917969,
            "y": 0.447541
          },
          "78": {
            "x": 0.923828,
            "y": 0.447541
          },
          "79": {
            "x": 0.928711,
            "y": 0.444262
          },
          "80": {
            "x": 0.941406,
            "y": 0.440984
          },
          "81": {
            "x": 0.942383,
            "y": 0.439344
          },
          "82": {
            "x": 0.948242,
            "y": 0.439344
          },
          "83": {
            "x": 0.954102,
            "y": 0.432787
          },
          "84": {
            "x": 0.961914,
            "y": 0.429508
          },
          "85": {
            "x": 0.966797,
            "y": 0.42459
          },
          "86": {
            "x": 0.972656,
            "y": 0.422951
          },
          "87": {
            "x": 0.979492,
            "y": 0.416393
          },
          "88": {
            "x": 0.990234,
            "y": 0.411475
          },
          "89": {
            "x": 0.996094,
            "y": 0.404918
          },
          "90": {
            "x": 0.999023,
            "y": 0.404918
          },
          "91": {
            "x": 0.999023,
            "y": 0.242623
          }
        }
      },
      {
        "instrument_polygon": {
          "0": {
            "x": 0.083984,
            "y": 0.02459
          },