{
  "labels": {
    "92": [
      {
        "is_tti": 0,
        "non_interaction_tool": "Cautery (Hook, Spatula)",
        "instrument_polygon": {
          "0": {
            "x": 0.9989469705634266,
            "y": 0.7219666977177458
          },
          "1": {
            "x": 0.7838555441977497,
            "y": 0.565480175826735
          },
          "10": {
            "x": 0.47973130548844134,
            "y": 0.46233388885654403
          },
          "11": {
            "x": 0.4983447288661415,
            "y": 0.4609056605146717
          },
          "12": {
            "x": 0.5182917512545213,
            "y": 0.4542239170936191
          },
          "13": {
            "x": 0.5409461806796575,
            "y": 0.45955930513507226
          },
          "14": {
            "x": 0.5510520465495304,
            "y": 0.46618191808337217
          },
          "15": {
            "x": 0.5482374154717143,
            "y": 0.4982670222985562
          },
          "16": {
            "x": 0.5473796231432371,
            "y": 0.5350780158360504
          },
          "17": {
            "x": 0.5785550130813331,
            "y": 0.5714978385537961
          },
          "18": {
            "x": 0.7679729831157877,
            "y": 0.7521095933278995
          },
          "19": {
            "x": 0.8874239156075314,
            "y": 0.8757195723684211
          },
          "2": {
            "x": 0.6974329671036642,
            "y": 0.4807325628784351
          },
          "20": {
            "x": 0.947687177434343,
            "y": 0.9281728501979507
          },
          "21": {
            "x": 0.9982064545298583,
            "y": 0.9803168301700048
          },
          "3": {
            "x": 0.6341908873861638,
            "y": 0.43246845161853753
          },
          "4": {
            "x": 0.5863455098145739,
            "y": 0.42424021891010716
          },
          "5": {
            "x": 0.5602599110755286,
            "y": 0.42424021891010716
          },
          "6": {
            "x": 0.5357826729523782,
            "y": 0.4136831552748021
          },
          "7": {
            "x": 0.49649511415786235,
            "y": 0.42220704034699585
          },
          "8": {
            "x": 0.4761325986103765,
            "y": 0.43545226624359573
          },
          "9": {
            "x": 0.47192070424750177,
            "y": 0.45523823212622266
          }
        }
      }
    ]
  }
}