{
  "labels": {
    "8": [
      {
        "instrument_polygon": {
          "0": {
            "x": 0.34168679360078236,
            "y": 0.9301729515752661
          },
          "1": {
            "x": 0.3950378290803656,
            "y": 0.8420102603078095
          },
          "2": {
            "x": 0.44954856195699416,
            "y": 0.711286361784213
          },
          "3": {
            "x": 0.49072162444971784,
            "y": 0.6269238425053144
          },
          "4": {
            "x": 0.4901416872652044,
            "y": 0.6170435229023669
          },
          "5": {
            "x": 0.48434266936403153,
            "y": 0.5167205364061314
          },
          "6": {
            "x": 0.5121779729868594,
            "y": 0.48023941877924314
          },
          "7": {
            "x": 0.5458122945108602,
            "y": 0.2963139532003343
          },
          "8": {
            "x": 0.6188798669740441,
            "y": 0.0014250543483100943
          },
          "9": {
            "x": 0.37068188310664674,
            "y": 0
          },
          "10": {
            "x": 0.32660940014932743,
            "y": 0.36623599867664003
          },
          "11": {
            "x": 0.32544961426629104,
            "y": 0.44223827874504207
          },
          "12": {
            "x": 0.3277691860323638,
            "y": 0.5790423828681659
          },
          "13": {
            "x": 0.34168679360078236,
            "y": 0.6596047881436444
          },
          "14": {
            "x": 0.35560448965519187,
            "y": 0.7173665093986024
          },
          "15": {
            "x": 0.30921234644580886,
            "y": 0.8526506490995513
          },
          "16": {
            "x": 0.2964545247604268,
            "y": 0.8876116283488507
          },
          "17": {
            "x": 0.30573290031070877,
            "y": 0.9666540692021542
          },
          "18": {
            "x": 0.32312995401422734,
            "y": 0.989454753222675
          },
          "19": {
            "x": 0.34168679360078236,
            "y": 0.96209388600994
          }
        },
        "instrument_type": "Dissector"
      },
      {
        "is_tti": 1,
        "interaction_type": "Other",
        "interaction_tool": "Dissector",
        "tti_polygon": {
          "0": {
            "x": 0.3045731144276724,
            "y": 0.9001521321274405
          },
          "1": {
            "x": 0.26629956088553497,
            "y": 0.9305530441548014
          },
          "2": {
            "x": 0.2894956324902265,
            "y": 0.9761544121958426
          },
          "3": {
            "x": 0.33240841805050036,
            "y": 0.9837546402026829
          },
          "4": {
            "x": 0.37648090100781967,
            "y": 0.9791943990253302
          },
          "5": {
            "x": 0.3788005612598834,
            "y": 0.9503135094052824
          },
          "6": {
            "x": 0.34748581150195523,
            "y": 0.9229528161479612
          }
        }
      },
      {}
    ]
  }
}