{
  "labels": {
    "7": [
      {
        "instrument_polygon": {
          "0": {
            "x": 0.7416524556436405,
            "y": 0.4264898047129867
          },
          "1": {
            "x": 0.8062064217183075,
            "y": 0.4421487470562949
          },
          "2": {
            "x": 0.8987902731815637,
            "y": 0.3673336233144846
          },
          "3": {
            "x": 0.987127286210433,
            "y": 0.30121793410942943
          },
          "4": {
            "x": 0.9701394140441713,
            "y": 0.17594606350587216
          },
          "5": {
            "x": 0.937012985555653,
            "y": 0.024575939070613256
          },
          "6": {
            "x": 0.8350857525580812,
            "y": 0.16550673542462419
          },
          "7": {
            "x": 0.7569415665147121,
            "y": 0.2264028103676191
          },
          "8": {
            "x": 0.7017309819743608,
            "y": 0.31165726219067735
          },
          "9": {
            "x": 0.6686046830930215,
            "y": 0.3481948606964816
          },
          "10": {
            "x": 0.6660564763466464,
            "y": 0.38995213983576427
          },
          "11": {
            "x": 0.7280622356749386,
            "y": 0.4230100176240009
          }
        },
        "instrument_type": "Dissector"
      }
    ],
    "17": [
      {
        "instrument_polygon": {
          "0": {
            "x": 0.14962513657084733,
            "y": 0.13940843181435886
          },
          "1": {
            "x": 0.2005887530696332,
            "y": 0.1968247196683681
          },
          "2": {
            "x": 0.26514265434071077,
            "y": 0.2559809342525793
          },
          "3": {
            "x": 0.23711270414853217,
            "y": 0.2803392779469335
          },
          "4": {
            "x": 0.14113120048771638,
            "y": 0.1985646132128609
          },
          "5": {
            "x": 0.10715545615519247,
            "y": 0.16898652251360988
          },
          "6": {
            "x": 0.11395063094313304,
            "y": 0.13418878436658946
          }
        },
        "instrument_type": "Grasper"
      },
      {
        "is_tti": 1,
        "interaction_type": "Retract and grab",
        "interaction_tool": "Grasper",
        "tti_polygon": {
          "0": {
            "x": 0.24263377556328528,
            "y": 0.040669863096471984
          },
          "1": {
            "x": 0.14325468450849915,
            "y": 0.12070466747176087
          },
          "2": {
            "x": 0.2604710283771424,
            "y": 0.2459765380753181
          },
          "3": {
            "x": 0.3182297548602793,
            "y": 0.1398434300897639
          },
          "4": {
            "x": 0.27576007444462447,
            "y": 0.09634627399884295
          }
        }
      },
      {}
    ],
    "76": [
      {
        "instrument_polygon": {
          "0": {
            "x": 0.31950385823346683,
            "y": 0.3568942952332366
          },
          "1": {
            "x": 0.23201635545937146,
            "y": 0.2959982534759509
          },
          "2": {
            "x": 0.1946430237328773,
            "y": 0.17768602342178327
          },
          "3": {
            "x": 0.18699846829734154,
            "y": 0.12548934982983434
          },
          "4": {
            "x": 0.27193782912865133,
            "y": 0.13940843181435886
          },
          "5": {
            "x": 0.21248027654673446,
            "y": 0.059373677217633695
          },
          "6": {
            "x": 0.1615166600479486,
            "y": 0.005437159859755614
          },
          "7": {
            "x": 0,
            "y": 0
          },
          "8": {
            "x": 0.00013187446846007653,
            "y": 0.1359286779110823
          },
          "9": {
            "x": 0.13603485179855568,
            "y": 0.24380167944112932
          },
          "10": {
            "x": 0.19888999177444283,
            "y": 0.3168769760098651
          },
          "11": {
            "x": 0.2727872097762465,
            "y": 0.3603741486936406
          },
          "12": {
            "x": 0.33054600106297294,
            "y": 0.3882122794769805
          }
        },
        "instrument_type": "Grasper"
      },
      {
        "is_tti": 1,
        "interaction_type": "Retract and grab",
        "interaction_tool": "Grasper",
        "tti_polygon": {
          "0": {
            "x": 0.2481547821744488,
            "y": 0.14984775989560684
          },
          "1": {
            "x": 0.345835047130455,
            "y": 0.1811657441393507
          },
          "2": {
            "x": 0.4180335038370683,
            "y": 0.25250111397788444
          },
          "3": {
            "x": 0.3917023149400802,
            "y": 0.38995213983576427
          },
          "4": {
            "x": 0.2974196373780442,
            "y": 0.3394954261597264
          },
          "5": {
            "x": 0.2286187680654012,
            "y": 0.285558958580412
          },
          "6": {
            "x": 0.21163089589913928,
            "y": 0.20900394129410887
          },
          "7": {
            "x": 0.21332965719432964,
            "y": 0.14636800599233024
          }
        }
      },
      {}
    ],
    "80": [
      {
        "instrument_polygon": {
          "0": {
            "x": 0.5828158768105272,
            "y": 0.7222705789626604
          },
          "1": {
            "x": 0.7127731248038668,
            "y": 0.6596346104751727
          },
          "2": {
            "x": 0.8537725156267125,
            "y": 0.5535015356753277
          },
          "3": {
            "x": 1,
            "y": 0.4264898047129867
          },
          "4": {
            "x": 0.987127286210433,
            "y": 0.7762070465419749
          },
          "5": {
            "x": 0.8639652130050341,
            "y": 0.8301435804927074
          },
          "6": {
            "x": 0.6686046830930215,
            "y": 0.9014790498883687
          },
          "7": {
            "x": 0.6184903824382414,
            "y": 0.8997390567867484
          },
          "8": {
            "x": 0.5785689087689615,
            "y": 0.8579818772045931
          },
          "9": {
            "x": 0.573472560079801,
            "y": 0.7779469732721769
          }
        },
        "instrument_type": "Dissector"
      }
    ],
    "150": [
      {
        "instrument_polygon": {
          "0": {
            "x": 0.285528113900943,
            "y": 0.09634625740598833
          },
          "1": {
            "x": 0.22352241937624054,
            "y": 0.05763375048743172
          },
          "2": {
            "x": 0.17340818352504986,
            "y": 0
          },
          "3": {
            "x": 0.002680048813040421,
            "y": 0
          },
          "4": {
            "x": 0.029011237710028566,
            "y": 0.07851240664992763
          },
          "5": {
            "x": 0.07997488661060914,
            "y": 0.11331012820409352
          },
          "6": {
            "x": 0.12499270896904964,
            "y": 0.13766857145557515
          },
          "7": {
            "x": 0.1674623893847045,
            "y": 0.19334493257938237
          },
          "8": {
            "x": 0.1954924043804725,
            "y": 0.20552415420512318
          },
          "9": {
            "x": 0.28807632064731803,
            "y": 0.2925184995726743
          },
          "10": {
            "x": 0.2999678441244193,
            "y": 0.2629404088734233
          },
          "11": {
            "x": 0.22097421262986547,
            "y": 0.18290563768384355
          },
          "12": {
            "x": 0.22776938741780603,
            "y": 0.15506744052908536
          },
          "13": {
            "x": 0.26938962238227615,
            "y": 0.12548934982983434
          },