{
  "labels": {
    "117": [
      {
        "is_tti": 0,
        "non_interaction_tool": "Cautery (Hook, Spatula)",
        "tti_polygon": {
          "0": {
            "x": 0.14148351648351648,
            "y": 0.08974358974358974
          },
          "1": {
            "x": 0.14217032967032966,
            "y": 0.08867521367521368
          },
          "2": {
            "x": 0.14217032967032966,
            "y": 0.08653846153846154
          },
          "3": {
            "x": 0.14285714285714285,
            "y": 0.08547008547008547
          },
          "4": {
            "x": 0.14285714285714285,
            "y": 0.08440170940170941
          },
          "5": {
            "x": 0.14354395604395603,
            "y": 0.08333333333333333
          },
          "6": {
            "x": 0.14354395604395603,
            "y": 0.08226495726495726
          },
          "7": {
            "x": 0.14766483516483517,
            "y": 0.07585470085470085
          },
          "8": {
            "x": 0.14835164835164835,
            "y": 0.07585470085470085
          },
          "9": {
            "x": 0.14903846153846154,
            "y": 0.07478632478632478
          },
          "10": {
            "x": 0.14972527472527472,
            "y": 0.07478632478632478
          },
          "11": {
            "x": 0.1504120879120879,
            "y": 0.07371794871794872
          },
          "12": {
            "x": 0.15315934065934067,
            "y": 0.07371794871794872
          },
          "13": {
            "x": 0.15384615384615385,
            "y": 0.07264957264957266
          },
          "14": {
            "x": 0.16071428571428573,
            "y": 0.07264957264957266
          },
          "15": {
            "x": 0.1614010989010989,
            "y": 0.07158119658119658
          },
          "16": {
            "x": 0.17925824175824176,
            "y": 0.07158119658119658
          },
          "17": {
            "x": 0.17994505494505494,
            "y": 0.07051282051282051
          },
          "18": {
            "x": 0.1971153846153846,
            "y": 0.07051282051282051
          },
          "19": {
            "x": 0.1978021978021978,
            "y": 0.06944444444444445
          },
          "20": {
            "x": 0.19986263736263737,
            "y": 0.06944444444444445
          },
          "21": {
            "x": 0.20054945054945056,
            "y": 0.06837606837606838
          },
          "22": {
            "x": 0.20535714285714285,
            "y": 0.06837606837606838
          },
          "23": {
            "x": 0.20604395604395603,
            "y": 0.0673076923076923
          },
          "24": {
            "x": 0.2087912087912088,
            "y": 0.0673076923076923
          },
          "25": {
            "x": 0.20947802197802198,
            "y": 0.06623931623931624
          },
          "26": {
            "x": 0.21085164835164835,
            "y": 0.06623931623931624
          },
          "27": {
            "x": 0.21153846153846154,
            "y": 0.06517094017094018
          },
          "28": {
            "x": 0.2129120879120879,
            "y": 0.06517094017094018
          },
          "29": {
            "x": 0.2135989010989011,
            "y": 0.0641025641025641
          },
          "30": {
            "x": 0.21565934065934067,
            "y": 0.0641025641025641
          },
          "31": {
            "x": 0.21634615384615385,
            "y": 0.06303418803418803
          },
          "32": {
            "x": 0.2184065934065934,
            "y": 0.06303418803418803
          },
          "33": {
            "x": 0.2190934065934066,
            "y": 0.06196581196581197
          },
          "34": {
            "x": 0.2245879120879121,
            "y": 0.06196581196581197
          },
          "35": {
            "x": 0.22527472527472528,
            "y": 0.060897435897435896
          },
          "36": {
            "x": 0.23104087821609456,
            "y": 0.060897435897435896
          },
          "37": {
            "x": 0.231445,
            "y": 0.057751
          },
          "38": {
            "x": 0.225586,
            "y": 0.048632
          },
          "39": {
            "x": 0.223633,
            "y": 0.047112
          },
          "40": {
            "x": 0.21582,
            "y": 0.047112
          },
          "41": {
            "x": 0.212891,
            "y": 0.045593
          },
          "42": {
            "x": 0.193359,
            "y": 0.030395
          },
          "43": {
            "x": 0.18457,
            "y": 0.015198
          },
          "44": {
            "x": 0.183594,
            "y": 0
          },
          "45": {
            "x": 0.297852,
            "y": 0
          },
          "46": {
            "x": 0.290039,
            "y": 0.028875
          },
          "47": {
            "x": 0.282227,
            "y": 0.041033
          },
          "48": {
            "x": 0.279297,
            "y": 0.041033
          },
          "49": {
            "x": 0.275391,
            "y": 0.050152
          },
          "50": {
            "x": 0.267578,
            "y": 0.059271
          },
          "51": {
            "x": 0.268555,
            "y": 0.06383
          },
          "52": {
            "x": 0.26304945054945056,
            "y": 0.06525806060833365
          },
          "53": {
            "x": 0.26304945054945056,
            "y": 0.06623931623931624
          },
          "54": {
            "x": 0.2623626373626374,
            "y": 0.0673076923076923
          },
          "55": {
            "x": 0.2623626373626374,
            "y": 0.07051282051282051
          },
          "56": {
            "x": 0.2616758241758242,
            "y": 0.07158119658119658
          },
          "57": {
            "x": 0.2616758241758242,
            "y": 0.07371794871794872
          },
          "58": {
            "x": 0.260989010989011,
            "y": 0.07478632478632478
          },
          "59": {
            "x": 0.260989010989011,
            "y": 0.07799145299145299
          },
          "60": {
            "x": 0.2603021978021978,
            "y": 0.07905982905982906
          },
          "61": {
            "x": 0.2603021978021978,
            "y": 0.0811965811965812
          },
          "62": {
            "x": 0.25961538461538464,
            "y": 0.08226495726495726
          },
          "63": {
            "x": 0.25961538461538464,
            "y": 0.08333333333333333
          },
          "64": {
            "x": 0.25892857142857145,
            "y": 0.08440170940170941
          },
          "65": {
            "x": 0.25892857142857145,
            "y": 0.08547008547008547
          },
          "66": {
            "x": 0.25755494505494503,
            "y": 0.0876068376068376
          },
          "67": {
            "x": 0.25755494505494503,
            "y": 0.08867521367521368
          },
          "68": {
            "x": 0.2571339668437922,
            "y": 0.08933006867034032
          },
          "69": {
            "x": 0.256836,
            "y": 0.091185
          },
          "70": {
            "x": 0.255859,
            "y": 0.094225
          },
          "71": {
            "x": 0.25117576029860245,
            "y": 0.09859838996285776
          },
          "72": {
            "x": 0.2506868131868132,
            "y": 0.09935897435897435
          },
          "73": {
            "x": 0.25,
            "y": 0.09935897435897435
          },
          "74": {
            "x": 0.24862637362637363,
            "y": 0.1014957264957265
          },
          "75": {
            "x": 0.24793956043956045,
            "y": 0.1014957264957265
          },
          "76": {
            "x": 0.24656593406593408,
            "y": 0.10363247863247864
          },
          "77": {
            "x": 0.24587912087912087,
            "y": 0.10363247863247864
          },