{
  "labels": {
    "150": [
      {
        "instrument_polygon": {
          "0": {
            "x": 0.467773,
            "y": 0
          },
          "1": {
            "x": 0.461914,
            "y": 0.00984
          },
          "2": {
            "x": 0.454102,
            "y": 0.03321
          },
          "3": {
            "x": 0.445312,
            "y": 0.04674
          },
          "4": {
            "x": 0.44043,
            "y": 0.057811
          },
          "5": {
            "x": 0.438477,
            "y": 0.059041
          },
          "6": {
            "x": 0.43457,
            "y": 0.076261
          },
          "7": {
            "x": 0.428711,
            "y": 0.088561
          },
          "8": {
            "x": 0.426758,
            "y": 0.099631
          },
          "9": {
            "x": 0.421875,
            "y": 0.107011
          },
          "10": {
            "x": 0.418945,
            "y": 0.115621
          },
          "11": {
            "x": 0.415039,
            "y": 0.120541
          },
          "12": {
            "x": 0.413086,
            "y": 0.129151
          },
          "13": {
            "x": 0.408203,
            "y": 0.135301
          },
          "14": {
            "x": 0.408203,
            "y": 0.142681
          },
          "15": {
            "x": 0.405273,
            "y": 0.150062
          },
          "16": {
            "x": 0.404297,
            "y": 0.170972
          },
          "17": {
            "x": 0.40625,
            "y": 0.175892
          },
          "18": {
            "x": 0.417969,
            "y": 0.186962
          },
          "19": {
            "x": 0.425781,
            "y": 0.189422
          },
          "20": {
            "x": 0.431641,
            "y": 0.195572
          },
          "21": {
            "x": 0.442383,
            "y": 0.200492
          },
          "22": {
            "x": 0.447266,
            "y": 0.199262
          },
          "23": {
            "x": 0.454102,
            "y": 0.193112
          },
          "24": {
            "x": 0.464844,
            "y": 0.178352
          },
          "25": {
            "x": 0.46875,
            "y": 0.177122
          },
          "26": {
            "x": 0.470703,
            "y": 0.174662
          },
          "27": {
            "x": 0.47168,
            "y": 0.167282
          },
          "28": {
            "x": 0.494141,
            "y": 0.129151
          },
          "29": {
            "x": 0.506836,
            "y": 0.113161
          },
          "30": {
            "x": 0.509766,
            "y": 0.105781
          },
          "31": {
            "x": 0.530273,
            "y": 0.083641
          },
          "32": {
            "x": 0.533203,
            "y": 0.075031
          },
          "33": {
            "x": 0.552734,
            "y": 0.051661
          },
          "34": {
            "x": 0.553711,
            "y": 0.04797
          },
          "35": {
            "x": 0.5625,
            "y": 0.0369
          },
          "36": {
            "x": 0.568359,
            "y": 0.03198
          },
          "37": {
            "x": 0.582031,
            "y": 0.01476
          },
          "38": {
            "x": 0.59082,
            "y": 0.00615
          },
          "39": {
            "x": 0.592773,
            "y": 0.00615
          },
          "40": {
            "x": 0.595703,
            "y": 0
          }
        },
        "instrument_type": "Dissector"
      },
      {
        "is_tti": 1,
        "interaction_type": "Blunt dissection",
        "interaction_tool": "Dissector",
        "tti_polygon": {
          "0": {
            "x": 0.36590227817745813,
            "y": 0.3163179982329926
          },
          "1": {
            "x": 0.3571274798343145,
            "y": 0.30883878423576927
          },
          "2": {
            "x": 0.3514708687595379,
            "y": 0.29459031459043294
          },
          "3": {
            "x": 0.34931242505995214,
            "y": 0.28144622459926794
          },
          "4": {
            "x": 0.3464566982777415,
            "y": 0.2703136832639152
          },
          "5": {
            "x": 0.3452932540331372,
            "y": 0.25515311435062477
          },
          "6": {
            "x": 0.3452932540331372,
            "y": 0.2412399028145904
          },
          "7": {
            "x": 0.3452932540331372,
            "y": 0.229333309668055
          },
          "8": {
            "x": 0.34920665740135165,
            "y": 0.21742178625520633
          },
          "9": {
            "x": 0.35259905711794204,
            "y": 0.2046869083680424
          },
          "10": {
            "x": 0.35776600310660567,
            "y": 0.19249929004165084
          },
          "11": {
            "x": 0.369071390614781,
            "y": 0.1844925375489082
          },
          "12": {
            "x": 0.3764046149444082,
            "y": 0.17212742963523914
          },
          "13": {
            "x": 0.38289953264661003,
            "y": 0.16264652751483022
          },
          "14": {
            "x": 0.3898018517004579,
            "y": 0.15263315663258864
          },
          "15": {
            "x": 0.39730352081970793,
            "y": 0.14390658525810926
          },
          "16": {
            "x": 0.4031990884565076,
            "y": 0.1349236400353401
          },
          "17": {
            "x": 0.41151556027904956,
            "y": 0.12975672093903823
          },
          "18": {
            "x": 0.4214616375081754,
            "y": 0.12975179067272494
          },
          "19": {
            "x": 0.42937070797907134,
            "y": 0.13714225987630946
          },
          "20": {
            "x": 0.43939904894266407,
            "y": 0.14004618673482264
          },
          "21": {
            "x": 0.44791138679965126,
            "y": 0.146411160545248
          },
          "22": {
            "x": 0.4581355937976892,
            "y": 0.15262329609996209
          },
          "23": {
            "x": 0.47043206344015703,
            "y": 0.164855286823173
          },
          "24": {
            "x": 0.47848607477654254,
            "y": 0.17272892212545748
          },
          "25": {
            "x": 0.48378229234793985,
            "y": 0.18400937145020824
          },
          "26": {
            "x": 0.4825483363309353,
            "y": 0.19580256847153854
          },
          "27": {
            "x": 0.4778632207870068,
            "y": 0.20874451754385961
          },
          "28": {
            "x": 0.47273544800523226,
            "y": 0.22339726902688373
          },
          "29": {
            "x": 0.4688337965990845,
            "y": 0.23506227912406913
          },
          "30": {
            "x": 0.4577242751253544,
            "y": 0.25254500347090747
          },
          "31": {
            "x": 0.45222435687813395,
            "y": 0.26219846491228066
          },
          "32": {
            "x": 0.4450909159036408,
            "y": 0.26986009876309475
          },
          "33": {
            "x": 0.4371348375844779,
            "y": 0.2772801495645589
          },
          "34": {
            "x": 0.4260449027141924,
            "y": 0.28535099551937393
          },
          "35": {
            "x": 0.4183395329191193,
            "y": 0.2914743862804493
          },
          "36": {
            "x": 0.41095538342053645,
            "y": 0.29916560172914297
          },
          "37": {
            "x": 0.40193379387399186,
            "y": 0.3042930786949387
          },
          "38": {
            "x": 0.39355856224111624,
            "y": 0.31171312949640284
          },
          "39": {
            "x": 0.3851833306082407,
            "y": 0.319133180297867
          },
          "40": {
            "x": 0.37886077501635057,
            "y": 0.32347674491985356
          }
        }
      }
    ]
  }
}