{
  "labels": {
    "97": [
      {
        "is_tti": 0,
        "non_interaction_tool": "Cautery (Hook, Spatula)",
        "instrument_polygon": {
          "0": {
            "x": 0.6875,
            "y": 0.61008
          },
          "1": {
            "x": 0.686523,
            "y": 0.611406
          },
          "10": {
            "x": 0.603516,
            "y": 0.669761
          },
          "11": {
            "x": 0.606445,
            "y": 0.676393
          },
          "12": {
            "x": 0.611328,
            "y": 0.681698
          },
          "13": {
            "x": 0.616211,
            "y": 0.68435
          },
          "14": {
            "x": 0.624023,
            "y": 0.68435
          },
          "15": {
            "x": 0.625977,
            "y": 0.680371
          },
          "16": {
            "x": 0.630859,
            "y": 0.681698
          },
          "17": {
            "x": 0.637695,
            "y": 0.679045
          },
          "18": {
            "x": 0.641602,
            "y": 0.675066
          },
          "19": {
            "x": 0.652344,
            "y": 0.67374
          },
          "2": {
            "x": 0.675781,
            "y": 0.611406
          },
          "20": {
            "x": 0.658203,
            "y": 0.668435
          },
          "21": {
            "x": 0.662109,
            "y": 0.669761
          },
          "22": {
            "x": 0.680664,
            "y": 0.659151
          },
          "23": {
            "x": 0.689453,
            "y": 0.657825
          },
          "24": {
            "x": 0.694336,
            "y": 0.655172
          },
          "25": {
            "x": 0.699219,
            "y": 0.655172
          },
          "26": {
            "x": 0.701172,
            "y": 0.657825
          },
          "27": {
            "x": 0.700195,
            "y": 0.661804
          },
          "28": {
            "x": 0.705078,
            "y": 0.676393
          },
          "29": {
            "x": 0.712891,
            "y": 0.688329
          },
          "3": {
            "x": 0.666992,
            "y": 0.614058
          },
          "30": {
            "x": 0.71582,
            "y": 0.692308
          },
          "31": {
            "x": 0.722656,
            "y": 0.696286
          },
          "32": {
            "x": 0.729492,
            "y": 0.704244
          },
          "33": {
            "x": 0.738281,
            "y": 0.710875
          },
          "34": {
            "x": 0.744141,
            "y": 0.720159
          },
          "35": {
            "x": 0.744141,
            "y": 0.734748
          },
          "36": {
            "x": 0.742188,
            "y": 0.744032
          },
          "37": {
            "x": 0.739258,
            "y": 0.749337
          },
          "38": {
            "x": 0.734375,
            "y": 0.751989
          },
          "39": {
            "x": 0.732422,
            "y": 0.755968
          },
          "4": {
            "x": 0.642578,
            "y": 0.627321
          },
          "40": {
            "x": 0.731445,
            "y": 0.795756
          },
          "41": {
            "x": 0.733398,
            "y": 0.810345
          },
          "42": {
            "x": 0.737305,
            "y": 0.823607
          },
          "43": {
            "x": 0.739258,
            "y": 0.838196
          },
          "44": {
            "x": 0.74707,
            "y": 0.859416
          },
          "45": {
            "x": 0.772461,
            "y": 0.893899
          },
          "46": {
            "x": 0.795898,
            "y": 0.913793
          },
          "47": {
            "x": 0.81543,
            "y": 0.933687
          },
          "48": {
            "x": 0.826172,
            "y": 0.940318
          },
          "49": {
            "x": 0.834961,
            "y": 0.948276
          },
          "5": {
            "x": 0.621094,
            "y": 0.643236
          },
          "50": {
            "x": 0.87793,
            "y": 0.998674
          },
          "51": {
            "x": 0.999023,
            "y": 0.998674
          },
          "52": {
            "x": 0.999023,
            "y": 0.803714
          },
          "53": {
            "x": 0.993164,
            "y": 0.799735
          },
          "54": {
            "x": 0.989258,
            "y": 0.79443
          },
          "55": {
            "x": 0.981445,
            "y": 0.793103
          },
          "56": {
            "x": 0.973633,
            "y": 0.787798
          },
          "57": {
            "x": 0.970703,
            "y": 0.787798
          },
          "58": {
            "x": 0.962891,
            "y": 0.781167
          },
          "59": {
            "x": 0.938477,
            "y": 0.767905
          },
          "6": {
            "x": 0.614258,
            "y": 0.645889
          },
          "60": {
            "x": 0.931641,
            "y": 0.759947
          },
          "61": {
            "x": 0.922852,
            "y": 0.757294
          },
          "62": {
            "x": 0.899414,
            "y": 0.734748
          },
          "63": {
            "x": 0.884766,
            "y": 0.724138
          },
          "64": {
            "x": 0.879883,
            "y": 0.718833
          },
          "65": {
            "x": 0.860352,
            "y": 0.70557
          },
          "66": {
            "x": 0.855469,
            "y": 0.698939
          },
          "67": {
            "x": 0.849609,
            "y": 0.69496
          },
          "68": {
            "x": 0.844727,
            "y": 0.693634
          },
          "69": {
            "x": 0.837891,
            "y": 0.688329
          },
          "7": {
            "x": 0.606445,
            "y": 0.65252
          },
          "70": {
            "x": 0.826172,
            "y": 0.68435
          },
          "71": {
            "x": 0.796875,
            "y": 0.683024
          },
          "72": {
            "x": 0.791016,
            "y": 0.680371
          },
          "73": {
            "x": 0.786133,
            "y": 0.676393
          },
          "74": {
            "x": 0.77832,
            "y": 0.665782
          },
          "75": {
            "x": 0.764648,
            "y": 0.656499
          },
          "76": {
            "x": 0.751953,
            "y": 0.639257
          },
          "77": {
            "x": 0.746094,
            "y": 0.636605
          },
          "78": {
            "x": 0.731445,
            "y": 0.635279
          },
          "79": {
            "x": 0.730469,
            "y": 0.633952
          },
          "8": {
            "x": 0.606445,
            "y": 0.655172
          },
          "80": {
            "x": 0.722656,
            "y": 0.635279
          },
          "81": {
            "x": 0.71875,
            "y": 0.633952
          },
          "82": {
            "x": 0.71582,
            "y": 0.635279
          },
          "83": {
            "x": 0.704102,
            "y": 0.619363
          },
          "84": {
            "x": 0.702148,
            "y": 0.619363
          },
          "85": {
            "x": 0.697266,
            "y": 0.614058
          },
          "86": {
            "x": 0.689453,
            "y": 0.61008
          },
          "9": {
            "x": 0.603516,
            "y": 0.659151
          }
        }
      },
      {
        "instrument_polygon": {
          "0": {
            "x": 0.071289,
            "y": 0.263926
          },
          "1": {
            "x": 0.060547,
            "y": 0.267905
          },
          "10": {
            "x": 0,
            "y": 0.32626
          },
          "11": {
            "x": 0.012695,
            "y": 0.322281
          },
          "12": {
            "x": 0.016602,
            "y": 0.319629
          },
          "13": {
            "x": 0.024414,
            "y": 0.319629
          },