{
  "labels": {
    "55": [
      {
        "is_tti": 0,
        "non_interaction_tool": "Cautery (Hook, Spatula)",
        "tti_polygon": {
          "0": {
            "x": 0.996094,
            "y": 0.233119
          },
          "1": {
            "x": 0.991211,
            "y": 0.23955
          },
          "2": {
            "x": 0.986328,
            "y": 0.242765
          },
          "3": {
            "x": 0.982422,
            "y": 0.249196
          },
          "4": {
            "x": 0.980469,
            "y": 0.249196
          },
          "5": {
            "x": 0.975586,
            "y": 0.257235
          },
          "6": {
            "x": 0.97168,
            "y": 0.258842
          },
          "7": {
            "x": 0.967773,
            "y": 0.265273
          },
          "8": {
            "x": 0.964844,
            "y": 0.266881
          },
          "9": {
            "x": 0.94043,
            "y": 0.29582
          },
          "10": {
            "x": 0.936523,
            "y": 0.297428
          },
          "11": {
            "x": 0.926758,
            "y": 0.308682
          },
          "12": {
            "x": 0.911133,
            "y": 0.321543
          },
          "13": {
            "x": 0.868164,
            "y": 0.371383
          },
          "14": {
            "x": 0.858398,
            "y": 0.379421
          },
          "15": {
            "x": 0.852539,
            "y": 0.38746
          },
          "16": {
            "x": 0.84082,
            "y": 0.398714
          },
          "17": {
            "x": 0.836914,
            "y": 0.405145
          },
          "18": {
            "x": 0.833008,
            "y": 0.406752
          },
          "19": {
            "x": 0.823242,
            "y": 0.419614
          },
          "20": {
            "x": 0.804688,
            "y": 0.437299
          },
          "21": {
            "x": 0.783203,
            "y": 0.463023
          },
          "22": {
            "x": 0.77832,
            "y": 0.466238
          },
          "23": {
            "x": 0.774414,
            "y": 0.472669
          },
          "24": {
            "x": 0.771484,
            "y": 0.474277
          },
          "25": {
            "x": 0.760742,
            "y": 0.488746
          },
          "26": {
            "x": 0.753906,
            "y": 0.495177
          },
          "27": {
            "x": 0.750977,
            "y": 0.503215
          },
          "28": {
            "x": 0.74707,
            "y": 0.503215
          },
          "29": {
            "x": 0.706055,
            "y": 0.549839
          },
          "30": {
            "x": 0.680664,
            "y": 0.57074
          },
          "31": {
            "x": 0.645508,
            "y": 0.606109
          },
          "32": {
            "x": 0.629883,
            "y": 0.625402
          },
          "33": {
            "x": 0.599609,
            "y": 0.657556
          },
          "34": {
            "x": 0.594727,
            "y": 0.665595
          },
          "35": {
            "x": 0.583008,
            "y": 0.678457
          },
          "36": {
            "x": 0.573242,
            "y": 0.694534
          },
          "37": {
            "x": 0.5625,
            "y": 0.71865
          },
          "38": {
            "x": 0.557617,
            "y": 0.747588
          },
          "39": {
            "x": 0.546875,
            "y": 0.773312
          },
          "40": {
            "x": 0.535156,
            "y": 0.787781
          },
          "41": {
            "x": 0.524414,
            "y": 0.79582
          },
          "42": {
            "x": 0.517578,
            "y": 0.803859
          },
          "43": {
            "x": 0.511719,
            "y": 0.807074
          },
          "44": {
            "x": 0.503906,
            "y": 0.818328
          },
          "45": {
            "x": 0.489258,
            "y": 0.832797
          },
          "46": {
            "x": 0.478516,
            "y": 0.847267
          },
          "47": {
            "x": 0.475586,
            "y": 0.848875
          },
          "48": {
            "x": 0.466797,
            "y": 0.861736
          },
          "49": {
            "x": 0.463867,
            "y": 0.863344
          },
          "50": {
            "x": 0.456055,
            "y": 0.874598
          },
          "51": {
            "x": 0.446289,
            "y": 0.884244
          },
          "52": {
            "x": 0.438477,
            "y": 0.895498
          },
          "53": {
            "x": 0.433594,
            "y": 0.906752
          },
          "54": {
            "x": 0.427734,
            "y": 0.911576
          },
          "55": {
            "x": 0.413086,
            "y": 0.930868
          },
          "56": {
            "x": 0.410156,
            "y": 0.940514
          },
          "57": {
            "x": 0.412109,
            "y": 0.951768
          },
          "58": {
            "x": 0.420898,
            "y": 0.96463
          },
          "59": {
            "x": 0.423828,
            "y": 0.96463
          },
          "60": {
            "x": 0.433594,
            "y": 0.954984
          },
          "61": {
            "x": 0.447266,
            "y": 0.932476
          },
          "62": {
            "x": 0.457031,
            "y": 0.926045
          },
          "63": {
            "x": 0.469727,
            "y": 0.911576
          },
          "64": {
            "x": 0.47168,
            "y": 0.911576
          },
          "65": {
            "x": 0.478516,
            "y": 0.905145
          },
          "66": {
            "x": 0.481445,
            "y": 0.905145
          },
          "67": {
            "x": 0.488281,
            "y": 0.897106
          },
          "68": {
            "x": 0.490234,
            "y": 0.897106
          },
          "69": {
            "x": 0.501953,
            "y": 0.869775
          },
          "70": {
            "x": 0.508789,
            "y": 0.866559
          },
          "71": {
            "x": 0.513672,
            "y": 0.861736
          },
          "72": {
            "x": 0.516602,
            "y": 0.861736
          },
          "73": {
            "x": 0.522461,
            "y": 0.855305
          },
          "74": {
            "x": 0.539062,
            "y": 0.842444
          },
          "75": {
            "x": 0.553711,
            "y": 0.824759
          },
          "76": {
            "x": 0.564453,
            "y": 0.81672
          },
          "77": {
            "x": 0.568359,
            "y": 0.811897
          },
          "78": {
            "x": 0.576172,
            "y": 0.810289
          },
          "79": {
            "x": 0.577148,
            "y": 0.808682
          },
          "80": {
            "x": 0.633789,
            "y": 0.808682
          },
          "81": {
            "x": 0.634766,
            "y": 0.807074
          },
          "82": {
            "x": 0.638672,
            "y": 0.807074
          },
          "83": {
            "x": 0.639648,
            "y": 0.805466
          },
          "84": {
            "x": 0.649414,
            "y": 0.802251
          },
          "85": {
            "x": 0.667969,
            "y": 0.784566
          },
          "86": {
            "x": 0.673828,
            "y": 0.78135
          },
          "87": {
            "x": 0.676758,
            "y": 0.776527
          },
          "88": {
            "x": 0.688477,
            "y": 0.766881
          },
          "89": {
            "x": 0.692383,
            "y": 0.76045
          },
          "90": {
            "x": 0.697266,
            "y": 0.757235
          },
          "91": {
            "x": 0.708008,
            "y": 0.744373
          },
          "92": {
            "x": 0.712891,
            "y": 0.741158
          },
          "93": {
            "x": 0.723633,