{
  "labels": {
    "3": [
      {
        "is_tti": 0,
        "non_interaction_tool": "Dissector",
        "instrument_polygon": {
          "0": {
            "x": 0.576172,
            "y": 0
          },
          "1": {
            "x": 0.571289,
            "y": 0.003604
          },
          "10": {
            "x": 0.517578,
            "y": 0.077477
          },
          "11": {
            "x": 0.516602,
            "y": 0.082883
          },
          "12": {
            "x": 0.510742,
            "y": 0.095495
          },
          "13": {
            "x": 0.5,
            "y": 0.108108
          },
          "14": {
            "x": 0.482422,
            "y": 0.140541
          },
          "15": {
            "x": 0.476562,
            "y": 0.147748
          },
          "16": {
            "x": 0.466797,
            "y": 0.169369
          },
          "17": {
            "x": 0.462891,
            "y": 0.174775
          },
          "18": {
            "x": 0.456055,
            "y": 0.192793
          },
          "19": {
            "x": 0.448242,
            "y": 0.205405
          },
          "2": {
            "x": 0.56543,
            "y": 0.014414
          },
          "20": {
            "x": 0.444336,
            "y": 0.210811
          },
          "21": {
            "x": 0.431641,
            "y": 0.221622
          },
          "22": {
            "x": 0.429688,
            "y": 0.225225
          },
          "23": {
            "x": 0.423828,
            "y": 0.228829
          },
          "24": {
            "x": 0.40918,
            "y": 0.248649
          },
          "25": {
            "x": 0.40625,
            "y": 0.25045
          },
          "26": {
            "x": 0.402344,
            "y": 0.264865
          },
          "27": {
            "x": 0.402344,
            "y": 0.279279
          },
          "28": {
            "x": 0.404297,
            "y": 0.282883
          },
          "29": {
            "x": 0.407227,
            "y": 0.302703
          },
          "3": {
            "x": 0.563477,
            "y": 0.014414
          },
          "30": {
            "x": 0.412109,
            "y": 0.308108
          },
          "31": {
            "x": 0.423828,
            "y": 0.308108
          },
          "32": {
            "x": 0.426758,
            "y": 0.304505
          },
          "33": {
            "x": 0.430664,
            "y": 0.304505
          },
          "34": {
            "x": 0.433594,
            "y": 0.300901
          },
          "35": {
            "x": 0.447266,
            "y": 0.293694
          },
          "36": {
            "x": 0.450195,
            "y": 0.29009
          },
          "37": {
            "x": 0.454102,
            "y": 0.29009
          },
          "38": {
            "x": 0.462891,
            "y": 0.281081
          },
          "39": {
            "x": 0.46582,
            "y": 0.281081
          },
          "4": {
            "x": 0.554688,
            "y": 0.023423
          },
          "40": {
            "x": 0.472656,
            "y": 0.275676
          },
          "41": {
            "x": 0.475586,
            "y": 0.275676
          },
          "42": {
            "x": 0.476562,
            "y": 0.273874
          },
          "43": {
            "x": 0.482422,
            "y": 0.272072
          },
          "44": {
            "x": 0.489258,
            "y": 0.264865
          },
          "45": {
            "x": 0.499023,
            "y": 0.264865
          },
          "46": {
            "x": 0.501953,
            "y": 0.268468
          },
          "47": {
            "x": 0.505859,
            "y": 0.261261
          },
          "48": {
            "x": 0.508789,
            "y": 0.259459
          },
          "49": {
            "x": 0.514648,
            "y": 0.245045
          },
          "5": {
            "x": 0.551758,
            "y": 0.030631
          },
          "50": {
            "x": 0.538086,
            "y": 0.221622
          },
          "51": {
            "x": 0.563477,
            "y": 0.189189
          },
          "52": {
            "x": 0.568359,
            "y": 0.185586
          },
          "53": {
            "x": 0.575195,
            "y": 0.176577
          },
          "54": {
            "x": 0.589844,
            "y": 0.163964
          },
          "55": {
            "x": 0.59375,
            "y": 0.156757
          },
          "56": {
            "x": 0.59668,
            "y": 0.154955
          },
          "57": {
            "x": 0.617188,
            "y": 0.126126
          },
          "58": {
            "x": 0.629883,
            "y": 0.115315
          },
          "59": {
            "x": 0.631836,
            "y": 0.115315
          },
          "6": {
            "x": 0.547852,
            "y": 0.032432
          },
          "60": {
            "x": 0.633789,
            "y": 0.111712
          },
          "61": {
            "x": 0.645508,
            "y": 0.102703
          },
          "62": {
            "x": 0.65918,
            "y": 0.088288
          },
          "63": {
            "x": 0.664062,
            "y": 0.086486
          },
          "64": {
            "x": 0.671875,
            "y": 0.077477
          },
          "65": {
            "x": 0.681641,
            "y": 0.072072
          },
          "66": {
            "x": 0.688477,
            "y": 0.063063
          },
          "67": {
            "x": 0.69043,
            "y": 0.063063
          },
          "68": {
            "x": 0.695312,
            "y": 0.057658
          },
          "69": {
            "x": 0.697266,
            "y": 0.057658
          },
          "7": {
            "x": 0.532227,
            "y": 0.061261
          },
          "70": {
            "x": 0.716797,
            "y": 0.036036
          },
          "71": {
            "x": 0.717773,
            "y": 0.032432
          },
          "72": {
            "x": 0.727539,
            "y": 0.025225
          },
          "73": {
            "x": 0.733398,
            "y": 0.016216
          },
          "74": {
            "x": 0.740234,
            "y": 0.012613
          },
          "75": {
            "x": 0.742188,
            "y": 0.009009
          },
          "76": {
            "x": 0.744141,
            "y": 0.009009
          },
          "77": {
            "x": 0.748047,
            "y": 0.005405
          },
          "78": {
            "x": 0.751953,
            "y": 0
          },
          "8": {
            "x": 0.530273,
            "y": 0.061261
          },
          "9": {
            "x": 0.525391,
            "y": 0.066667
          }
        }
      }
    ],
    "98": [
      {
        "instrument_polygon": {
          "0": {
            "x": 0.07692929392325276,
            "y": 0.139602650567629
          },
          "1": {
            "x": 0.07126291903172048,
            "y": 0.13561048885993718
          },
          "10": {
            "x": 0.010987097175359362,
            "y": 0.10268231249669903
          },
          "11": {
            "x": 0.004168605152790101,
            "y": 0.10234127299007643
          },
          "12": {
            "x": 0.00044221997766502597,
            "y": 0.08444806687594354
          },
          "13": {
            "x": 0.00634981784631484,
            "y": 0.08240832582681025
          },
          "14": {
            "x": 0.013289879881689615,
            "y": 0.08319434068969282
          },
          "15": {
            "x": 0.019992087544184058,
            "y": 0.08533152159786116
          },
          "16": {
            "x": 0.025764020326079915,
            "y": 0.08803060569313154
          },
          "17": {
            "x": 0.03220723100477134,
            "y": 0.0902165065308174
          },
          "18": {
            "x": 0.0378241179732341,
            "y": 0.0935554457004178
          },