{
  "labels": {
    "0": [
      {
        "instrument_polygon": {
          "0": {
            "x": 0.6131670583897004,
            "y": 0.4771993014831949
          },
          "1": {
            "x": 0.6119897861330563,
            "y": 0.53344100033084
          },
          "2": {
            "x": 0.6261172328530189,
            "y": 0.5866425963787214
          },
          "3": {
            "x": 0.6320036839563559,
            "y": 0.6200836112058459
          },
          "4": {
            "x": 0.6508403095230112,
            "y": 0.6231237140056096
          },
          "5": {
            "x": 0.6967547359131787,
            "y": 0.6352840672195263
          },
          "6": {
            "x": 0.736782531559778,
            "y": 0.6216036336131587
          },
          "7": {
            "x": 0.77327860025656,
            "y": 0.5912027215857979
          },
          "8": {
            "x": 0.8439160134966043,
            "y": 0.5288808751237636
          },
          "9": {
            "x": 0.8839438091432035,
            "y": 0.48783963228979876
          },
          "10": {
            "x": 0.9227944223532741,
            "y": 0.4787193818756457
          },
          "11": {
            "x": 0.9534038603064878,
            "y": 0.4787193818756457
          },
          "12": {
            "x": 1,
            "y": 0.46047882306220167
          },
          "13": {
            "x": 1,
            "y": 0.20663119603671112
          },
          "14": {
            "x": 0.8898302602465405,
            "y": 0.30695426951065363
          },
          "15": {
            "x": 0.8745254514498181,
            "y": 0.379916417786723
          },
          "16": {
            "x": 0.8509796470364699,
            "y": 0.4391981614489939
          },
          "17": {
            "x": 0.7874060469765226,
            "y": 0.4893597126822496
          },
          "18": {
            "x": 0.7191231782497668,
            "y": 0.5532015815515969
          },
          "19": {
            "x": 0.6932228293231303,
            "y": 0.5714421403650409
          },
          "20": {
            "x": 0.6543722161130596,
            "y": 0.5471214339372075
          },
          "21": {
            "x": 0.6449538584196741,
            "y": 0.4802394042829586
          },
          "22": {
            "x": 0.6143443306463447,
            "y": 0.46503894826927816
          }
        },
        "instrument_type": "Cautery (Hook, Spatula)"
      },
      {
        "is_tti": 1,
        "interaction_type": "Blunt dissection",
        "interaction_tool": "Cautery (Hook, Spatula)",
        "tti_polygon": {
          "0": {
            "x": 0.6425993139063856,
            "y": 0.4467983894558341
          },
          "1": {
            "x": 0.6002168839263822,
            "y": 0.44527836704852125
          },
          "2": {
            "x": 0.5719619006663414,
            "y": 0.50456016869593
          },
          "3": {
            "x": 0.5731391729229856,
            "y": 0.5699221179577281
          },
          "4": {
            "x": 0.6437765861630299,
            "y": 0.6702451044539637
          },
          "5": {
            "x": 0.707350276043093,
            "y": 0.6048831551921654
          },
          "6": {
            "x": 0.7108821826331413,
            "y": 0.5197606247096105
          },
          "7": {
            "x": 0.6849818337065048,
            "y": 0.49391983788932614
          }
        }
      }
    ],
    "11": [],
    "31": [],
    "132": [
      {
        "is_tti": 0,
        "non_interaction_tool": "Cautery (Hook, Spatula)",
        "tti_polygon": {
          "0": {
            "x": 0.5625435429729558,
            "y": 0.2643929462842381
          },
          "1": {
            "x": 0.5907985262329967,
            "y": 0.30543416012563385
          },
          "2": {
            "x": 0.6178762372363932,
            "y": 0.3631958813805918
          },
          "3": {
            "x": 0.6602586672163968,
            "y": 0.3844765429937996
          },
          "4": {
            "x": 0.7179458161730069,
            "y": 0.3631958813805918
          },
          "5": {
            "x": 0.7980015871064368,
            "y": 0.29175381349697327
          },
          "6": {
            "x": 1,
            "y": 0.10782823194778848
          },
          "7": {
            "x": 1,
            "y": 0.23399203425687728
          },
          "8": {
            "x": 0.7108821826331413,
            "y": 0.4619988454695145
          },
          "9": {
            "x": 0.6343582284696444,
            "y": 0.45439861746267424
          },
          "10": {
            "x": 0.603748700696315,
            "y": 0.4209576606206878
          },
          "11": {
            "x": 0.559011726203023,
            "y": 0.36927608698011916
          },
          "12": {
            "x": 0.5484160962529933,
            "y": 0.3267147927462726
          },
          "13": {
            "x": 0.5554798196129745,
            "y": 0.28567357890487693
          }
        }
      }
    ]
  }
}