{
  "labels": {
    "101": [
      {
        "is_tti": 0,
        "non_interaction_tool": "Grasper",
        "tti_polygon": {
          "0": {
            "x": 0.996094,
            "y": 0.324561
          },
          "1": {
            "x": 0.990234,
            "y": 0.335088
          },
          "2": {
            "x": 0.983398,
            "y": 0.338596
          },
          "3": {
            "x": 0.981445,
            "y": 0.342105
          },
          "4": {
            "x": 0.979492,
            "y": 0.342105
          },
          "5": {
            "x": 0.977539,
            "y": 0.347368
          },
          "6": {
            "x": 0.953125,
            "y": 0.366667
          },
          "7": {
            "x": 0.930664,
            "y": 0.389474
          },
          "8": {
            "x": 0.904297,
            "y": 0.424561
          },
          "9": {
            "x": 0.899414,
            "y": 0.426316
          },
          "10": {
            "x": 0.897461,
            "y": 0.429825
          },
          "11": {
            "x": 0.892578,
            "y": 0.433333
          },
          "12": {
            "x": 0.889648,
            "y": 0.433333
          },
          "13": {
            "x": 0.889648,
            "y": 0.438596
          },
          "14": {
            "x": 0.886719,
            "y": 0.44386
          },
          "15": {
            "x": 0.882812,
            "y": 0.445614
          },
          "16": {
            "x": 0.880859,
            "y": 0.450877
          },
          "17": {
            "x": 0.878906,
            "y": 0.450877
          },
          "18": {
            "x": 0.873047,
            "y": 0.45614
          },
          "19": {
            "x": 0.866211,
            "y": 0.457895
          },
          "20": {
            "x": 0.858398,
            "y": 0.466667
          },
          "21": {
            "x": 0.853516,
            "y": 0.468421
          },
          "22": {
            "x": 0.848633,
            "y": 0.473684
          },
          "23": {
            "x": 0.84668,
            "y": 0.473684
          },
          "24": {
            "x": 0.84082,
            "y": 0.482456
          },
          "25": {
            "x": 0.837891,
            "y": 0.482456
          },
          "26": {
            "x": 0.833984,
            "y": 0.487719
          },
          "27": {
            "x": 0.829102,
            "y": 0.489474
          },
          "28": {
            "x": 0.824219,
            "y": 0.494737
          },
          "29": {
            "x": 0.817383,
            "y": 0.496491
          },
          "30": {
            "x": 0.811523,
            "y": 0.507018
          },
          "31": {
            "x": 0.807617,
            "y": 0.510526
          },
          "32": {
            "x": 0.801758,
            "y": 0.512281
          },
          "33": {
            "x": 0.787109,
            "y": 0.524561
          },
          "34": {
            "x": 0.78125,
            "y": 0.538596
          },
          "35": {
            "x": 0.780273,
            "y": 0.557895
          },
          "36": {
            "x": 0.782227,
            "y": 0.563158
          },
          "37": {
            "x": 0.783203,
            "y": 0.578947
          },
          "38": {
            "x": 0.790039,
            "y": 0.591228
          },
          "39": {
            "x": 0.791992,
            "y": 0.591228
          },
          "40": {
            "x": 0.792969,
            "y": 0.592982
          },
          "41": {
            "x": 0.804688,
            "y": 0.592982
          },
          "42": {
            "x": 0.805664,
            "y": 0.591228
          },
          "43": {
            "x": 0.8125,
            "y": 0.591228
          },
          "44": {
            "x": 0.816406,
            "y": 0.587719
          },
          "45": {
            "x": 0.820312,
            "y": 0.587719
          },
          "46": {
            "x": 0.827148,
            "y": 0.582456
          },
          "47": {
            "x": 0.829102,
            "y": 0.582456
          },
          "48": {
            "x": 0.838867,
            "y": 0.573684
          },
          "49": {
            "x": 0.842773,
            "y": 0.573684
          },
          "50": {
            "x": 0.845703,
            "y": 0.570175
          },
          "51": {
            "x": 0.852539,
            "y": 0.568421
          },
          "52": {
            "x": 0.859375,
            "y": 0.563158
          },
          "53": {
            "x": 0.864258,
            "y": 0.563158
          },
          "54": {
            "x": 0.869141,
            "y": 0.557895
          },
          "55": {
            "x": 0.871094,
            "y": 0.557895
          },
          "56": {
            "x": 0.87793,
            "y": 0.552632
          },
          "57": {
            "x": 0.884766,
            "y": 0.550877
          },
          "58": {
            "x": 0.885742,
            "y": 0.549123
          },
          "59": {
            "x": 0.891602,
            "y": 0.549123
          },
          "60": {
            "x": 0.894531,
            "y": 0.545614
          },
          "61": {
            "x": 0.896484,
            "y": 0.545614
          },
          "62": {
            "x": 0.898438,
            "y": 0.542105
          },
          "63": {
            "x": 0.901367,
            "y": 0.542105
          },
          "64": {
            "x": 0.902344,
            "y": 0.540351
          },
          "65": {
            "x": 0.908203,
            "y": 0.540351
          },
          "66": {
            "x": 0.916016,
            "y": 0.533333
          },
          "67": {
            "x": 0.920898,
            "y": 0.531579
          },
          "68": {
            "x": 0.925781,
            "y": 0.524561
          },
          "69": {
            "x": 0.930664,
            "y": 0.522807
          },
          "70": {
            "x": 0.931641,
            "y": 0.521053
          },
          "71": {
            "x": 0.93457,
            "y": 0.521053
          },
          "72": {
            "x": 0.939453,
            "y": 0.515789
          },
          "73": {
            "x": 0.943359,
            "y": 0.515789
          },
          "74": {
            "x": 0.947266,
            "y": 0.510526
          },
          "75": {
            "x": 0.950195,
            "y": 0.510526
          },
          "76": {
            "x": 0.955078,
            "y": 0.505263
          },
          "77": {
            "x": 0.958008,
            "y": 0.505263
          },
          "78": {
            "x": 0.962891,
            "y": 0.5
          },
          "79": {
            "x": 0.967773,
            "y": 0.498246
          },
          "80": {
            "x": 0.970703,
            "y": 0.492982
          },
          "81": {
            "x": 0.975586,
            "y": 0.491228
          },
          "82": {
            "x": 0.984375,
            "y": 0.484211
          },
          "83": {
            "x": 0.987305,
            "y": 0.484211
          },
          "84": {
            "x": 0.994141,
            "y": 0.478947
          },
          "85": {
            "x": 0.999023,
            "y": 0.478947
          },
          "86": {
            "x": 0.999023,
            "y": 0.324561
          }
        }
      }
    ]
  }
}