{
  "labels": {
    "150": [
      {
        "instrument_polygon": {
          "0": {
            "x": 0.004883,
            "y": 0.260238
          },
          "1": {
            "x": 0.003906,
            "y": 0.261559
          },
          "2": {
            "x": 0,
            "y": 0.261559
          },
          "3": {
            "x": 0,
            "y": 0.401585
          },
          "4": {
            "x": 0.006836,
            "y": 0.401585
          },
          "5": {
            "x": 0.012695,
            "y": 0.405548
          },
          "6": {
            "x": 0.018555,
            "y": 0.406869
          },
          "7": {
            "x": 0.023438,
            "y": 0.412153
          },
          "8": {
            "x": 0.02832,
            "y": 0.413474
          },
          "9": {
            "x": 0.032227,
            "y": 0.417437
          },
          "10": {
            "x": 0.045898,
            "y": 0.417437
          },
          "11": {
            "x": 0.058594,
            "y": 0.424042
          },
          "12": {
            "x": 0.067383,
            "y": 0.424042
          },
          "13": {
            "x": 0.071289,
            "y": 0.426684
          },
          "14": {
            "x": 0.076172,
            "y": 0.426684
          },
          "15": {
            "x": 0.080078,
            "y": 0.429326
          },
          "16": {
            "x": 0.083984,
            "y": 0.429326
          },
          "17": {
            "x": 0.098633,
            "y": 0.43461
          },
          "18": {
            "x": 0.107422,
            "y": 0.433289
          },
          "19": {
            "x": 0.115234,
            "y": 0.424042
          },
          "20": {
            "x": 0.119141,
            "y": 0.413474
          },
          "21": {
            "x": 0.12207,
            "y": 0.402906
          },
          "22": {
            "x": 0.123047,
            "y": 0.389696
          },
          "23": {
            "x": 0.123047,
            "y": 0.373844
          },
          "24": {
            "x": 0.120117,
            "y": 0.351387
          },
          "25": {
            "x": 0.110352,
            "y": 0.330251
          },
          "26": {
            "x": 0.108398,
            "y": 0.322325
          },
          "27": {
            "x": 0.103516,
            "y": 0.31572
          },
          "28": {
            "x": 0.081055,
            "y": 0.299868
          },
          "29": {
            "x": 0.0625,
            "y": 0.293263
          },
          "30": {
            "x": 0.054688,
            "y": 0.293263
          },
          "31": {
            "x": 0.051758,
            "y": 0.290621
          },
          "32": {
            "x": 0.048828,
            "y": 0.290621
          },
          "33": {
            "x": 0.043945,
            "y": 0.281374
          },
          "34": {
            "x": 0.040039,
            "y": 0.282695
          },
          "35": {
            "x": 0.038086,
            "y": 0.280053
          },
          "36": {
            "x": 0.033203,
            "y": 0.280053
          },
          "37": {
            "x": 0.02832,
            "y": 0.268164
          },
          "38": {
            "x": 0.025391,
            "y": 0.270806
          },
          "39": {
            "x": 0.021484,
            "y": 0.264201
          },
          "40": {
            "x": 0.011719,
            "y": 0.264201
          },
          "41": {
            "x": 0.006836,
            "y": 0.260238
          }
        },
        "instrument_type": "Grasper"
      },
      {
        "is_tti": 1,
        "interaction_type": "Retract and grab",
        "interaction_tool": "Grasper",
        "tti_polygon": {
          "0": {
            "x": 0.03955625121014784,
            "y": 0.4498208450783232
          },
          "1": {
            "x": 0.03644912464544061,
            "y": 0.44105044911439256
          },
          "2": {
            "x": 0.033763303377642793,
            "y": 0.4317103334875958
          },
          "3": {
            "x": 0.03143802221970022,
            "y": 0.42230995905030344
          },
          "4": {
            "x": 0.029963453680517116,
            "y": 0.41267950551839216
          },
          "5": {
            "x": 0.026163603983391442,
            "y": 0.39992654998807964
          },
          "6": {
            "x": 0.026163603983391442,
            "y": 0.3861218043109371
          },
          "7": {
            "x": 0.027143949001199985,
            "y": 0.3759873680003365
          },
          "8": {
            "x": 0.027143949001199985,
            "y": 0.362237403060008
          },
          "9": {
            "x": 0.030769605162103485,
            "y": 0.35266720833859216
          },
          "10": {
            "x": 0.03369443616564797,
            "y": 0.3432668339012999
          },
          "11": {
            "x": 0.03898505845183789,
            "y": 0.33112194454962335
          },
          "12": {
            "x": 0.045223617656074105,
            "y": 0.31731172079879943
          },
          "13": {
            "x": 0.05042916868038806,
            "y": 0.30966980801323846
          },
          "14": {
            "x": 0.05546052616847988,
            "y": 0.30254831222741096
          },
          "15": {
            "x": 0.06153299386143445,
            "y": 0.2968456375250676
          },
          "16": {
            "x": 0.06841566404844568,
            "y": 0.293219152747977
          },
          "17": {
            "x": 0.07575204763212864,
            "y": 0.28866687351872883
          },
          "18": {
            "x": 0.08639810840403297,
            "y": 0.28809167578218114
          },
          "19": {
            "x": 0.09387627742417591,
            "y": 0.2875164780456336
          },
          "20": {
            "x": 0.10528797955296376,
            "y": 0.2875164780456336
          },
          "21": {
            "x": 0.11237725137595948,
            "y": 0.2875164780456336
          },
          "22": {
            "x": 0.12094514275060848,
            "y": 0.29644026007264357
          },
          "23": {
            "x": 0.12684341690734097,
            "y": 0.30327689602703795
          },
          "24": {
            "x": 0.13326427167273988,
            "y": 0.30833863610865686
          },
          "25": {
            "x": 0.1389761992558392,
            "y": 0.31655026855708407
          },
          "26": {
            "x": 0.14462736165188436,
            "y": 0.32251589079613496
          },
          "27": {
            "x": 0.14743471329379068,
            "y": 0.3312534183179771
          },
          "28": {
            "x": 0.1506390641577847,
            "y": 0.3419356619967183
          },
          "29": {
            "x": 0.15302105949031128,
            "y": 0.3548529597374731
          },
          "30": {
            "x": 0.15302105949031128,
            "y": 0.36472992658504766
          },
          "31": {
            "x": 0.15302105949031128,
            "y": 0.3748424506009227
          },
          "32": {
            "x": 0.1517490415746423,
            "y": 0.3849987992062489
          },
          "33": {
            "x": 0.14909562840660678,
            "y": 0.3939718838963916
          },
          "34": {
            "x": 0.1444855762154245,
            "y": 0.40469795216458404
          },
          "35": {
            "x": 0.14004161553552372,
            "y": 0.41290958461301125
          },
          "36": {
            "x": 0.134953543872848,
            "y": 0.4197462205674056
          },
          "37": {
            "x": 0.12428722803859221,
            "y": 0.4270649270057637
          },
          "38": {
            "x": 0.11947462522389571,
            "y": 0.43413712012845856
          },
          "39": {
            "x": 0.11379510574055858,
            "y": 0.4398014483150321
          },