{
  "labels": {
    "104": [
      {
        "is_tti": 0,
        "non_interaction_tool": "Dissector",
        "tti_polygon": {
          "0": {
            "x": 0.9830379287183383,
            "y": 0.5152493137069293
          },
          "1": {
            "x": 0.9708028205758777,
            "y": 0.5152493137069293
          },
          "2": {
            "x": 0.9450664915707151,
            "y": 0.5191984570238546
          },
          "3": {
            "x": 0.9332414765420436,
            "y": 0.5191984570238546
          },
          "4": {
            "x": 0.9236660014093988,
            "y": 0.5191984570238546
          },
          "5": {
            "x": 0.9148788606119987,
            "y": 0.5208353054398587
          },
          "6": {
            "x": 0.8928094807116866,
            "y": 0.5213480531364383
          },
          "7": {
            "x": 0.8840263214008283,
            "y": 0.5221023838823678
          },
          "8": {
            "x": 0.8742438089680182,
            "y": 0.5221023838823678
          },
          "9": {
            "x": 0.8640472219348774,
            "y": 0.5221023838823678
          },
          "10": {
            "x": 0.8538466534151951,
            "y": 0.5221023838823678
          },
          "11": {
            "x": 0.8444384007172991,
            "y": 0.5238082560267575
          },
          "12": {
            "x": 0.8345682955805729,
            "y": 0.5248337514199168
          },
          "13": {
            "x": 0.82647791492796,
            "y": 0.5253464991164963
          },
          "14": {
            "x": 0.8163131797871525,
            "y": 0.5266135775590055
          },
          "15": {
            "x": 0.8064430746504262,
            "y": 0.5295865281459045
          },
          "16": {
            "x": 0.7974090816874443,
            "y": 0.5306120235390636
          },
          "17": {
            "x": 0.7849191584063189,
            "y": 0.5306120235390636
          },
          "18": {
            "x": 0.7746827565077617,
            "y": 0.5318051479868737
          },
          "19": {
            "x": 0.7595650521091536,
            "y": 0.5318051479868737
          },
          "20": {
            "x": 0.7505708740115883,
            "y": 0.5318051479868737
          },
          "21": {
            "x": 0.7405773427920713,
            "y": 0.5318051479868737
          },
          "22": {
            "x": 0.7199691684525412,
            "y": 0.5318051479868737
          },
          "23": {
            "x": 0.7095575811461519,
            "y": 0.5318051479868737
          },
          "24": {
            "x": 0.698942938026139,
            "y": 0.5318051479868737
          },
          "25": {
            "x": 0.6894869074897433,
            "y": 0.5318051479868737
          },
          "26": {
            "x": 0.6804529145267617,
            "y": 0.5329982724346839
          },
          "27": {
            "x": 0.6701727162762465,
            "y": 0.5352168922756532
          },
          "28": {
            "x": 0.6607644635783505,
            "y": 0.5376031411712736
          },
          "29": {
            "x": 0.651849915211618,
            "y": 0.540679627350751
          },
          "30": {
            "x": 0.6436042565838809,
            "y": 0.5450231919727376
          },
          "31": {
            "x": 0.635147579169437,
            "y": 0.5487800549034456
          },
          "32": {
            "x": 0.6250704367325456,
            "y": 0.5546026994194119
          },
          "33": {
            "x": 0.6079142112246176,
            "y": 0.555628194812571
          },
          "34": {
            "x": 0.5952570655087434,
            "y": 0.5591089628297362
          },
          "35": {
            "x": 0.585430756723975,
            "y": 0.5633933642559636
          },
          "36": {
            "x": 0.5769780607960728,
            "y": 0.5661247317935125
          },
          "37": {
            "x": 0.569305736230332,
            "y": 0.5722481225545879
          },
          "38": {
            "x": 0.562234616132379,
            "y": 0.5789138426101225
          },
          "39": {
            "x": 0.5541521984528492,
            "y": 0.5835285718793386
          },
          "40": {
            "x": 0.5440272781774581,
            "y": 0.5910472280070681
          },
          "41": {
            "x": 0.535526804411056,
            "y": 0.5941237141865455
          },
          "42": {
            "x": 0.525190865348958,
            "y": 0.5987384434557618
          },
          "43": {
            "x": 0.5161568723859761,
            "y": 0.5997639388489209
          },
          "44": {
            "x": 0.5069556569882455,
            "y": 0.6024657247885902
          },
          "45": {
            "x": 0.4973363855036426,
            "y": 0.6057098400227187
          },
          "46": {
            "x": 0.48867267078903354,
            "y": 0.607760830809037
          },
          "47": {
            "x": 0.48025978972654754,
            "y": 0.6105661523412849
          },
          "48": {
            "x": 0.4693067202504952,
            "y": 0.6131298908241828
          },
          "49": {
            "x": 0.4602249494490138,
            "y": 0.6156640477092011
          },
          "50": {
            "x": 0.4462738206071062,
            "y": 0.6161767954057806
          },
          "51": {
            "x": 0.43769769859641317,
            "y": 0.6176854568976398
          },
          "52": {
            "x": 0.42841287198130806,
            "y": 0.6176854568976398
          },
          "53": {
            "x": 0.4191200823931197,
            "y": 0.6176854568976398
          },
          "54": {
            "x": 0.40721145614707366,
            "y": 0.6176854568976398
          },
          "55": {
            "x": 0.39754838831051276,
            "y": 0.6176854568976398
          },
          "56": {
            "x": 0.38784152412199374,
            "y": 0.6176854568976398
          },
          "57": {
            "x": 0.3782262341239325,
            "y": 0.6176854568976398
          },
          "58": {
            "x": 0.3689852038607855,
            "y": 0.6176854568976398
          },
          "59": {
            "x": 0.36007463698059455,
            "y": 0.6192236999873785
          },
          "60": {
            "x": 0.3519563859221901,
            "y": 0.6307161507635997
          },
          "61": {
            "x": 0.349866105487829,
            "y": 0.6414838523917707
          },
          "62": {
            "x": 0.34903397480062615,
            "y": 0.6523748106777737
          },
          "63": {
            "x": 0.35069027320194845,
            "y": 0.6630143253817998
          },
          "64": {
            "x": 0.35887620953156085,
            "y": 0.6703752129875048
          },
          "65": {
            "x": 0.3670263124822985,
            "y": 0.6745659393537801
          },
          "66": {
            "x": 0.3756183604391582,
            "y": 0.6778840085826076
          },
          "67": {
            "x": 0.3870054119482493,
            "y": 0.6817789189700871
          },
          "68": {
            "x": 0.3976678329067619,
            "y": 0.6885580351508268
          },
          "69": {
            "x": 0.40729108587790647,
            "y": 0.691092192035845
          },
          "70": {
            "x": 0.4168824869567178,
            "y": 0.6947504496402879
          },
          "71": {
            "x": 0.42564573883486806,
            "y": 0.6955047803862173
          },
          "72": {
            "x": 0.4364514933088797,
            "y": 0.6974768869115234
          },
          "73": {
            "x": 0.44542974546027847,
            "y": 0.6982312176574531
          },
          "74": {
            "x": 0.4540217934171383,
            "y": 0.6994982960999622
          },
          "75": {
            "x": 0.4630279159743284,