{
  "labels": {
    "0": [
      {
        "is_tti": 0,
        "non_interaction_tool": "Cautery (Hook, Spatula)",
        "tti_polygon": {
          "0": {
            "x": 0.907227,
            "y": 0
          },
          "1": {
            "x": 0.90918,
            "y": 0.00316
          },
          "2": {
            "x": 0.908203,
            "y": 0.009479
          },
          "3": {
            "x": 0.905273,
            "y": 0.007899
          },
          "4": {
            "x": 0.905273,
            "y": 0.00316
          },
          "5": {
            "x": 0.90332,
            "y": 0.00316
          },
          "6": {
            "x": 0.900391,
            "y": 0.006319
          },
          "7": {
            "x": 0.895508,
            "y": 0.004739
          },
          "8": {
            "x": 0.896484,
            "y": 0.009479
          },
          "9": {
            "x": 0.892578,
            "y": 0.014218
          },
          "10": {
            "x": 0.890625,
            "y": 0.011058
          },
          "11": {
            "x": 0.884766,
            "y": 0.011058
          },
          "12": {
            "x": 0.885742,
            "y": 0.017378
          },
          "13": {
            "x": 0.878906,
            "y": 0.025276
          },
          "14": {
            "x": 0.878906,
            "y": 0.028436
          },
          "15": {
            "x": 0.875,
            "y": 0.034755
          },
          "16": {
            "x": 0.869141,
            "y": 0.037915
          },
          "17": {
            "x": 0.863281,
            "y": 0.030016
          },
          "18": {
            "x": 0.854492,
            "y": 0.025276
          },
          "19": {
            "x": 0.849609,
            "y": 0.017378
          },
          "20": {
            "x": 0.849609,
            "y": 0.014218
          },
          "21": {
            "x": 0.841797,
            "y": 0.015798
          },
          "22": {
            "x": 0.839844,
            "y": 0.018957
          },
          "23": {
            "x": 0.835938,
            "y": 0.020537
          },
          "24": {
            "x": 0.835938,
            "y": 0.037915
          },
          "25": {
            "x": 0.837891,
            "y": 0.045814
          },
          "26": {
            "x": 0.845703,
            "y": 0.063191
          },
          "27": {
            "x": 0.860352,
            "y": 0.083728
          },
          "28": {
            "x": 0.861328,
            "y": 0.090047
          },
          "29": {
            "x": 0.857422,
            "y": 0.093207
          },
          "30": {
            "x": 0.854492,
            "y": 0.099526
          },
          "31": {
            "x": 0.844727,
            "y": 0.109005
          },
          "32": {
            "x": 0.830078,
            "y": 0.131122
          },
          "33": {
            "x": 0.826172,
            "y": 0.134281
          },
          "34": {
            "x": 0.813477,
            "y": 0.153239
          },
          "35": {
            "x": 0.808594,
            "y": 0.164297
          },
          "36": {
            "x": 0.805664,
            "y": 0.165877
          },
          "37": {
            "x": 0.796875,
            "y": 0.181675
          },
          "38": {
            "x": 0.794922,
            "y": 0.187994
          },
          "39": {
            "x": 0.78125,
            "y": 0.208531
          },
          "40": {
            "x": 0.77832,
            "y": 0.219589
          },
          "41": {
            "x": 0.772461,
            "y": 0.227488
          },
          "42": {
            "x": 0.770508,
            "y": 0.235387
          },
          "43": {
            "x": 0.766602,
            "y": 0.240126
          },
          "44": {
            "x": 0.762695,
            "y": 0.252765
          },
          "45": {
            "x": 0.760742,
            "y": 0.28278
          },
          "46": {
            "x": 0.751953,
            "y": 0.296998
          },
          "47": {
            "x": 0.75,
            "y": 0.309637
          },
          "48": {
            "x": 0.744141,
            "y": 0.319115
          },
          "49": {
            "x": 0.742188,
            "y": 0.319115
          },
          "50": {
            "x": 0.732422,
            "y": 0.331754
          },
          "51": {
            "x": 0.729492,
            "y": 0.333333
          },
          "52": {
            "x": 0.728516,
            "y": 0.336493
          },
          "53": {
            "x": 0.726562,
            "y": 0.338073
          },
          "54": {
            "x": 0.722656,
            "y": 0.338073
          },
          "55": {
            "x": 0.712891,
            "y": 0.330174
          },
          "56": {
            "x": 0.708984,
            "y": 0.319115
          },
          "57": {
            "x": 0.708984,
            "y": 0.314376
          },
          "58": {
            "x": 0.704102,
            "y": 0.308057
          },
          "59": {
            "x": 0.702148,
            "y": 0.293839
          },
          "60": {
            "x": 0.696289,
            "y": 0.2891
          },
          "61": {
            "x": 0.692383,
            "y": 0.28278
          },
          "62": {
            "x": 0.689453,
            "y": 0.28278
          },
          "63": {
            "x": 0.688477,
            "y": 0.281201
          },
          "64": {
            "x": 0.677734,
            "y": 0.281201
          },
          "65": {
            "x": 0.675781,
            "y": 0.28436
          },
          "66": {
            "x": 0.675781,
            "y": 0.323855
          },
          "67": {
            "x": 0.676758,
            "y": 0.328594
          },
          "68": {
            "x": 0.680664,
            "y": 0.333333
          },
          "69": {
            "x": 0.680664,
            "y": 0.338073
          },
          "70": {
            "x": 0.685547,
            "y": 0.349131
          },
          "71": {
            "x": 0.685547,
            "y": 0.35545
          },
          "72": {
            "x": 0.688477,
            "y": 0.366509
          },
          "73": {
            "x": 0.693359,
            "y": 0.368088
          },
          "74": {
            "x": 0.699219,
            "y": 0.375987
          },
          "75": {
            "x": 0.701172,
            "y": 0.375987
          },
          "76": {
            "x": 0.712891,
            "y": 0.385466
          },
          "77": {
            "x": 0.737305,
            "y": 0.385466
          },
          "78": {
            "x": 0.739258,
            "y": 0.382306
          },
          "79": {
            "x": 0.744141,
            "y": 0.380727
          },
          "80": {
            "x": 0.74707,
            "y": 0.375987
          },
          "81": {
            "x": 0.750977,
            "y": 0.374408
          },
          "82": {
            "x": 0.762695,
            "y": 0.352291
          },
          "83": {
            "x": 0.769531,
            "y": 0.344392
          },
          "84": {
            "x": 0.770508,
            "y": 0.338073
          },
          "85": {
            "x": 0.776367,
            "y": 0.330174
          },
          "86": {
            "x": 0.776367,
            "y": 0.325434
          },
          "87": {
            "x": 0.780273,
            "y": 0.320695
          },
          "88": {
            "x": 0.782227,
            "y": 0.312796
          },
          "89": {
            "x": 0.791016,
            "y": 0.298578
          },
          "90": {
            "x": 0.794922,
            "y": 0.274882
          },
          "91": {
            "x": 0.802734,
            "y": 0.266983
          },
          "92": {
            "x": 0.801758,
            "y": 0.260664
          },
          "93": {
            "x": 0.804688,
            "y": 0.255924
          },