{
  "labels": {
    "95": [
      {
        "is_tti": 0,
        "non_interaction_tool": "Cautery (Hook, Spatula)",
        "instrument_polygon": {
          "0": {
            "x": 0.985352,
            "y": 0.086022
          },
          "1": {
            "x": 0.979492,
            "y": 0.096774
          },
          "2": {
            "x": 0.969727,
            "y": 0.106183
          },
          "3": {
            "x": 0.96875,
            "y": 0.110215
          },
          "4": {
            "x": 0.953125,
            "y": 0.133065
          },
          "5": {
            "x": 0.952148,
            "y": 0.137097
          },
          "6": {
            "x": 0.945312,
            "y": 0.145161
          },
          "7": {
            "x": 0.933594,
            "y": 0.169355
          },
          "8": {
            "x": 0.927734,
            "y": 0.176075
          },
          "9": {
            "x": 0.925781,
            "y": 0.182796
          },
          "10": {
            "x": 0.910156,
            "y": 0.206989
          },
          "11": {
            "x": 0.90625,
            "y": 0.216398
          },
          "12": {
            "x": 0.898438,
            "y": 0.227151
          },
          "13": {
            "x": 0.892578,
            "y": 0.239247
          },
          "14": {
            "x": 0.879883,
            "y": 0.254032
          },
          "15": {
            "x": 0.875977,
            "y": 0.263441
          },
          "16": {
            "x": 0.864258,
            "y": 0.280914
          },
          "17": {
            "x": 0.861328,
            "y": 0.282258
          },
          "18": {
            "x": 0.853516,
            "y": 0.294355
          },
          "19": {
            "x": 0.847656,
            "y": 0.299731
          },
          "20": {
            "x": 0.839844,
            "y": 0.311828
          },
          "21": {
            "x": 0.833008,
            "y": 0.317204
          },
          "22": {
            "x": 0.817383,
            "y": 0.33871
          },
          "23": {
            "x": 0.814453,
            "y": 0.340054
          },
          "24": {
            "x": 0.798828,
            "y": 0.358871
          },
          "25": {
            "x": 0.78125,
            "y": 0.357527
          },
          "26": {
            "x": 0.776367,
            "y": 0.353495
          },
          "27": {
            "x": 0.767578,
            "y": 0.352151
          },
          "28": {
            "x": 0.762695,
            "y": 0.346774
          },
          "29": {
            "x": 0.759766,
            "y": 0.348118
          },
          "30": {
            "x": 0.750977,
            "y": 0.34543
          },
          "31": {
            "x": 0.738281,
            "y": 0.362903
          },
          "32": {
            "x": 0.738281,
            "y": 0.369624
          },
          "33": {
            "x": 0.742188,
            "y": 0.376344
          },
          "34": {
            "x": 0.748047,
            "y": 0.377688
          },
          "35": {
            "x": 0.751953,
            "y": 0.38172
          },
          "36": {
            "x": 0.755859,
            "y": 0.38172
          },
          "37": {
            "x": 0.758789,
            "y": 0.384409
          },
          "38": {
            "x": 0.769531,
            "y": 0.385753
          },
          "39": {
            "x": 0.791016,
            "y": 0.393817
          },
          "40": {
            "x": 0.791992,
            "y": 0.392473
          },
          "41": {
            "x": 0.795898,
            "y": 0.393817
          },
          "42": {
            "x": 0.807617,
            "y": 0.393817
          },
          "43": {
            "x": 0.810547,
            "y": 0.392473
          },
          "44": {
            "x": 0.811523,
            "y": 0.393817
          },
          "45": {
            "x": 0.818359,
            "y": 0.393817
          },
          "46": {
            "x": 0.819336,
            "y": 0.392473
          },
          "47": {
            "x": 0.827148,
            "y": 0.392473
          },
          "48": {
            "x": 0.830078,
            "y": 0.393817
          },
          "49": {
            "x": 0.844727,
            "y": 0.385753
          },
          "50": {
            "x": 0.855469,
            "y": 0.376344
          },
          "51": {
            "x": 0.867188,
            "y": 0.36828
          },
          "52": {
            "x": 0.874023,
            "y": 0.365591
          },
          "53": {
            "x": 0.886719,
            "y": 0.356183
          },
          "54": {
            "x": 0.929688,
            "y": 0.334677
          },
          "55": {
            "x": 0.948242,
            "y": 0.322581
          },
          "56": {
            "x": 0.955078,
            "y": 0.319892
          },
          "57": {
            "x": 0.964844,
            "y": 0.311828
          },
          "58": {
            "x": 0.970703,
            "y": 0.30914
          },
          "59": {
            "x": 0.985352,
            "y": 0.295699
          },
          "60": {
            "x": 0.990234,
            "y": 0.288978
          },
          "61": {
            "x": 0.992188,
            "y": 0.288978
          },
          "62": {
            "x": 0.995117,
            "y": 0.276882
          },
          "63": {
            "x": 0.995117,
            "y": 0.103495
          },
          "64": {
            "x": 0.991211,
            "y": 0.092742
          },
          "65": {
            "x": 0.986328,
            "y": 0.086022
          }
        }
      }
    ],
    "206": [],
    "207": [],
    "208": [],
    "209": [],
    "210": [],
    "211": [],
    "212": [],
    "213": [],
    "214": [],
    "215": [],
    "216": [],
    "217": [],
    "218": [],
    "219": [],
    "220": [],
    "221": [],
    "222": [],
    "223": [],
    "224": [],
    "225": [],
    "226": [],
    "227": [],
    "228": [],
    "229": [],
    "230": [],
    "231": [],
    "232": [],
    "233": [],
    "234": [],
    "235": [],
    "236": [],
    "237": [],
    "238": [],
    "239": [],
    "240": [],
    "241": [],
    "242": [],
    "243": [],
    "244": [],
    "245": [],
    "246": [],
    "247": [],
    "248": [],
    "249": [],
    "250": [],
    "251": [],
    "252": [],
    "253": [],
    "254": [],
    "255": [],
    "256": [],
    "257": [],
    "258": [],
    "259": [],
    "260": [],
    "261": [],
    "262": [],
    "263": [],
    "264": [],
    "265": [],
    "266": [],
    "267": [],
    "268": [],
    "269": [],
    "270": [],
    "271": [],
    "272": [],
    "273": [],
    "274": [],
    "275": [],
    "276": [],
    "277": [],
    "278": [],
    "279": [],
    "280": [],
    "281": [],
    "282": [],
    "283": [],
    "284": [],
    "285": [],
    "286": [],
    "287": [],
    "288": [],
    "289": [],
    "290": [],
    "291": [],
    "292": [],
    "293": [],
    "294": [],
    "295": [],
    "296": [],
    "297": [],
    "298": [],
    "299": []
  }
}