{
  "labels": {
    "0": [
      {
        "is_tti": 0,
        "non_interaction_tool": "Cautery (Hook, Spatula)",
        "tti_polygon": {
          "0": {
            "x": 0.4709823840916459,
            "y": 0.5910761548830448
          },
          "1": {
            "x": 0.5290176159083539,
            "y": 0.5942200623910827
          },
          "2": {
            "x": 0.539569503073433,
            "y": 0.5627806574979061
          },
          "3": {
            "x": 0.5307763129662761,
            "y": 0.48103813881308766
          },
          "4": {
            "x": 0.5290176159083539,
            "y": 0.45431459518196804
          },
          "5": {
            "x": 0.6855369311441643,
            "y": 0.16664379304980478
          },
          "6": {
            "x": 0.7382962193783329,
            "y": 0.11791263301218184
          },
          "7": {
            "x": 0.7866589125589231,
            "y": 0
          },
          "8": {
            "x": 1,
            "y": 0.004730676452907147
          },
          "9": {
            "x": 0.9959375160289017,
            "y": 0.08647319513772558
          },
          "10": {
            "x": 0.8517287850160927,
            "y": 0.26724995467052914
          },
          "11": {
            "x": 0.7629172402331085,
            "y": 0.39457969290365286
          },
          "12": {
            "x": 0.6732264945123898,
            "y": 0.4999017817489935
          },
          "13": {
            "x": 0.6134325656377597,
            "y": 0.5800723466797931
          },
          "14": {
            "x": 0.5852942244627534,
            "y": 0.5942200623910827
          },
          "15": {
            "x": 0.5510006649718596,
            "y": 0.5942200623910827
          },
          "16": {
            "x": 0.5281383411750064,
            "y": 0.6177996325516049
          },
          "17": {
            "x": 0.49824137673769126,
            "y": 0.6209436060222023
          },
          "18": {
            "x": 0.46658578903806736,
            "y": 0.6193716522681834
          },
          "19": {
            "x": 0.45075803208606224,
            "y": 0.595792082107661
          }
        }
      }
    ],
    "27": [
      {
        "instrument_polygon": {
          "0": {
            "x": 0.39931769284972185,
            "y": 0.6853944355251338
          },
          "1": {
            "x": 0.40723160822353116,
            "y": 0.7121179791562534
          },
          "2": {
            "x": 0.4362492241318851,
            "y": 0.708974005685656
          },
          "3": {
            "x": 0.44064581918546364,
            "y": 0.6979701974824044
          },
          "4": {
            "x": 0.477577350467627,
            "y": 0.7011141709530018
          },
          "5": {
            "x": 0.7105976262634205,
            "y": 0.3820038649838228
          },
          "6": {
            "x": 0.9743940674342632,
            "y": 0
          },
          "7": {
            "x": 0.7422531401674308,
            "y": 0
          },
          "8": {
            "x": 0.5496817159740317,
            "y": 0.3254129031948253
          },
          "9": {
            "x": 0.45471495287516017,
            "y": 0.5030456892570315
          },
          "10": {
            "x": 0.40635225969457006,
            "y": 0.6083678440649316
          },
          "11": {
            "x": 0.40195566464099153,
            "y": 0.6555270503485356
          }
        },
        "instrument_type": "Cautery (Hook, Spatula)"
      },
      {
        "is_tti": 1,
        "interaction_type": "Other",
        "interaction_tool": "Cautery (Hook, Spatula)",
        "tti_polygon": {
          "0": {
            "x": 0.3914037774759125,
            "y": 0.6413792027121271
          },
          "1": {
            "x": 0.3799726155774858,
            "y": 0.6791066205090579
          },
          "2": {
            "x": 0.3834899358977166,
            "y": 0.7168339063808697
          },
          "3": {
            "x": 0.39492109779614337,
            "y": 0.7687089739265307
          },
          "4": {
            "x": 0.40899023148583985,
            "y": 0.7215497676429266
          },
          "5": {
            "x": 0.405472911165609,
            "y": 0.6932542702577881
          }
        }
      },
      {}
    ],
    "49": [
      {
        "instrument_polygon": {
          "0": {
            "x": 0.3474376793489009,
            "y": 0.6891278504268886
          },
          "1": {
            "x": 0.3447997813532445,
            "y": 0.7294096683381404
          },
          "2": {
            "x": 0.36854145367905905,
            "y": 0.7278377145841214
          },
          "3": {
            "x": 0.3826105873687556,
            "y": 0.7152618866642914
          },
          "4": {
            "x": 0.40459363643226137,
            "y": 0.7215497676429266
          },
          "5": {
            "x": 0.625303401800667,
            "y": 0.4055834351443451
          },
          "6": {
            "x": 0.8855826702425058,
            "y": 0
          },
          "7": {
            "x": 0.6305792715875931,
            "y": 0
          },
          "8": {
            "x": 0.4749393786763572,
            "y": 0.35528042029654233
          },
          "9": {
            "x": 0.38964515421360374,
            "y": 0.4967578742409557
          },
          "10": {
            "x": 0.3659034818877893,
            "y": 0.565924565005944
          },
          "11": {
            "x": 0.3456791298822056,
            "y": 0.5989360555782585
          },
          "12": {
            "x": 0.34249152836252855,
            "y": 0.6419687101058441
          }
        },
        "instrument_type": "Cautery (Hook, Spatula)"
      },
      {
        "is_tti": 1,
        "interaction_type": "Other",
        "interaction_tool": "Cautery (Hook, Spatula)",
        "tti_polygon": {
          "0": {
            "x": 0.338644489241744,
            "y": 0.6822505280170958
          },
          "1": {
            "x": 0.3034716550175027,
            "y": 0.6995422171989828
          },
          "2": {
            "x": 0.30698890154212016,
            "y": 0.7388414568248136
          },
          "3": {
            "x": 0.35359297146040153,
            "y": 0.74355738404943
          },
          "4": {
            "x": 0.35886891504294105,
            "y": 0.7199778138889076
          },
          "5": {
            "x": 0.3553515947227102,
            "y": 0.6885384089957312
          }
        }
      },
      {}
    ],
    "84": [
      {
        "instrument_polygon": {
          "0": {
            "x": 0.36326551009651953,
            "y": 0.5674965847225224
          },
          "1": {
            "x": 0.39667972105845206,
            "y": 0.5690685384765414
          },
          "2": {
            "x": 0.41602479833068806,
            "y": 0.5470609220700381
          },
          "3": {
            "x": 0.4520769810838904,
            "y": 0.5454889683160191
          },
          "4": {
            "x": 0.8451338186401116,
            "y": 0
          },
          "5": {
            "x": 0.5663888214549978,
            "y": 0.01573446816551893
          },
          "6": {
            "x": 0.36942072841240675,
            "y": 0.40401148139032617
          },
          "7": {
            "x": 0.3623861615675585,
            "y": 0.46217442991462226
          },
          "8": {
            "x": 0.3720587002036765,
            "y": 0.5156215171768616
          },
          "9": {
            "x": 0.37909326704852475,
            "y": 0.536057179829346
          },
          "10": {
            "x": 0.36414485862548057,
            "y": 0.5392010873373839
          }
        },
        "instrument_type": "Cautery (Hook, Spatula)"
      },
      {
        "is_tti": 1,
        "interaction_type": "Energy - sharp dissection",
        "interaction_tool": "Cautery (Hook, Spatula)",