{
  "labels": {
    "154": [
      {
        "is_tti": 0,
        "non_interaction_tool": "Cautery (Hook, Spatula)",
        "instrument_polygon": {
          "0": {
            "x": 0.577148,
            "y": 0
          },
          "1": {
            "x": 0.571289,
            "y": 0.017964
          },
          "2": {
            "x": 0.5,
            "y": 0.127246
          },
          "3": {
            "x": 0.499023,
            "y": 0.131737
          },
          "4": {
            "x": 0.475586,
            "y": 0.164671
          },
          "5": {
            "x": 0.461914,
            "y": 0.187126
          },
          "6": {
            "x": 0.454102,
            "y": 0.196108
          },
          "7": {
            "x": 0.442383,
            "y": 0.215569
          },
          "8": {
            "x": 0.433594,
            "y": 0.226048
          },
          "9": {
            "x": 0.430664,
            "y": 0.227545
          },
          "10": {
            "x": 0.417969,
            "y": 0.248503
          },
          "11": {
            "x": 0.412109,
            "y": 0.254491
          },
          "12": {
            "x": 0.387695,
            "y": 0.296407
          },
          "13": {
            "x": 0.375977,
            "y": 0.312874
          },
          "14": {
            "x": 0.366211,
            "y": 0.333832
          },
          "15": {
            "x": 0.355469,
            "y": 0.350299
          },
          "16": {
            "x": 0.347656,
            "y": 0.375749
          },
          "17": {
            "x": 0.333008,
            "y": 0.402695
          },
          "18": {
            "x": 0.332031,
            "y": 0.408683
          },
          "19": {
            "x": 0.327148,
            "y": 0.419162
          },
          "20": {
            "x": 0.321289,
            "y": 0.45509
          },
          "21": {
            "x": 0.316406,
            "y": 0.461078
          },
          "22": {
            "x": 0.302734,
            "y": 0.459581
          },
          "23": {
            "x": 0.300781,
            "y": 0.462575
          },
          "24": {
            "x": 0.299805,
            "y": 0.473054
          },
          "25": {
            "x": 0.303711,
            "y": 0.480539
          },
          "26": {
            "x": 0.311523,
            "y": 0.489521
          },
          "27": {
            "x": 0.319336,
            "y": 0.495509
          },
          "28": {
            "x": 0.327148,
            "y": 0.505988
          },
          "29": {
            "x": 0.344727,
            "y": 0.516467
          },
          "30": {
            "x": 0.360352,
            "y": 0.507485
          },
          "31": {
            "x": 0.367188,
            "y": 0.492515
          },
          "32": {
            "x": 0.370117,
            "y": 0.489521
          },
          "33": {
            "x": 0.37207,
            "y": 0.489521
          },
          "34": {
            "x": 0.381836,
            "y": 0.477545
          },
          "35": {
            "x": 0.396484,
            "y": 0.453593
          },
          "36": {
            "x": 0.401367,
            "y": 0.449102
          },
          "37": {
            "x": 0.407227,
            "y": 0.437126
          },
          "38": {
            "x": 0.414062,
            "y": 0.435629
          },
          "39": {
            "x": 0.420898,
            "y": 0.429641
          },
          "40": {
            "x": 0.423828,
            "y": 0.423653
          },
          "41": {
            "x": 0.433594,
            "y": 0.419162
          },
          "42": {
            "x": 0.44043,
            "y": 0.405689
          },
          "43": {
            "x": 0.452148,
            "y": 0.39521
          },
          "44": {
            "x": 0.466797,
            "y": 0.378743
          },
          "45": {
            "x": 0.486328,
            "y": 0.362275
          },
          "46": {
            "x": 0.494141,
            "y": 0.353293
          },
          "47": {
            "x": 0.505859,
            "y": 0.335329
          },
          "48": {
            "x": 0.508789,
            "y": 0.333832
          },
          "49": {
            "x": 0.511719,
            "y": 0.329341
          },
          "50": {
            "x": 0.517578,
            "y": 0.326347
          },
          "51": {
            "x": 0.521484,
            "y": 0.320359
          },
          "52": {
            "x": 0.524414,
            "y": 0.318862
          },
          "53": {
            "x": 0.564453,
            "y": 0.26497
          },
          "54": {
            "x": 0.571289,
            "y": 0.258982
          },
          "55": {
            "x": 0.576172,
            "y": 0.25
          },
          "56": {
            "x": 0.584961,
            "y": 0.241018
          },
          "57": {
            "x": 0.606445,
            "y": 0.212575
          },
          "58": {
            "x": 0.609375,
            "y": 0.211078
          },
          "59": {
            "x": 0.626953,
            "y": 0.187126
          },
          "60": {
            "x": 0.628906,
            "y": 0.187126
          },
          "61": {
            "x": 0.635742,
            "y": 0.181138
          },
          "62": {
            "x": 0.642578,
            "y": 0.172156
          },
          "63": {
            "x": 0.649414,
            "y": 0.169162
          },
          "64": {
            "x": 0.658203,
            "y": 0.155689
          },
          "65": {
            "x": 0.667969,
            "y": 0.148204
          },
          "66": {
            "x": 0.669922,
            "y": 0.148204
          },
          "67": {
            "x": 0.674805,
            "y": 0.140719
          },
          "68": {
            "x": 0.68457,
            "y": 0.139222
          },
          "69": {
            "x": 0.69043,
            "y": 0.124251
          },
          "70": {
            "x": 0.693359,
            "y": 0.122754
          },
          "71": {
            "x": 0.703125,
            "y": 0.109281
          },
          "72": {
            "x": 0.711914,
            "y": 0.101796
          },
          "73": {
            "x": 0.716797,
            "y": 0.094311
          },
          "74": {
            "x": 0.726562,
            "y": 0.085329
          },
          "75": {
            "x": 0.75293,
            "y": 0.053892
          },
          "76": {
            "x": 0.755859,
            "y": 0.052395
          },
          "77": {
            "x": 0.771484,
            "y": 0.032934
          },
          "78": {
            "x": 0.78125,
            "y": 0.023952
          },
          "79": {
            "x": 0.786133,
            "y": 0.016467
          },
          "80": {
            "x": 0.793945,
            "y": 0.008982
          },
          "81": {
            "x": 0.798828,
            "y": 0
          }
        }
      }
    ],
    "299": [
      {
        "instrument_polygon": {
          "0": {
            "x": 0.350586,
            "y": 0
          },
          "1": {
            "x": 0.321289,
            "y": 0.115269
          },
          "2": {
            "x": 0.314453,
            "y": 0.148204
          },
          "3": {
            "x": 0.311523,
            "y": 0.170659
          },
          "4": {
            "x": 0.304688,
            "y": 0.196108
          },
          "5": {
            "x": 0.303711,
            "y": 0.20509
          },
          "6": {
            "x": 0.296875,
            "y": 0.227545
          },
          "7": {
            "x": 0.296875,
            "y": 0.233533
          },
          "8": {
            "x": 0.292969,
            "y": 0.244012
          },
          "9": {
            "x": 0.292969,
            "y": 0.248503
          },
          "10": {
            "x": 0.282227,
            "y": 0.278443
          },