{
  "labels": {
    "11": [
      {
        "is_tti": 0,
        "non_interaction_tool": "Dissector",
        "instrument_polygon": {
          "0": {
            "x": 0.498047,
            "y": 0
          },
          "1": {
            "x": 0.493164,
            "y": 0.012
          },
          "2": {
            "x": 0.485352,
            "y": 0.025333
          },
          "3": {
            "x": 0.481445,
            "y": 0.036
          },
          "4": {
            "x": 0.481445,
            "y": 0.041333
          },
          "5": {
            "x": 0.477539,
            "y": 0.048
          },
          "6": {
            "x": 0.477539,
            "y": 0.052
          },
          "7": {
            "x": 0.47168,
            "y": 0.068
          },
          "8": {
            "x": 0.467773,
            "y": 0.072
          },
          "9": {
            "x": 0.458984,
            "y": 0.094667
          },
          "10": {
            "x": 0.451172,
            "y": 0.106667
          },
          "11": {
            "x": 0.451172,
            "y": 0.110667
          },
          "12": {
            "x": 0.443359,
            "y": 0.129333
          },
          "13": {
            "x": 0.441406,
            "y": 0.14
          },
          "14": {
            "x": 0.429688,
            "y": 0.165333
          },
          "15": {
            "x": 0.428711,
            "y": 0.170667
          },
          "16": {
            "x": 0.419922,
            "y": 0.185333
          },
          "17": {
            "x": 0.416992,
            "y": 0.198667
          },
          "18": {
            "x": 0.412109,
            "y": 0.208
          },
          "19": {
            "x": 0.412109,
            "y": 0.213333
          },
          "20": {
            "x": 0.407227,
            "y": 0.218667
          },
          "21": {
            "x": 0.405273,
            "y": 0.228
          },
          "22": {
            "x": 0.402344,
            "y": 0.230667
          },
          "23": {
            "x": 0.400391,
            "y": 0.237333
          },
          "24": {
            "x": 0.398438,
            "y": 0.24
          },
          "25": {
            "x": 0.396484,
            "y": 0.24
          },
          "26": {
            "x": 0.397461,
            "y": 0.244
          },
          "27": {
            "x": 0.392578,
            "y": 0.249333
          },
          "28": {
            "x": 0.390625,
            "y": 0.249333
          },
          "29": {
            "x": 0.388672,
            "y": 0.246667
          },
          "30": {
            "x": 0.387695,
            "y": 0.248
          },
          "31": {
            "x": 0.389648,
            "y": 0.249333
          },
          "32": {
            "x": 0.389648,
            "y": 0.252
          },
          "33": {
            "x": 0.379883,
            "y": 0.262667
          },
          "34": {
            "x": 0.381836,
            "y": 0.266667
          },
          "35": {
            "x": 0.378906,
            "y": 0.269333
          },
          "36": {
            "x": 0.379883,
            "y": 0.274667
          },
          "37": {
            "x": 0.37793,
            "y": 0.278667
          },
          "38": {
            "x": 0.375977,
            "y": 0.28
          },
          "39": {
            "x": 0.375,
            "y": 0.277333
          },
          "40": {
            "x": 0.373047,
            "y": 0.276
          },
          "41": {
            "x": 0.37207,
            "y": 0.277333
          },
          "42": {
            "x": 0.374023,
            "y": 0.282667
          },
          "43": {
            "x": 0.371094,
            "y": 0.289333
          },
          "44": {
            "x": 0.370117,
            "y": 0.298667
          },
          "45": {
            "x": 0.366211,
            "y": 0.306667
          },
          "46": {
            "x": 0.356445,
            "y": 0.32
          },
          "47": {
            "x": 0.354492,
            "y": 0.332
          },
          "48": {
            "x": 0.355469,
            "y": 0.361333
          },
          "49": {
            "x": 0.353516,
            "y": 0.365333
          },
          "50": {
            "x": 0.347656,
            "y": 0.364
          },
          "51": {
            "x": 0.341797,
            "y": 0.372
          },
          "52": {
            "x": 0.341797,
            "y": 0.376
          },
          "53": {
            "x": 0.336914,
            "y": 0.382667
          },
          "54": {
            "x": 0.334961,
            "y": 0.388
          },
          "55": {
            "x": 0.335938,
            "y": 0.392
          },
          "56": {
            "x": 0.333008,
            "y": 0.396
          },
          "57": {
            "x": 0.331055,
            "y": 0.405333
          },
          "58": {
            "x": 0.321289,
            "y": 0.430667
          },
          "59": {
            "x": 0.323242,
            "y": 0.441333
          },
          "60": {
            "x": 0.320312,
            "y": 0.449333
          },
          "61": {
            "x": 0.321289,
            "y": 0.456
          },
          "62": {
            "x": 0.316406,
            "y": 0.466667
          },
          "63": {
            "x": 0.318359,
            "y": 0.470667
          },
          "64": {
            "x": 0.314453,
            "y": 0.477333
          },
          "65": {
            "x": 0.314453,
            "y": 0.490667
          },
          "66": {
            "x": 0.311523,
            "y": 0.512
          },
          "67": {
            "x": 0.304688,
            "y": 0.54
          },
          "68": {
            "x": 0.306641,
            "y": 0.554667
          },
          "69": {
            "x": 0.317383,
            "y": 0.568
          },
          "70": {
            "x": 0.334961,
            "y": 0.569333
          },
          "71": {
            "x": 0.335938,
            "y": 0.568
          },
          "72": {
            "x": 0.341797,
            "y": 0.568
          },
          "73": {
            "x": 0.344727,
            "y": 0.564
          },
          "74": {
            "x": 0.351562,
            "y": 0.561333
          },
          "75": {
            "x": 0.359375,
            "y": 0.553333
          },
          "76": {
            "x": 0.363281,
            "y": 0.552
          },
          "77": {
            "x": 0.378906,
            "y": 0.530667
          },
          "78": {
            "x": 0.385742,
            "y": 0.528
          },
          "79": {
            "x": 0.395508,
            "y": 0.516
          },
          "80": {
            "x": 0.40332,
            "y": 0.509333
          },
          "81": {
            "x": 0.40918,
            "y": 0.5
          },
          "82": {
            "x": 0.419922,
            "y": 0.490667
          },
          "83": {
            "x": 0.426758,
            "y": 0.481333
          },
          "84": {
            "x": 0.433594,
            "y": 0.466667
          },
          "85": {
            "x": 0.438477,
            "y": 0.462667
          },
          "86": {
            "x": 0.44043,
            "y": 0.458667
          },
          "87": {
            "x": 0.443359,
            "y": 0.458667
          },
          "88": {
            "x": 0.44043,
            "y": 0.454667
          },
          "89": {
            "x": 0.445312,
            "y": 0.450667
          },
          "90": {
            "x": 0.445312,
            "y": 0.448
          },
          "91": {
            "x": 0.441406,
            "y": 0.446667
          },
          "92": {
            "x": 0.444336,
            "y": 0.444
          },
          "93": {
            "x": 0.441406,
            "y": 0.438667
          },
          "94": {
            "x": 0.444336,
            "y": 0.433333
          },