{
  "labels": {
    "0": [
      {
        "instrument_polygon": {
          "0": {
            "x": 0.033203,
            "y": 0.022959
          },
          "1": {
            "x": 0.004883,
            "y": 0.061224
          },
          "2": {
            "x": 0.001953,
            "y": 0.071429
          },
          "3": {
            "x": 0.00293,
            "y": 0.075255
          },
          "4": {
            "x": 0,
            "y": 0.079082
          },
          "5": {
            "x": 0,
            "y": 0.110969
          },
          "6": {
            "x": 0.001953,
            "y": 0.112245
          },
          "7": {
            "x": 0.001953,
            "y": 0.116071
          },
          "8": {
            "x": 0,
            "y": 0.117347
          },
          "9": {
            "x": 0,
            "y": 0.119898
          },
          "10": {
            "x": 0.001953,
            "y": 0.121173
          },
          "11": {
            "x": 0.001953,
            "y": 0.123724
          },
          "12": {
            "x": 0,
            "y": 0.126276
          },
          "13": {
            "x": 0.001953,
            "y": 0.127551
          },
          "14": {
            "x": 0.00293,
            "y": 0.144133
          },
          "15": {
            "x": 0.00293,
            "y": 0.242347
          },
          "16": {
            "x": 0.005859,
            "y": 0.288265
          },
          "17": {
            "x": 0.008789,
            "y": 0.28699
          },
          "18": {
            "x": 0.010742,
            "y": 0.289541
          },
          "19": {
            "x": 0.018555,
            "y": 0.309949
          },
          "20": {
            "x": 0.022461,
            "y": 0.315051
          },
          "21": {
            "x": 0.024414,
            "y": 0.32398
          },
          "22": {
            "x": 0.02832,
            "y": 0.329082
          },
          "23": {
            "x": 0.02832,
            "y": 0.332908
          },
          "24": {
            "x": 0.030273,
            "y": 0.335459
          },
          "25": {
            "x": 0.032227,
            "y": 0.34949
          },
          "26": {
            "x": 0.038086,
            "y": 0.366071
          },
          "27": {
            "x": 0.048828,
            "y": 0.387755
          },
          "28": {
            "x": 0.067383,
            "y": 0.436224
          },
          "29": {
            "x": 0.078125,
            "y": 0.454082
          },
          "30": {
            "x": 0.087891,
            "y": 0.466837
          },
          "31": {
            "x": 0.092773,
            "y": 0.469388
          },
          "32": {
            "x": 0.101562,
            "y": 0.482143
          },
          "33": {
            "x": 0.105469,
            "y": 0.484694
          },
          "34": {
            "x": 0.119141,
            "y": 0.485969
          },
          "35": {
            "x": 0.12207,
            "y": 0.483418
          },
          "36": {
            "x": 0.130859,
            "y": 0.482143
          },
          "37": {
            "x": 0.133789,
            "y": 0.484694
          },
          "38": {
            "x": 0.144531,
            "y": 0.485969
          },
          "39": {
            "x": 0.152344,
            "y": 0.480867
          },
          "40": {
            "x": 0.154297,
            "y": 0.475765
          },
          "41": {
            "x": 0.154297,
            "y": 0.465561
          },
          "42": {
            "x": 0.150391,
            "y": 0.445153
          },
          "43": {
            "x": 0.147461,
            "y": 0.440051
          },
          "44": {
            "x": 0.147461,
            "y": 0.434949
          },
          "45": {
            "x": 0.142578,
            "y": 0.419643
          },
          "46": {
            "x": 0.142578,
            "y": 0.408163
          },
          "47": {
            "x": 0.139648,
            "y": 0.395408
          },
          "48": {
            "x": 0.12793,
            "y": 0.357143
          },
          "49": {
            "x": 0.126953,
            "y": 0.34949
          },
          "50": {
            "x": 0.115234,
            "y": 0.315051
          },
          "51": {
            "x": 0.115234,
            "y": 0.309949
          },
          "52": {
            "x": 0.109375,
            "y": 0.298469
          },
          "53": {
            "x": 0.108398,
            "y": 0.289541
          },
          "54": {
            "x": 0.104492,
            "y": 0.279337
          },
          "55": {
            "x": 0.091797,
            "y": 0.251276
          },
          "56": {
            "x": 0.087891,
            "y": 0.237245
          },
          "57": {
            "x": 0.087891,
            "y": 0.232143
          },
          "58": {
            "x": 0.083008,
            "y": 0.220663
          },
          "59": {
            "x": 0.076172,
            "y": 0.17602
          },
          "60": {
            "x": 0.072266,
            "y": 0.163265
          },
          "61": {
            "x": 0.069336,
            "y": 0.145408
          },
          "62": {
            "x": 0.06543,
            "y": 0.13648
          },
          "63": {
            "x": 0.047852,
            "y": 0.063776
          },
          "64": {
            "x": 0.042969,
            "y": 0.052296
          },
          "65": {
            "x": 0.041016,
            "y": 0.03699
          },
          "66": {
            "x": 0.036133,
            "y": 0.022959
          }
        },
        "instrument_type": "Grasper"
      },
      {
        "is_tti": 1,
        "interaction_type": "Retract and grab",
        "interaction_tool": "Grasper",
        "tti_polygon": {
          "0": {
            "x": 0.0994601781939586,
            "y": 0.5467676554494644
          },
          "1": {
            "x": 0.09134265850629798,
            "y": 0.5358785514671635
          },
          "2": {
            "x": 0.08374795030560563,
            "y": 0.5290103196320447
          },
          "3": {
            "x": 0.07633099801048251,
            "y": 0.5202817521541686
          },
          "4": {
            "x": 0.06906740375153671,
            "y": 0.5101067623428039
          },
          "5": {
            "x": 0.06326419624618894,
            "y": 0.5018375931532371
          },
          "6": {
            "x": 0.05632823051907665,
            "y": 0.49420976216814155
          },
          "7": {
            "x": 0.04999524070693435,
            "y": 0.4868230015719608
          },
          "8": {
            "x": 0.04469741763898927,
            "y": 0.47808078860037256
          },
          "9": {
            "x": 0.03906499521938447,
            "y": 0.4683879395668374
          },
          "10": {
            "x": 0.03416102347162215,
            "y": 0.45916813431532366
          },
          "11": {
            "x": 0.028493746952886118,
            "y": 0.4475740131578947
          },
          "12": {
            "x": 0.024917716382023163,
            "y": 0.4372489229156963
          },
          "13": {
            "x": 0.020724768256537674,
            "y": 0.426582695330694
          },
          "14": {
            "x": 0.016754886365491998,
            "y": 0.4164349965067536
          },
          "15": {
            "x": 0.013910791876384608,
            "y": 0.4061099062645552
          },
          "16": {
            "x": 0.00947735046689369,
            "y": 0.3939290288775034
          },
          "17": {
            "x": 0.006148783999862413,
            "y": 0.38294440643921746
          },
          "18": {
            "x": 0.0036671721417197304,
            "y": 0.3721417239170936
          },
          "19": {
            "x": 0.0008997566707010119,
            "y": 0.36115710147880764
          },
          "20": {
            "x": 0.0002270725574685237,