{
  "labels": {
    "8": [
      {
        "instrument_polygon": {
          "0": {
            "x": 0.384766,
            "y": 0.825944
          },
          "1": {
            "x": 0.383789,
            "y": 0.827586
          },
          "2": {
            "x": 0.374023,
            "y": 0.827586
          },
          "3": {
            "x": 0.373047,
            "y": 0.829228
          },
          "4": {
            "x": 0.360352,
            "y": 0.829228
          },
          "5": {
            "x": 0.358398,
            "y": 0.834154
          },
          "6": {
            "x": 0.330078,
            "y": 0.834154
          },
          "7": {
            "x": 0.329102,
            "y": 0.835796
          },
          "8": {
            "x": 0.31543,
            "y": 0.837438
          },
          "9": {
            "x": 0.302734,
            "y": 0.847291
          },
          "10": {
            "x": 0.291016,
            "y": 0.845649
          },
          "11": {
            "x": 0.287109,
            "y": 0.848933
          },
          "12": {
            "x": 0.280273,
            "y": 0.848933
          },
          "13": {
            "x": 0.279297,
            "y": 0.847291
          },
          "14": {
            "x": 0.276367,
            "y": 0.847291
          },
          "15": {
            "x": 0.275391,
            "y": 0.848933
          },
          "16": {
            "x": 0.269531,
            "y": 0.848933
          },
          "17": {
            "x": 0.268555,
            "y": 0.850575
          },
          "18": {
            "x": 0.254883,
            "y": 0.850575
          },
          "19": {
            "x": 0.243164,
            "y": 0.857143
          },
          "20": {
            "x": 0.228516,
            "y": 0.857143
          },
          "21": {
            "x": 0.225586,
            "y": 0.860427
          },
          "22": {
            "x": 0.220703,
            "y": 0.860427
          },
          "23": {
            "x": 0.21582,
            "y": 0.870279
          },
          "24": {
            "x": 0.210938,
            "y": 0.870279
          },
          "25": {
            "x": 0.203125,
            "y": 0.875205
          },
          "26": {
            "x": 0.195312,
            "y": 0.875205
          },
          "27": {
            "x": 0.194336,
            "y": 0.876847
          },
          "28": {
            "x": 0.188477,
            "y": 0.876847
          },
          "29": {
            "x": 0.1875,
            "y": 0.878489
          },
          "30": {
            "x": 0.179688,
            "y": 0.878489
          },
          "31": {
            "x": 0.173828,
            "y": 0.881773
          },
          "32": {
            "x": 0.164062,
            "y": 0.881773
          },
          "33": {
            "x": 0.163086,
            "y": 0.883415
          },
          "34": {
            "x": 0.157227,
            "y": 0.883415
          },
          "35": {
            "x": 0.15625,
            "y": 0.885057
          },
          "36": {
            "x": 0.150391,
            "y": 0.885057
          },
          "37": {
            "x": 0.149414,
            "y": 0.8867
          },
          "38": {
            "x": 0.133789,
            "y": 0.888342
          },
          "39": {
            "x": 0.130859,
            "y": 0.891626
          },
          "40": {
            "x": 0.125977,
            "y": 0.891626
          },
          "41": {
            "x": 0.12207,
            "y": 0.896552
          },
          "42": {
            "x": 0.111328,
            "y": 0.898194
          },
          "43": {
            "x": 0.110352,
            "y": 0.899836
          },
          "44": {
            "x": 0.105469,
            "y": 0.899836
          },
          "45": {
            "x": 0.104492,
            "y": 0.901478
          },
          "46": {
            "x": 0.095703,
            "y": 0.90312
          },
          "47": {
            "x": 0.09375,
            "y": 0.904762
          },
          "48": {
            "x": 0.09375,
            "y": 0.909688
          },
          "49": {
            "x": 0.091797,
            "y": 0.912972
          },
          "50": {
            "x": 0.083008,
            "y": 0.912972
          },
          "51": {
            "x": 0.074219,
            "y": 0.917898
          },
          "52": {
            "x": 0.068359,
            "y": 0.917898
          },
          "53": {
            "x": 0.067383,
            "y": 0.91954
          },
          "54": {
            "x": 0.053711,
            "y": 0.91954
          },
          "55": {
            "x": 0.052734,
            "y": 0.917898
          },
          "56": {
            "x": 0.045898,
            "y": 0.917898
          },
          "57": {
            "x": 0.044922,
            "y": 0.916256
          },
          "58": {
            "x": 0.036133,
            "y": 0.916256
          },
          "59": {
            "x": 0.035156,
            "y": 0.914614
          },
          "60": {
            "x": 0.03125,
            "y": 0.914614
          },
          "61": {
            "x": 0.022461,
            "y": 0.90312
          },
          "62": {
            "x": 0.013672,
            "y": 0.90312
          },
          "63": {
            "x": 0.012695,
            "y": 0.901478
          },
          "64": {
            "x": 0.011719,
            "y": 0.90312
          },
          "65": {
            "x": 0.006836,
            "y": 0.90312
          },
          "66": {
            "x": 0.005859,
            "y": 0.901478
          },
          "67": {
            "x": 0.004883,
            "y": 0.90312
          },
          "68": {
            "x": 0,
            "y": 0.90312
          },
          "69": {
            "x": 0,
            "y": 0.998358
          },
          "70": {
            "x": 0.374023,
            "y": 0.998358
          },
          "71": {
            "x": 0.375977,
            "y": 0.995074
          },
          "72": {
            "x": 0.37793,
            "y": 0.995074
          },
          "73": {
            "x": 0.378906,
            "y": 0.998358
          },
          "74": {
            "x": 0.381836,
            "y": 0.998358
          },
          "75": {
            "x": 0.382812,
            "y": 0.995074
          },
          "76": {
            "x": 0.388672,
            "y": 0.995074
          },
          "77": {
            "x": 0.391602,
            "y": 0.99179
          },
          "78": {
            "x": 0.398438,
            "y": 0.99179
          },
          "79": {
            "x": 0.399414,
            "y": 0.990148
          },
          "80": {
            "x": 0.404297,
            "y": 0.990148
          },
          "81": {
            "x": 0.40918,
            "y": 0.993432
          },
          "82": {
            "x": 0.412109,
            "y": 0.993432
          },
          "83": {
            "x": 0.416016,
            "y": 0.988506
          },
          "84": {
            "x": 0.418945,
            "y": 0.988506
          },
          "85": {
            "x": 0.419922,
            "y": 0.980296
          },
          "86": {
            "x": 0.424805,
            "y": 0.980296
          },
          "87": {
            "x": 0.429688,
            "y": 0.975369
          },
          "88": {
            "x": 0.43457,
            "y": 0.975369
          },
          "89": {
            "x": 0.438477,
            "y": 0.968801
          },
          "90": {
            "x": 0.443359,
            "y": 0.967159
          },
          "91": {
            "x": 0.446289,
            "y": 0.968801
          },
          "92": {
            "x": 0.449219,
            "y": 0.967159
          },
          "93": {
            "x": 0.454102,
            "y": 0.958949
          },
          "94": {
            "x": 0.456055,
            "y": 0.958949
          },