{
  "labels": {
    "106": [
      {
        "is_tti": 0,
        "non_interaction_tool": "Dissector",
        "instrument_polygon": {
          "0": {
            "x": 0.726562,
            "y": 0
          },
          "1": {
            "x": 0.725586,
            "y": 0.002522
          },
          "2": {
            "x": 0.719727,
            "y": 0.003783
          },
          "3": {
            "x": 0.71582,
            "y": 0.008827
          },
          "4": {
            "x": 0.708008,
            "y": 0.01261
          },
          "5": {
            "x": 0.705078,
            "y": 0.017654
          },
          "6": {
            "x": 0.698242,
            "y": 0.021438
          },
          "7": {
            "x": 0.693359,
            "y": 0.026482
          },
          "8": {
            "x": 0.69043,
            "y": 0.026482
          },
          "9": {
            "x": 0.667969,
            "y": 0.042875
          },
          "10": {
            "x": 0.657227,
            "y": 0.047919
          },
          "11": {
            "x": 0.643555,
            "y": 0.06053
          },
          "12": {
            "x": 0.638672,
            "y": 0.061791
          },
          "13": {
            "x": 0.632812,
            "y": 0.068096
          },
          "14": {
            "x": 0.618164,
            "y": 0.075662
          },
          "15": {
            "x": 0.614258,
            "y": 0.080706
          },
          "16": {
            "x": 0.602539,
            "y": 0.087011
          },
          "17": {
            "x": 0.588867,
            "y": 0.100883
          },
          "18": {
            "x": 0.574219,
            "y": 0.113493
          },
          "19": {
            "x": 0.567383,
            "y": 0.117276
          },
          "20": {
            "x": 0.550781,
            "y": 0.132409
          },
          "21": {
            "x": 0.545898,
            "y": 0.134931
          },
          "22": {
            "x": 0.541992,
            "y": 0.139975
          },
          "23": {
            "x": 0.505859,
            "y": 0.171501
          },
          "24": {
            "x": 0.470703,
            "y": 0.208071
          },
          "25": {
            "x": 0.457031,
            "y": 0.224464
          },
          "26": {
            "x": 0.453125,
            "y": 0.226986
          },
          "27": {
            "x": 0.451172,
            "y": 0.230769
          },
          "28": {
            "x": 0.439453,
            "y": 0.239596
          },
          "29": {
            "x": 0.432617,
            "y": 0.247163
          },
          "30": {
            "x": 0.419922,
            "y": 0.263556
          },
          "31": {
            "x": 0.413086,
            "y": 0.276166
          },
          "32": {
            "x": 0.389648,
            "y": 0.306431
          },
          "33": {
            "x": 0.380859,
            "y": 0.321564
          },
          "34": {
            "x": 0.342773,
            "y": 0.375788
          },
          "35": {
            "x": 0.338867,
            "y": 0.387137
          },
          "36": {
            "x": 0.326172,
            "y": 0.408575
          },
          "37": {
            "x": 0.320312,
            "y": 0.423707
          },
          "38": {
            "x": 0.317383,
            "y": 0.43884
          },
          "39": {
            "x": 0.317383,
            "y": 0.447667
          },
          "40": {
            "x": 0.321289,
            "y": 0.457755
          },
          "41": {
            "x": 0.328125,
            "y": 0.462799
          },
          "42": {
            "x": 0.337891,
            "y": 0.464061
          },
          "43": {
            "x": 0.354492,
            "y": 0.455233
          },
          "44": {
            "x": 0.363281,
            "y": 0.445145
          },
          "45": {
            "x": 0.381836,
            "y": 0.428752
          },
          "46": {
            "x": 0.394531,
            "y": 0.408575
          },
          "47": {
            "x": 0.402344,
            "y": 0.398487
          },
          "48": {
            "x": 0.40625,
            "y": 0.395965
          },
          "49": {
            "x": 0.415039,
            "y": 0.383354
          },
          "50": {
            "x": 0.423828,
            "y": 0.377049
          },
          "51": {
            "x": 0.425781,
            "y": 0.373266
          },
          "52": {
            "x": 0.435547,
            "y": 0.3657
          },
          "53": {
            "x": 0.446289,
            "y": 0.354351
          },
          "54": {
            "x": 0.479492,
            "y": 0.331652
          },
          "55": {
            "x": 0.495117,
            "y": 0.317781
          },
          "56": {
            "x": 0.499023,
            "y": 0.315259
          },
          "57": {
            "x": 0.50293,
            "y": 0.315259
          },
          "58": {
            "x": 0.510742,
            "y": 0.307692
          },
          "59": {
            "x": 0.524414,
            "y": 0.300126
          },
          "60": {
            "x": 0.53418,
            "y": 0.29256
          },
          "61": {
            "x": 0.539062,
            "y": 0.291299
          },
          "62": {
            "x": 0.550781,
            "y": 0.283733
          },
          "63": {
            "x": 0.555664,
            "y": 0.282472
          },
          "64": {
            "x": 0.55957,
            "y": 0.278689
          },
          "65": {
            "x": 0.583984,
            "y": 0.267339
          },
          "66": {
            "x": 0.587891,
            "y": 0.263556
          },
          "67": {
            "x": 0.621094,
            "y": 0.249685
          },
          "68": {
            "x": 0.626953,
            "y": 0.249685
          },
          "69": {
            "x": 0.637695,
            "y": 0.244641
          },
          "70": {
            "x": 0.642578,
            "y": 0.244641
          },
          "71": {
            "x": 0.645508,
            "y": 0.242119
          },
          "72": {
            "x": 0.648438,
            "y": 0.242119
          },
          "73": {
            "x": 0.654297,
            "y": 0.237074
          },
          "74": {
            "x": 0.674805,
            "y": 0.238335
          },
          "75": {
            "x": 0.68457,
            "y": 0.24338
          },
          "76": {
            "x": 0.700195,
            "y": 0.240858
          },
          "77": {
            "x": 0.732422,
            "y": 0.220681
          },
          "78": {
            "x": 0.736328,
            "y": 0.220681
          },
          "79": {
            "x": 0.740234,
            "y": 0.214376
          },
          "80": {
            "x": 0.744141,
            "y": 0.213115
          },
          "81": {
            "x": 0.746094,
            "y": 0.210593
          },
          "82": {
            "x": 0.754883,
            "y": 0.208071
          },
          "83": {
            "x": 0.758789,
            "y": 0.204288
          },
          "84": {
            "x": 0.764648,
            "y": 0.203026
          },
          "85": {
            "x": 0.766602,
            "y": 0.199243
          },
          "86": {
            "x": 0.769531,
            "y": 0.199243
          },
          "87": {
            "x": 0.77832,
            "y": 0.194199
          },
          "88": {
            "x": 0.797852,
            "y": 0.175284
          },
          "89": {
            "x": 0.799805,
            "y": 0.175284
          },
          "90": {
            "x": 0.80957,
            "y": 0.167718
          },
          "91": {
            "x": 0.814453,
            "y": 0.160151
          },
          "92": {
            "x": 0.818359,
            "y": 0.160151
          },
          "93": {
            "x": 0.824219,
            "y": 0.155107
          },