{
  "labels": {
    "0": [],
    "1": [],
    "2": [],
    "3": [],
    "4": [],
    "5": [],
    "6": [],
    "7": [],
    "8": [
      {
        "is_tti": 0,
        "non_interaction_tool": "Dissector",
        "tti_polygon": {
          "0": {
            "x": 0.6295692716935355,
            "y": 0.4878396467860833
          },
          "1": {
            "x": 0.6468451745860068,
            "y": 0.5091203083992911
          },
          "2": {
            "x": 0.6456935531702519,
            "y": 0.5319209924198117
          },
          "3": {
            "x": 0.6813969803709495,
            "y": 0.5334410148271246
          },
          "4": {
            "x": 0.7562592262383255,
            "y": 0.5076002280068402
          },
          "5": {
            "x": 0.8507007935692548,
            "y": 0.4376781535379655
          },
          "6": {
            "x": 0.8887078150806061,
            "y": 0.34799543986319587
          },
          "7": {
            "x": 0.9094389336994864,
            "y": 0.32519475584267526
          },
          "8": {
            "x": 0.9716321138165546,
            "y": 0.28111349718665385
          },
          "9": {
            "x": 0.9923632324354348,
            "y": 0.2932737924154326
          },
          "10": {
            "x": 1,
            "y": 0.279593387801634
          },
          "11": {
            "x": 1,
            "y": 0.11390842305103134
          },
          "12": {
            "x": 0.91404577084165,
            "y": 0.17623029850563482
          },
          "13": {
            "x": 0.8483973749981731,
            "y": 0.250712585159293
          },
          "14": {
            "x": 0.7850523977257778,
            "y": 0.3206346306355987
          },
          "15": {
            "x": 0.709038530442647,
            "y": 0.39815693311131367
          },
          "16": {
            "x": 0.6572108217652329,
            "y": 0.4467984039521186
          }
        }
      }
    ],
    "9": [],
    "10": [],
    "11": [],
    "12": [],
    "13": [],
    "14": [],
    "15": [],
    "16": [],
    "17": [],
    "18": [],
    "19": [],
    "20": [],
    "21": [],
    "22": [],
    "23": [],
    "24": [],
    "25": [],
    "26": [],
    "27": [],
    "28": [],
    "29": [],
    "30": [],
    "31": [],
    "32": [],
    "33": [],
    "34": [],
    "35": [],
    "36": [],
    "37": [],
    "38": [],
    "39": [],
    "40": [],
    "41": [],
    "42": [],
    "43": [],
    "44": [],
    "45": [],
    "46": [],
    "47": [],
    "48": [],
    "49": [],
    "50": [],
    "51": [],
    "52": [],
    "53": [],
    "54": [],
    "55": [],
    "56": [],
    "57": [],
    "58": [],
    "59": [],
    "60": [],
    "61": [],
    "62": [],
    "63": [],
    "64": [],
    "65": [],
    "66": [],
    "67": [],
    "68": [],
    "69": [],
    "70": [],
    "71": [],
    "72": [],
    "73": [],
    "74": [],
    "75": [],
    "76": [],
    "77": [],
    "78": [],
    "79": [],
    "80": [],
    "81": [],
    "82": [],
    "83": [],
    "84": [],
    "85": [],
    "86": [],
    "87": [],
    "88": [],
    "89": [],
    "90": [],
    "91": [],
    "92": [],
    "93": [],
    "94": [],
    "95": [],
    "96": [],
    "97": [],
    "98": [],
    "99": [],
    "100": [],
    "101": [],
    "102": [],
    "103": [],
    "104": [],
    "105": [],
    "106": [],
    "107": [],
    "108": [],
    "109": [],
    "110": [],
    "111": [],
    "112": [],
    "113": [],
    "114": [],
    "115": [],
    "116": [],
    "117": [],
    "118": [],
    "119": [],
    "120": [],
    "121": [],
    "122": [],
    "123": [],
    "124": [],
    "125": [],
    "126": [],
    "127": [],
    "128": [],
    "129": [],
    "130": [],
    "131": [],
    "132": [],
    "133": [],
    "134": [],
    "135": [],
    "136": [],
    "137": [],
    "138": [],
    "139": [],
    "140": [],
    "141": [],
    "142": [],
    "143": [],
    "144": [],
    "145": [],
    "146": [],
    "147": [],
    "148": [],
    "149": []
  }
}