{
  "labels": {
    "0": [
      {
        "is_tti": 0,
        "non_interaction_tool": "Dissector",
        "tti_polygon": {
          "0": {
            "x": 0.395508,
            "y": 0
          },
          "1": {
            "x": 0.392578,
            "y": 0.007485
          },
          "2": {
            "x": 0.384766,
            "y": 0.016467
          },
          "3": {
            "x": 0.381836,
            "y": 0.016467
          },
          "4": {
            "x": 0.380859,
            "y": 0.01497
          },
          "5": {
            "x": 0.373047,
            "y": 0.022455
          },
          "6": {
            "x": 0.368164,
            "y": 0.022455
          },
          "7": {
            "x": 0.365234,
            "y": 0.026946
          },
          "8": {
            "x": 0.359375,
            "y": 0.028443
          },
          "9": {
            "x": 0.353516,
            "y": 0.034431
          },
          "10": {
            "x": 0.351562,
            "y": 0.034431
          },
          "11": {
            "x": 0.344727,
            "y": 0.04491
          },
          "12": {
            "x": 0.34375,
            "y": 0.049401
          },
          "13": {
            "x": 0.336914,
            "y": 0.056886
          },
          "14": {
            "x": 0.327148,
            "y": 0.07485
          },
          "15": {
            "x": 0.325195,
            "y": 0.083832
          },
          "16": {
            "x": 0.313477,
            "y": 0.10479
          },
          "17": {
            "x": 0.311523,
            "y": 0.113772
          },
          "18": {
            "x": 0.3125,
            "y": 0.124251
          },
          "19": {
            "x": 0.323242,
            "y": 0.133234
          },
          "20": {
            "x": 0.331055,
            "y": 0.142216
          },
          "21": {
            "x": 0.333008,
            "y": 0.142216
          },
          "22": {
            "x": 0.335938,
            "y": 0.14521
          },
          "23": {
            "x": 0.341797,
            "y": 0.14521
          },
          "24": {
            "x": 0.348633,
            "y": 0.151198
          },
          "25": {
            "x": 0.355469,
            "y": 0.142216
          },
          "26": {
            "x": 0.356445,
            "y": 0.136228
          },
          "27": {
            "x": 0.360352,
            "y": 0.140719
          },
          "28": {
            "x": 0.363281,
            "y": 0.139222
          },
          "29": {
            "x": 0.366211,
            "y": 0.134731
          },
          "30": {
            "x": 0.368164,
            "y": 0.122754
          },
          "31": {
            "x": 0.374023,
            "y": 0.116766
          },
          "32": {
            "x": 0.387695,
            "y": 0.092814
          },
          "33": {
            "x": 0.391602,
            "y": 0.092814
          },
          "34": {
            "x": 0.396484,
            "y": 0.088323
          },
          "35": {
            "x": 0.400391,
            "y": 0.079341
          },
          "36": {
            "x": 0.40332,
            "y": 0.079341
          },
          "37": {
            "x": 0.412109,
            "y": 0.071856
          },
          "38": {
            "x": 0.425781,
            "y": 0.071856
          },
          "39": {
            "x": 0.432617,
            "y": 0.067365
          },
          "40": {
            "x": 0.439453,
            "y": 0.067365
          },
          "41": {
            "x": 0.44043,
            "y": 0.065868
          },
          "42": {
            "x": 0.444336,
            "y": 0.065868
          },
          "43": {
            "x": 0.450195,
            "y": 0.062874
          },
          "44": {
            "x": 0.46582,
            "y": 0.038922
          },
          "45": {
            "x": 0.467773,
            "y": 0.038922
          },
          "46": {
            "x": 0.476562,
            "y": 0.031437
          },
          "47": {
            "x": 0.481445,
            "y": 0.02994
          },
          "48": {
            "x": 0.495117,
            "y": 0.017964
          },
          "49": {
            "x": 0.500977,
            "y": 0.016467
          },
          "50": {
            "x": 0.506836,
            "y": 0.007485
          },
          "51": {
            "x": 0.513672,
            "y": 0.002994
          },
          "52": {
            "x": 0.519531,
            "y": 0.001497
          },
          "53": {
            "x": 0.519531,
            "y": 0
          }
        }
      }
    ]
  }
}