{
  "labels": {
    "118": [
      {
        "is_tti": 0,
        "non_interaction_tool": "Cautery (Hook, Spatula)",
        "instrument_polygon": {
          "0": {
            "x": 0.527344,
            "y": 0.298507
          },
          "1": {
            "x": 0.524414,
            "y": 0.305141
          },
          "2": {
            "x": 0.523438,
            "y": 0.315091
          },
          "3": {
            "x": 0.529297,
            "y": 0.343284
          },
          "4": {
            "x": 0.53125,
            "y": 0.371476
          },
          "5": {
            "x": 0.529297,
            "y": 0.378109
          },
          "6": {
            "x": 0.524414,
            "y": 0.376451
          },
          "7": {
            "x": 0.524414,
            "y": 0.384743
          },
          "8": {
            "x": 0.526367,
            "y": 0.38806
          },
          "9": {
            "x": 0.530273,
            "y": 0.389718
          },
          "10": {
            "x": 0.532227,
            "y": 0.396352
          },
          "11": {
            "x": 0.53418,
            "y": 0.39801
          },
          "12": {
            "x": 0.53418,
            "y": 0.411277
          },
          "13": {
            "x": 0.536133,
            "y": 0.416252
          },
          "14": {
            "x": 0.535156,
            "y": 0.424544
          },
          "15": {
            "x": 0.538086,
            "y": 0.431177
          },
          "16": {
            "x": 0.539062,
            "y": 0.442786
          },
          "17": {
            "x": 0.541016,
            "y": 0.44942
          },
          "18": {
            "x": 0.548828,
            "y": 0.462687
          },
          "19": {
            "x": 0.554688,
            "y": 0.467662
          },
          "20": {
            "x": 0.569336,
            "y": 0.472637
          },
          "21": {
            "x": 0.578125,
            "y": 0.47927
          },
          "22": {
            "x": 0.583008,
            "y": 0.47927
          },
          "23": {
            "x": 0.585938,
            "y": 0.482587
          },
          "24": {
            "x": 0.589844,
            "y": 0.482587
          },
          "25": {
            "x": 0.59082,
            "y": 0.484245
          },
          "26": {
            "x": 0.591797,
            "y": 0.482587
          },
          "27": {
            "x": 0.595703,
            "y": 0.482587
          },
          "28": {
            "x": 0.599609,
            "y": 0.477612
          },
          "29": {
            "x": 0.602539,
            "y": 0.480929
          },
          "30": {
            "x": 0.607422,
            "y": 0.482587
          },
          "31": {
            "x": 0.610352,
            "y": 0.475954
          },
          "32": {
            "x": 0.615234,
            "y": 0.475954
          },
          "33": {
            "x": 0.616211,
            "y": 0.477612
          },
          "34": {
            "x": 0.614258,
            "y": 0.480929
          },
          "35": {
            "x": 0.617188,
            "y": 0.485904
          },
          "36": {
            "x": 0.615234,
            "y": 0.489221
          },
          "37": {
            "x": 0.621094,
            "y": 0.497512
          },
          "38": {
            "x": 0.625,
            "y": 0.497512
          },
          "39": {
            "x": 0.625977,
            "y": 0.495854
          },
          "40": {
            "x": 0.626953,
            "y": 0.497512
          },
          "41": {
            "x": 0.629883,
            "y": 0.497512
          },
          "42": {
            "x": 0.631836,
            "y": 0.504146
          },
          "43": {
            "x": 0.639648,
            "y": 0.514096
          },
          "44": {
            "x": 0.640625,
            "y": 0.52073
          },
          "45": {
            "x": 0.646484,
            "y": 0.522388
          },
          "46": {
            "x": 0.648438,
            "y": 0.525705
          },
          "47": {
            "x": 0.65332,
            "y": 0.529022
          },
          "48": {
            "x": 0.663086,
            "y": 0.53068
          },
          "49": {
            "x": 0.673828,
            "y": 0.542289
          },
          "50": {
            "x": 0.675781,
            "y": 0.542289
          },
          "51": {
            "x": 0.680664,
            "y": 0.55058
          },
          "52": {
            "x": 0.686523,
            "y": 0.553897
          },
          "53": {
            "x": 0.6875,
            "y": 0.557214
          },
          "54": {
            "x": 0.696289,
            "y": 0.562189
          },
          "55": {
            "x": 0.699219,
            "y": 0.565506
          },
          "56": {
            "x": 0.701172,
            "y": 0.565506
          },
          "57": {
            "x": 0.704102,
            "y": 0.568823
          },
          "58": {
            "x": 0.709961,
            "y": 0.572139
          },
          "59": {
            "x": 0.712891,
            "y": 0.572139
          },
          "60": {
            "x": 0.713867,
            "y": 0.573798
          },
          "61": {
            "x": 0.72168,
            "y": 0.573798
          },
          "62": {
            "x": 0.726562,
            "y": 0.580431
          },
          "63": {
            "x": 0.728516,
            "y": 0.580431
          },
          "64": {
            "x": 0.734375,
            "y": 0.585406
          },
          "65": {
            "x": 0.740234,
            "y": 0.587065
          },
          "66": {
            "x": 0.744141,
            "y": 0.59204
          },
          "67": {
            "x": 0.74707,
            "y": 0.593698
          },
          "68": {
            "x": 0.751953,
            "y": 0.593698
          },
          "69": {
            "x": 0.762695,
            "y": 0.60199
          },
          "70": {
            "x": 0.768555,
            "y": 0.603648
          },
          "71": {
            "x": 0.777344,
            "y": 0.616915
          },
          "72": {
            "x": 0.792969,
            "y": 0.630182
          },
          "73": {
            "x": 0.794922,
            "y": 0.630182
          },
          "74": {
            "x": 0.797852,
            "y": 0.625207
          },
          "75": {
            "x": 0.800781,
            "y": 0.626866
          },
          "76": {
            "x": 0.805664,
            "y": 0.626866
          },
          "77": {
            "x": 0.813477,
            "y": 0.635158
          },
          "78": {
            "x": 0.81543,
            "y": 0.635158
          },
          "79": {
            "x": 0.819336,
            "y": 0.641791
          },
          "80": {
            "x": 0.821289,
            "y": 0.646766
          },
          "81": {
            "x": 0.821289,
            "y": 0.6534
          },
          "82": {
            "x": 0.825195,
            "y": 0.655058
          },
          "83": {
            "x": 0.828125,
            "y": 0.660033
          },
          "84": {
            "x": 0.839844,
            "y": 0.666667
          },
          "85": {
            "x": 0.842773,
            "y": 0.676617
          },
          "86": {
            "x": 0.854492,
            "y": 0.68325
          },
          "87": {
            "x": 0.857422,
            "y": 0.691542
          },
          "88": {
            "x": 0.861328,
            "y": 0.694859
          },
          "89": {
            "x": 0.865234,
            "y": 0.694859
          },
          "90": {
            "x": 0.870117,
            "y": 0.701493
          },
          "91": {
            "x": 0.869141,
            "y": 0.704809
          },
          "92": {
            "x": 0.871094,
            "y": 0.708126
          },
          "93": {
            "x": 0.884766,