{
  "labels": {
    "53": [
      {
        "is_tti": 0,
        "non_interaction_tool": "Dissector",
        "instrument_polygon": {
          "0": {
            "x": 0.6648477225450703,
            "y": 0.04167037991856283
          },
          "1": {
            "x": 0.5867304612692333,
            "y": 0.23366727489198452
          },
          "2": {
            "x": 0.5489783852274979,
            "y": 0.31956761398935335
          },
          "3": {
            "x": 0.4970386482202998,
            "y": 0.5146848426874157
          },
          "4": {
            "x": 0.4671491159281516,
            "y": 0.6583556342159439
          },
          "5": {
            "x": 0.45637165274384206,
            "y": 0.6791352856810382
          },
          "6": {
            "x": 0.44445143795813247,
            "y": 0.6682896515997332
          },
          "7": {
            "x": 0.44025962903651855,
            "y": 0.6263604927522666
          },
          "8": {
            "x": 0.4660347396486826,
            "y": 0.4674787254708992
          },
          "9": {
            "x": 0.49502142078848316,
            "y": 0.32926721565092404
          },
          "10": {
            "x": 0.5472062173941755,
            "y": 0.11555300632353449
          },
          "11": {
            "x": 0.5711472503797134,
            "y": 0.048536155960426514
          },
          "12": {
            "x": 0.5907184837878888,
            "y": 0.0008247426315725976
          },
          "13": {
            "x": 0.7523339992075546,
            "y": 0
          },
          "14": {
            "x": 0.7278099823350723,
            "y": 0.16683795710665128
          },
          "15": {
            "x": 0.7177676979462457,
            "y": 0.29489145229716196
          },
          "16": {
            "x": 0.7148037665918245,
            "y": 0.43061294622335045
          },
          "17": {
            "x": 0.7150204508683881,
            "y": 0.5444452209326108
          },
          "18": {
            "x": 0.7144890584758634,
            "y": 0.6121913646537316
          },
          "19": {
            "x": 0.7062705334147791,
            "y": 0.6178642251314171
          },
          "20": {
            "x": 0.694167168823879,
            "y": 0.6123997341845924
          },
          "21": {
            "x": 0.6885256389090669,
            "y": 0.5835092987307411
          },
          "22": {
            "x": 0.6732029650663672,
            "y": 0.3061277792488311
          },
          "23": {
            "x": 0.6690962821105461,
            "y": 0.12802913198382546
          },
          "24": {
            "x": 0.6701693851944792,
            "y": 0.08349535400059888
          },
          "25": {
            "x": 0.6701693851944792,
            "y": 0.05917342051087086
          }
        }
      }
    ]
  }
}