{
  "labels": {
    "24": [
      {
        "is_tti": 0,
        "non_interaction_tool": "Cautery (Hook, Spatula)",
        "instrument_polygon": {
          "0": {
            "x": 0.3409090909090909,
            "y": 0.2468354430379747
          },
          "1": {
            "x": 0.34169278996865204,
            "y": 0.24578059071729957
          },
          "2": {
            "x": 0.34169278996865204,
            "y": 0.24472573839662448
          },
          "3": {
            "x": 0.34247648902821315,
            "y": 0.24367088607594936
          },
          "4": {
            "x": 0.34247648902821315,
            "y": 0.24261603375527427
          },
          "5": {
            "x": 0.3432601880877743,
            "y": 0.24156118143459915
          },
          "6": {
            "x": 0.3432601880877743,
            "y": 0.24050632911392406
          },
          "7": {
            "x": 0.3440438871473354,
            "y": 0.23945147679324894
          },
          "8": {
            "x": 0.3440438871473354,
            "y": 0.23839662447257384
          },
          "9": {
            "x": 0.3448275862068966,
            "y": 0.23734177215189872
          },
          "10": {
            "x": 0.3448275862068966,
            "y": 0.23628691983122363
          },
          "11": {
            "x": 0.34717868338557994,
            "y": 0.23312236286919832
          },
          "12": {
            "x": 0.34717868338557994,
            "y": 0.2320675105485232
          },
          "13": {
            "x": 0.3487460815047022,
            "y": 0.229957805907173
          },
          "14": {
            "x": 0.3487460815047022,
            "y": 0.2289029535864979
          },
          "15": {
            "x": 0.3518808777429467,
            "y": 0.22468354430379747
          },
          "16": {
            "x": 0.3518808777429467,
            "y": 0.22362869198312235
          },
          "17": {
            "x": 0.35266457680250785,
            "y": 0.22257383966244726
          },
          "18": {
            "x": 0.35266457680250785,
            "y": 0.22151898734177214
          },
          "19": {
            "x": 0.3565830721003135,
            "y": 0.21624472573839662
          },
          "20": {
            "x": 0.3565830721003135,
            "y": 0.21518987341772153
          },
          "21": {
            "x": 0.359717868338558,
            "y": 0.2109704641350211
          },
          "22": {
            "x": 0.359717868338558,
            "y": 0.20991561181434598
          },
          "23": {
            "x": 0.3612852664576803,
            "y": 0.20780590717299577
          },
          "24": {
            "x": 0.3612852664576803,
            "y": 0.20675105485232068
          },
          "25": {
            "x": 0.36442006269592475,
            "y": 0.20253164556962025
          },
          "26": {
            "x": 0.36442006269592475,
            "y": 0.20147679324894516
          },
          "27": {
            "x": 0.365987460815047,
            "y": 0.19936708860759494
          },
          "28": {
            "x": 0.365987460815047,
            "y": 0.19831223628691982
          },
          "29": {
            "x": 0.3683385579937304,
            "y": 0.19514767932489452
          },
          "30": {
            "x": 0.3683385579937304,
            "y": 0.1940928270042194
          },
          "31": {
            "x": 0.36990595611285265,
            "y": 0.19198312236286919
          },
          "32": {
            "x": 0.36990595611285265,
            "y": 0.1909282700421941
          },
          "33": {
            "x": 0.3726436479240175,
            "y": 0.18724335996725072
          },
          "34": {
            "x": 0.369141,
            "y": 0.181579
          },
          "35": {
            "x": 0.367188,
            "y": 0.172368
          },
          "36": {
            "x": 0.364258,
            "y": 0.167105
          },
          "37": {
            "x": 0.361328,
            "y": 0.151316
          },
          "38": {
            "x": 0.361328,
            "y": 0.140789
          },
          "39": {
            "x": 0.364258,
            "y": 0.127632
          },
          "40": {
            "x": 0.371094,
            "y": 0.114474
          },
          "41": {
            "x": 0.373047,
            "y": 0.106579
          },
          "42": {
            "x": 0.376953,
            "y": 0.106579
          },
          "43": {
            "x": 0.379883,
            "y": 0.101316
          },
          "44": {
            "x": 0.382812,
            "y": 0.088158
          },
          "45": {
            "x": 0.387695,
            "y": 0.080263
          },
          "46": {
            "x": 0.388672,
            "y": 0.071053
          },
          "47": {
            "x": 0.395508,
            "y": 0.063158
          },
          "48": {
            "x": 0.395508,
            "y": 0.057895
          },
          "49": {
            "x": 0.401367,
            "y": 0.048684
          },
          "50": {
            "x": 0.399414,
            "y": 0.043421
          },
          "51": {
            "x": 0.40625,
            "y": 0.032895
          },
          "52": {
            "x": 0.405273,
            "y": 0.028947
          },
          "53": {
            "x": 0.40918,
            "y": 0.026316
          },
          "54": {
            "x": 0.413086,
            "y": 0.014474
          },
          "55": {
            "x": 0.417969,
            "y": 0.007895
          },
          "56": {
            "x": 0.419922,
            "y": 0
          },
          "57": {
            "x": 0.52832,
            "y": 0
          },
          "58": {
            "x": 0.526367,
            "y": 0.005263
          },
          "59": {
            "x": 0.519531,
            "y": 0.009211
          },
          "60": {
            "x": 0.520508,
            "y": 0.019737
          },
          "61": {
            "x": 0.517578,
            "y": 0.023684
          },
          "62": {
            "x": 0.513672,
            "y": 0.023684
          },
          "63": {
            "x": 0.512695,
            "y": 0.025
          },
          "64": {
            "x": 0.515625,
            "y": 0.026316
          },
          "65": {
            "x": 0.516602,
            "y": 0.028947
          },
          "66": {
            "x": 0.509766,
            "y": 0.038158
          },
          "67": {
            "x": 0.505859,
            "y": 0.048684
          },
          "68": {
            "x": 0.505859,
            "y": 0.052632
          },
          "69": {
            "x": 0.500977,
            "y": 0.055263
          },
          "70": {
            "x": 0.499023,
            "y": 0.060526
          },
          "71": {
            "x": 0.494141,
            "y": 0.064474
          },
          "72": {
            "x": 0.496094,
            "y": 0.067105
          },
          "73": {
            "x": 0.492188,
            "y": 0.069737
          },
          "74": {
            "x": 0.489258,
            "y": 0.076316
          },
          "75": {
            "x": 0.485352,
            "y": 0.078947
          },
          "76": {
            "x": 0.487305,
            "y": 0.082895
          },
          "77": {
            "x": 0.491211,
            "y": 0.082895
          },
          "78": {
            "x": 0.490234,
            "y": 0.084211
          },
          "79": {
            "x": 0.486328,
            "y": 0.084211
          },
          "80": {
            "x": 0.484375,
            "y": 0.086842
          },
          "81": {
            "x": 0.484375,
            "y": 0.093421
          },
          "82": {
            "x": 0.480469,
            "y": 0.098684
          },
          "83": {
            "x": 0.477539,
            "y": 0.1
          },
          "84": {
            "x": 0.474609,
            "y": 0.106579
          },