{
  "labels": {
    "151": [
      {
        "instrument_polygon": {
          "0": {
            "x": 0,
            "y": 0
          },
          "1": {
            "x": 0,
            "y": 0.03964
          },
          "2": {
            "x": 0.005859,
            "y": 0.03964
          },
          "3": {
            "x": 0.009766,
            "y": 0.043243
          },
          "4": {
            "x": 0.013672,
            "y": 0.043243
          },
          "5": {
            "x": 0.018555,
            "y": 0.046847
          },
          "6": {
            "x": 0.02832,
            "y": 0.046847
          },
          "7": {
            "x": 0.029297,
            "y": 0.048649
          },
          "8": {
            "x": 0.036133,
            "y": 0.048649
          },
          "9": {
            "x": 0.037109,
            "y": 0.05045
          },
          "10": {
            "x": 0.041016,
            "y": 0.05045
          },
          "11": {
            "x": 0.048828,
            "y": 0.055856
          },
          "12": {
            "x": 0.051758,
            "y": 0.055856
          },
          "13": {
            "x": 0.053711,
            "y": 0.059459
          },
          "14": {
            "x": 0.063477,
            "y": 0.066667
          },
          "15": {
            "x": 0.070312,
            "y": 0.068468
          },
          "16": {
            "x": 0.071289,
            "y": 0.07027
          },
          "17": {
            "x": 0.078125,
            "y": 0.072072
          },
          "18": {
            "x": 0.079102,
            "y": 0.073874
          },
          "19": {
            "x": 0.083008,
            "y": 0.073874
          },
          "20": {
            "x": 0.083984,
            "y": 0.075676
          },
          "21": {
            "x": 0.087891,
            "y": 0.075676
          },
          "22": {
            "x": 0.094727,
            "y": 0.081081
          },
          "23": {
            "x": 0.098633,
            "y": 0.081081
          },
          "24": {
            "x": 0.102539,
            "y": 0.084685
          },
          "25": {
            "x": 0.107422,
            "y": 0.084685
          },
          "26": {
            "x": 0.111328,
            "y": 0.088288
          },
          "27": {
            "x": 0.119141,
            "y": 0.09009
          },
          "28": {
            "x": 0.126953,
            "y": 0.095495
          },
          "29": {
            "x": 0.130859,
            "y": 0.095495
          },
          "30": {
            "x": 0.133789,
            "y": 0.099099
          },
          "31": {
            "x": 0.142578,
            "y": 0.100901
          },
          "32": {
            "x": 0.143555,
            "y": 0.102703
          },
          "33": {
            "x": 0.148438,
            "y": 0.102703
          },
          "34": {
            "x": 0.149414,
            "y": 0.104505
          },
          "35": {
            "x": 0.154297,
            "y": 0.104505
          },
          "36": {
            "x": 0.164062,
            "y": 0.111712
          },
          "37": {
            "x": 0.168945,
            "y": 0.111712
          },
          "38": {
            "x": 0.177734,
            "y": 0.118919
          },
          "39": {
            "x": 0.182617,
            "y": 0.118919
          },
          "40": {
            "x": 0.189453,
            "y": 0.126126
          },
          "41": {
            "x": 0.197266,
            "y": 0.126126
          },
          "42": {
            "x": 0.201172,
            "y": 0.122523
          },
          "43": {
            "x": 0.205078,
            "y": 0.122523
          },
          "44": {
            "x": 0.214844,
            "y": 0.108108
          },
          "45": {
            "x": 0.216797,
            "y": 0.108108
          },
          "46": {
            "x": 0.219727,
            "y": 0.115315
          },
          "47": {
            "x": 0.225586,
            "y": 0.115315
          },
          "48": {
            "x": 0.226562,
            "y": 0.113514
          },
          "49": {
            "x": 0.230469,
            "y": 0.113514
          },
          "50": {
            "x": 0.231445,
            "y": 0.111712
          },
          "51": {
            "x": 0.232422,
            "y": 0.113514
          },
          "52": {
            "x": 0.240234,
            "y": 0.113514
          },
          "53": {
            "x": 0.242188,
            "y": 0.106306
          },
          "54": {
            "x": 0.240234,
            "y": 0.093694
          },
          "55": {
            "x": 0.236328,
            "y": 0.091892
          },
          "56": {
            "x": 0.234375,
            "y": 0.088288
          },
          "57": {
            "x": 0.231445,
            "y": 0.088288
          },
          "58": {
            "x": 0.230469,
            "y": 0.086486
          },
          "59": {
            "x": 0.219727,
            "y": 0.086486
          },
          "60": {
            "x": 0.216797,
            "y": 0.082883
          },
          "61": {
            "x": 0.213867,
            "y": 0.082883
          },
          "62": {
            "x": 0.210938,
            "y": 0.079279
          },
          "63": {
            "x": 0.206055,
            "y": 0.077477
          },
          "64": {
            "x": 0.202148,
            "y": 0.07027
          },
          "65": {
            "x": 0.19043,
            "y": 0.057658
          },
          "66": {
            "x": 0.178711,
            "y": 0.03964
          },
          "67": {
            "x": 0.171875,
            "y": 0.037838
          },
          "68": {
            "x": 0.170898,
            "y": 0.036036
          },
          "69": {
            "x": 0.165039,
            "y": 0.036036
          },
          "70": {
            "x": 0.158203,
            "y": 0.028829
          },
          "71": {
            "x": 0.15332,
            "y": 0.028829
          },
          "72": {
            "x": 0.148438,
            "y": 0.025225
          },
          "73": {
            "x": 0.141602,
            "y": 0.025225
          },
          "74": {
            "x": 0.137695,
            "y": 0.021622
          },
          "75": {
            "x": 0.126953,
            "y": 0.01982
          },
          "76": {
            "x": 0.12207,
            "y": 0.016216
          },
          "77": {
            "x": 0.119141,
            "y": 0.016216
          },
          "78": {
            "x": 0.118164,
            "y": 0.014414
          },
          "79": {
            "x": 0.112305,
            "y": 0.014414
          },
          "80": {
            "x": 0.102539,
            "y": 0.007207
          },
          "81": {
            "x": 0.09668,
            "y": 0.007207
          },
          "82": {
            "x": 0.088867,
            "y": 0
          }
        },
        "instrument_type": "Grasper"
      },
      {
        "is_tti": 1,
        "interaction_type": "Retract and grab",
        "interaction_tool": "Grasper",
        "tti_polygon": {
          "0": {
            "x": 0.14395935828435583,
            "y": 0.1221890262109915
          },
          "1": {
            "x": 0.1436885029386515,
            "y": 0.10826999991386466
          },
          "2": {
            "x": 0.1436885029386515,
            "y": 0.09584416605175589
          },
          "3": {
            "x": 0.1436885029386515,
            "y": 0.0839081373514524
          },
          "4": {
            "x": 0.1436885029386515,
            "y": 0.07222414431693222
          },
          "5": {
            "x": 0.1436885029386515,
            "y": 0.059541519399119724
          },
          "6": {
            "x": 0.14484673198837747,
            "y": 0.04711093014709052
          },
          "7": {
            "x": 0.14577021973849305,