{
  "labels": {
    "0": [
      {
        "instrument_polygon": {
          "0": {
            "x": 0.4722136771622402,
            "y": 0.6509489729136319
          },
          "1": {
            "x": 0.5814751321518234,
            "y": 0.5496125994890958
          },
          "2": {
            "x": 0.6982718367713336,
            "y": 0.46854351363505314
          },
          "3": {
            "x": 1,
            "y": 0.22871408364473156
          },
          "4": {
            "x": 1,
            "y": 0.416186413136882
          },
          "5": {
            "x": 0.620407335086361,
            "y": 0.6577047569131067
          },
          "6": {
            "x": 0.5437987881862908,
            "y": 0.6644604764846505
          },
          "7": {
            "x": 0.47723720885415744,
            "y": 0.693172461840522
          },
          "8": {
            "x": 0.45965489584039604,
            "y": 0.6745941524838628
          }
        },
        "instrument_type": "Cautery (Hook, Spatula)"
      },
      {
        "is_tti": 1,
        "interaction_type": "Energy - sharp dissection",
        "interaction_tool": "Cautery (Hook, Spatula)",
        "tti_polygon": {
          "0": {
            "x": 0.45965489584039604,
            "y": 0.6222369875577605
          },
          "1": {
            "x": 0.43076975628969294,
            "y": 0.7151286631969186
          },
          "2": {
            "x": 0.46467842753231325,
            "y": 0.7201955334104903
          },
          "3": {
            "x": 0.4897959901760018,
            "y": 0.6695273466982221
          },
          "4": {
            "x": 0.4897959901760018,
            "y": 0.6340595773428759
          }
        }
      },
      {
        "instrument_polygon": {
          "0": {
            "x": 0.09419437853790896,
            "y": 0.5952139804157233
          },
          "1": {
            "x": 0.14317364485628095,
            "y": 0.6340595773428759
          },
          "2": {
            "x": 0.16577948956195954,
            "y": 0.5969028942016265
          },
          "3": {
            "x": 0.11428840948968026,
            "y": 0.45672092384993773
          },
          "4": {
            "x": 0.0816355972160648,
            "y": 0.3925412335666511
          },
          "5": {
            "x": 0.04898278494244934,
            "y": 0.291204860142115
          },
          "6": {
            "x": 0.008794723038906846,
            "y": 0.2354698676442064
          },
          "7": {
            "x": 0,
            "y": 0.35031774463976106
          },
          "8": {
            "x": 0.03140047192868796,
            "y": 0.4313868304938037
          },
          "9": {
            "x": 0.08414741096997211,
            "y": 0.5614351892742112
          }
        },
        "instrument_type": "Grasper"
      },
      {
        "is_tti": 1,
        "interaction_type": "Retract and grab",
        "interaction_tool": "Grasper",
        "tti_polygon": {
          "0": {
            "x": 0.07410034758613776,
            "y": 0.5749466928452298
          },
          "1": {
            "x": 0.13438253625734903,
            "y": 0.6391263831285164
          },
          "2": {
            "x": 0.1758264571298964,
            "y": 0.6509489729136319
          },
          "3": {
            "x": 0.13438253625734903,
            "y": 0.6847277640551439
          },
          "4": {
            "x": 0.08414741096997211,
            "y": 0.6627715626987474
          },
          "5": {
            "x": 0.05023864391145421,
            "y": 0.5766356710590641
          },
          "6": {
            "x": 0.04019167634351744,
            "y": 0.5327232039183397
          }
        }
      }
    ],
    "150": [
      {
        "instrument_polygon": {
          "0": {
            "x": 0.5927780545046628,
            "y": 0.1780458969324635
          },
          "1": {
            "x": 0.5789633183979161,
            "y": 0.2422256194297157
          },
          "2": {
            "x": 0.55761342847714,
            "y": 0.08177636150753358
          },
          "3": {
            "x": 0.5475663650933056,
            "y": 0
          },
          "4": {
            "x": 0.6329662122241028,
            "y": 0
          },
          "5": {
            "x": 0.6530601473599764,
            "y": 0.10542150886379889
          },
          "6": {
            "x": 0.6555718652979864,
            "y": 0.20337999028859755
          },
          "7": {
            "x": 0.6405013660381323,
            "y": 0.2388477918579094
          },
          "8": {
            "x": 0.6178956171483513,
            "y": 0.18142378893220096
          }
        },
        "instrument_type": "Grasper"
      },
      {
        "is_tti": 1,
        "interaction_type": "Retract and grab",
        "interaction_tool": "Grasper",
        "tti_polygon": {
          "0": {
            "x": 0.608476531156968,
            "y": 0.1810015604857252
          },
          "1": {
            "x": 0.560753123807601,
            "y": 0.23673661741156488
          },
          "2": {
            "x": 0.5946617950502213,
            "y": 0.3178056388376764
          },
          "3": {
            "x": 0.6587115606284474,
            "y": 0.32625033662305436
          },
          "4": {
            "x": 0.6649909512893695,
            "y": 0.2823379339102612
          },
          "5": {
            "x": 0.6448970161534958,
            "y": 0.2299808011981245
          }
        }
      },
      {
        "instrument_polygon": {
          "0": {
            "x": 0.6932482092635188,
            "y": 0.6509489729136319
          },
          "1": {
            "x": 0.7045512274322557,
            "y": 0.6881056560548813
          },
          "2": {
            "x": 0.8087891507299217,
            "y": 0.6323706635569727
          },
          "3": {
            "x": 0.9394003998243837,
            "y": 0.5631241030601144
          },
          "4": {
            "x": 1,
            "y": 0.5462347074893583
          },
          "5": {
            "x": 1,
            "y": 0.4043638233517665
          },
          "6": {
            "x": 0.8590242760172985,
            "y": 0.47361031942069376
          },
          "7": {
            "x": 0.7397158534597785,
            "y": 0.6087254839867419
          }
        },
        "instrument_type": "Cautery (Hook, Spatula)"
      },
      {
        "is_tti": 1,
        "interaction_type": "Energy - sharp dissection",
        "interaction_tool": "Cautery (Hook, Spatula)",
        "tti_polygon": {
          "0": {
            "x": 0.6681306466198306,
            "y": 0.6171701817721198
          },
          "1": {
            "x": 0.6442690387610445,
            "y": 0.6678383684843879
          },
          "2": {
            "x": 0.6593395380208985,
            "y": 0.7353959507674119
          },
          "3": {
            "x": 0.732180508013954,
            "y": 0.6897945698407845
          },
          "4": {
            "x": 0.7221334446301195,
            "y": 0.6357485555567102
          }
        }
      }
    ],
    "62": [
      {
        "instrument_polygon": {
          "0": {
            "x": 0.2185263327873462,
            "y": 0.625614879557498
          },
          "1": {
            "x": 0.24866742712295184,
            "y": 0.6391263831285164
          },
          "2": {
            "x": 0.2549468177838739,
            "y": 0.5783245848449673
          },
          "3": {
            "x": 0.2386203637391174,
            "y": 0.4972554989909246
          },
          "4": {
            "x": 0.17205888022288163,
            "y": 0.2388477918579094
          },
          "5": {
            "x": 0.10675315985975321,
            "y": 0.017596639010281384
          },
          "6": {
            "x": 0.03265633089769283,
            "y": 0.19831318450295696
          },
          "7": {
            "x": 0.12307961390450974,