{
  "labels": {
    "98": [
      {
        "is_tti": 0,
        "non_interaction_tool": "Cautery (Hook, Spatula)",
        "tti_polygon": {
          "0": {
            "x": 0.862305,
            "y": 0.521944
          },
          "1": {
            "x": 0.861328,
            "y": 0.523511
          },
          "2": {
            "x": 0.855469,
            "y": 0.523511
          },
          "3": {
            "x": 0.854492,
            "y": 0.525078
          },
          "4": {
            "x": 0.841797,
            "y": 0.526646
          },
          "5": {
            "x": 0.84082,
            "y": 0.528213
          },
          "6": {
            "x": 0.835938,
            "y": 0.528213
          },
          "7": {
            "x": 0.830078,
            "y": 0.531348
          },
          "8": {
            "x": 0.826172,
            "y": 0.531348
          },
          "9": {
            "x": 0.818359,
            "y": 0.53605
          },
          "10": {
            "x": 0.81543,
            "y": 0.53605
          },
          "11": {
            "x": 0.807617,
            "y": 0.54232
          },
          "12": {
            "x": 0.798828,
            "y": 0.543887
          },
          "13": {
            "x": 0.792969,
            "y": 0.548589
          },
          "14": {
            "x": 0.782227,
            "y": 0.551724
          },
          "15": {
            "x": 0.77832,
            "y": 0.554859
          },
          "16": {
            "x": 0.770508,
            "y": 0.556426
          },
          "17": {
            "x": 0.769531,
            "y": 0.557994
          },
          "18": {
            "x": 0.762695,
            "y": 0.559561
          },
          "19": {
            "x": 0.761719,
            "y": 0.561129
          },
          "20": {
            "x": 0.757812,
            "y": 0.561129
          },
          "21": {
            "x": 0.756836,
            "y": 0.562696
          },
          "22": {
            "x": 0.75293,
            "y": 0.562696
          },
          "23": {
            "x": 0.743164,
            "y": 0.568966
          },
          "24": {
            "x": 0.734375,
            "y": 0.570533
          },
          "25": {
            "x": 0.729492,
            "y": 0.573668
          },
          "26": {
            "x": 0.720703,
            "y": 0.575235
          },
          "27": {
            "x": 0.711914,
            "y": 0.579937
          },
          "28": {
            "x": 0.701172,
            "y": 0.581505
          },
          "29": {
            "x": 0.700195,
            "y": 0.583072
          },
          "30": {
            "x": 0.672852,
            "y": 0.583072
          },
          "31": {
            "x": 0.671875,
            "y": 0.581505
          },
          "32": {
            "x": 0.654297,
            "y": 0.579937
          },
          "33": {
            "x": 0.65332,
            "y": 0.57837
          },
          "34": {
            "x": 0.648438,
            "y": 0.57837
          },
          "35": {
            "x": 0.647461,
            "y": 0.576803
          },
          "36": {
            "x": 0.631836,
            "y": 0.575235
          },
          "37": {
            "x": 0.630859,
            "y": 0.573668
          },
          "38": {
            "x": 0.625,
            "y": 0.573668
          },
          "39": {
            "x": 0.624023,
            "y": 0.5721
          },
          "40": {
            "x": 0.609375,
            "y": 0.5721
          },
          "41": {
            "x": 0.604492,
            "y": 0.576803
          },
          "42": {
            "x": 0.602539,
            "y": 0.576803
          },
          "43": {
            "x": 0.592773,
            "y": 0.589342
          },
          "44": {
            "x": 0.578125,
            "y": 0.589342
          },
          "45": {
            "x": 0.577148,
            "y": 0.587774
          },
          "46": {
            "x": 0.568359,
            "y": 0.586207
          },
          "47": {
            "x": 0.567383,
            "y": 0.584639
          },
          "48": {
            "x": 0.563477,
            "y": 0.584639
          },
          "49": {
            "x": 0.5625,
            "y": 0.583072
          },
          "50": {
            "x": 0.564453,
            "y": 0.567398
          },
          "51": {
            "x": 0.569336,
            "y": 0.559561
          },
          "52": {
            "x": 0.570312,
            "y": 0.550157
          },
          "53": {
            "x": 0.573242,
            "y": 0.543887
          },
          "54": {
            "x": 0.571289,
            "y": 0.532915
          },
          "55": {
            "x": 0.569336,
            "y": 0.529781
          },
          "56": {
            "x": 0.563477,
            "y": 0.529781
          },
          "57": {
            "x": 0.556641,
            "y": 0.540752
          },
          "58": {
            "x": 0.549805,
            "y": 0.562696
          },
          "59": {
            "x": 0.547852,
            "y": 0.5721
          },
          "60": {
            "x": 0.549805,
            "y": 0.583072
          },
          "61": {
            "x": 0.548828,
            "y": 0.587774
          },
          "62": {
            "x": 0.555664,
            "y": 0.603448
          },
          "63": {
            "x": 0.5625,
            "y": 0.611285
          },
          "64": {
            "x": 0.576172,
            "y": 0.622257
          },
          "65": {
            "x": 0.579102,
            "y": 0.626959
          },
          "66": {
            "x": 0.59082,
            "y": 0.633229
          },
          "67": {
            "x": 0.594727,
            "y": 0.645768
          },
          "68": {
            "x": 0.597656,
            "y": 0.647335
          },
          "69": {
            "x": 0.601562,
            "y": 0.653605
          },
          "70": {
            "x": 0.606445,
            "y": 0.655172
          },
          "71": {
            "x": 0.610352,
            "y": 0.659875
          },
          "72": {
            "x": 0.613281,
            "y": 0.659875
          },
          "73": {
            "x": 0.618164,
            "y": 0.663009
          },
          "74": {
            "x": 0.62207,
            "y": 0.663009
          },
          "75": {
            "x": 0.625,
            "y": 0.666144
          },
          "76": {
            "x": 0.634766,
            "y": 0.667712
          },
          "77": {
            "x": 0.642578,
            "y": 0.672414
          },
          "78": {
            "x": 0.661133,
            "y": 0.677116
          },
          "79": {
            "x": 0.665039,
            "y": 0.680251
          },
          "80": {
            "x": 0.668945,
            "y": 0.680251
          },
          "81": {
            "x": 0.672852,
            "y": 0.683386
          },
          "82": {
            "x": 0.675781,
            "y": 0.683386
          },
          "83": {
            "x": 0.679688,
            "y": 0.688088
          },
          "84": {
            "x": 0.688477,
            "y": 0.691223
          },
          "85": {
            "x": 0.699219,
            "y": 0.700627
          },
          "86": {
            "x": 0.705078,
            "y": 0.702194
          },
          "87": {
            "x": 0.711914,
            "y": 0.706897
          },
          "88": {
            "x": 0.71582,
            "y": 0.706897
          },
          "89": {
            "x": 0.72168,
            "y": 0.710031
          },
          "90": {
            "x": 0.726562,
            "y": 0.710031
          },
          "91": {
            "x": 0.735352,
            "y": 0.714734
          },
          "92": {
            "x": 0.739258,
            "y": 0.714734
          },
          "93": {
            "x": 0.745117,
            "y": 0.719436
          },