{
  "labels": {
    "92": [
      {
        "is_tti": 0,
        "non_interaction_tool": "Dissector",
        "tti_polygon": {
          "0": {
            "x": 0.579151,
            "y": 0
          },
          "1": {
            "x": 0.57722,
            "y": 0.002475
          },
          "2": {
            "x": 0.550193,
            "y": 0.002475
          },
          "3": {
            "x": 0.548263,
            "y": 0.00495
          },
          "4": {
            "x": 0.542471,
            "y": 0.00495
          },
          "5": {
            "x": 0.542471,
            "y": 0.009901
          },
          "6": {
            "x": 0.53861,
            "y": 0.019802
          },
          "7": {
            "x": 0.534749,
            "y": 0.024752
          },
          "8": {
            "x": 0.534749,
            "y": 0.029703
          },
          "9": {
            "x": 0.530888,
            "y": 0.037129
          },
          "10": {
            "x": 0.528958,
            "y": 0.049505
          },
          "11": {
            "x": 0.527027,
            "y": 0.05198
          },
          "12": {
            "x": 0.527027,
            "y": 0.056931
          },
          "13": {
            "x": 0.515444,
            "y": 0.086634
          },
          "14": {
            "x": 0.515444,
            "y": 0.091584
          },
          "15": {
            "x": 0.513514,
            "y": 0.094059
          },
          "16": {
            "x": 0.513514,
            "y": 0.106436
          },
          "17": {
            "x": 0.511583,
            "y": 0.108911
          },
          "18": {
            "x": 0.509653,
            "y": 0.108911
          },
          "19": {
            "x": 0.507722,
            "y": 0.118812
          },
          "20": {
            "x": 0.505792,
            "y": 0.121287
          },
          "21": {
            "x": 0.503861,
            "y": 0.138614
          },
          "22": {
            "x": 0.501931,
            "y": 0.141089
          },
          "23": {
            "x": 0.501931,
            "y": 0.153465
          },
          "24": {
            "x": 0.5,
            "y": 0.155941
          },
          "25": {
            "x": 0.498069,
            "y": 0.155941
          },
          "26": {
            "x": 0.498069,
            "y": 0.158416
          },
          "27": {
            "x": 0.494208,
            "y": 0.163366
          },
          "28": {
            "x": 0.492278,
            "y": 0.173267
          },
          "29": {
            "x": 0.488417,
            "y": 0.180693
          },
          "30": {
            "x": 0.488417,
            "y": 0.188119
          },
          "31": {
            "x": 0.484556,
            "y": 0.19802
          },
          "32": {
            "x": 0.484556,
            "y": 0.205446
          },
          "33": {
            "x": 0.482625,
            "y": 0.207921
          },
          "34": {
            "x": 0.482625,
            "y": 0.215347
          },
          "35": {
            "x": 0.478764,
            "y": 0.225248
          },
          "36": {
            "x": 0.478764,
            "y": 0.235149
          },
          "37": {
            "x": 0.471042,
            "y": 0.25495
          },
          "38": {
            "x": 0.46332,
            "y": 0.294554
          },
          "39": {
            "x": 0.459459,
            "y": 0.30198
          },
          "40": {
            "x": 0.459459,
            "y": 0.306931
          },
          "41": {
            "x": 0.457529,
            "y": 0.309406
          },
          "42": {
            "x": 0.455598,
            "y": 0.321782
          },
          "43": {
            "x": 0.453668,
            "y": 0.324257
          },
          "44": {
            "x": 0.453668,
            "y": 0.329208
          },
          "45": {
            "x": 0.449807,
            "y": 0.336634
          },
          "46": {
            "x": 0.449807,
            "y": 0.341584
          },
          "47": {
            "x": 0.444015,
            "y": 0.35396
          },
          "48": {
            "x": 0.442085,
            "y": 0.366337
          },
          "49": {
            "x": 0.438224,
            "y": 0.373762
          },
          "50": {
            "x": 0.438224,
            "y": 0.381188
          },
          "51": {
            "x": 0.434363,
            "y": 0.391089
          },
          "52": {
            "x": 0.434363,
            "y": 0.398515
          },
          "53": {
            "x": 0.436293,
            "y": 0.403465
          },
          "54": {
            "x": 0.442085,
            "y": 0.410891
          },
          "55": {
            "x": 0.444015,
            "y": 0.410891
          },
          "56": {
            "x": 0.445946,
            "y": 0.413366
          },
          "57": {
            "x": 0.453668,
            "y": 0.413366
          },
          "58": {
            "x": 0.455598,
            "y": 0.410891
          },
          "59": {
            "x": 0.457529,
            "y": 0.410891
          },
          "60": {
            "x": 0.471042,
            "y": 0.393564
          },
          "61": {
            "x": 0.474903,
            "y": 0.383663
          },
          "62": {
            "x": 0.478764,
            "y": 0.378713
          },
          "63": {
            "x": 0.478764,
            "y": 0.376238
          },
          "64": {
            "x": 0.484556,
            "y": 0.368812
          },
          "65": {
            "x": 0.484556,
            "y": 0.366337
          },
          "66": {
            "x": 0.492278,
            "y": 0.35396
          },
          "67": {
            "x": 0.494208,
            "y": 0.344059
          },
          "68": {
            "x": 0.498069,
            "y": 0.339109
          },
          "69": {
            "x": 0.5,
            "y": 0.331683
          },
          "70": {
            "x": 0.507722,
            "y": 0.319307
          },
          "71": {
            "x": 0.511583,
            "y": 0.306931
          },
          "72": {
            "x": 0.515444,
            "y": 0.30198
          },
          "73": {
            "x": 0.515444,
            "y": 0.29703
          },
          "74": {
            "x": 0.519305,
            "y": 0.292079
          },
          "75": {
            "x": 0.525097,
            "y": 0.277228
          },
          "76": {
            "x": 0.527027,
            "y": 0.257426
          },
          "77": {
            "x": 0.528958,
            "y": 0.25495
          },
          "78": {
            "x": 0.528958,
            "y": 0.242574
          },
          "79": {
            "x": 0.532819,
            "y": 0.235149
          },
          "80": {
            "x": 0.532819,
            "y": 0.230198
          },
          "81": {
            "x": 0.540541,
            "y": 0.217822
          },
          "82": {
            "x": 0.540541,
            "y": 0.215347
          },
          "83": {
            "x": 0.546332,
            "y": 0.207921
          },
          "84": {
            "x": 0.548263,
            "y": 0.200495
          },
          "85": {
            "x": 0.563707,
            "y": 0.180693
          },
          "86": {
            "x": 0.563707,
            "y": 0.178218
          },
          "87": {
            "x": 0.57529,
            "y": 0.160891
          },
          "88": {
            "x": 0.57722,
            "y": 0.148515
          },
          "89": {
            "x": 0.579151,
            "y": 0.14604
          },
          "90": {
            "x": 0.579151,
            "y": 0.138614
          },
          "91": {
            "x": 0.584942,
            "y": 0.123762
          },
          "92": {
            "x": 0.590734,
            "y": 0.116337
          },
          "93": {
            "x": 0.592664,
            "y": 0.108911
          },