{
  "labels": {
    "0": [
      {
        "is_tti": 0,
        "non_interaction_tool": "Cautery (Hook, Spatula)",
        "instrument_polygon": {
          "0": {
            "x": 0.995117,
            "y": 0.280564
          },
          "1": {
            "x": 0.955078,
            "y": 0.311912
          },
          "2": {
            "x": 0.953125,
            "y": 0.311912
          },
          "3": {
            "x": 0.943359,
            "y": 0.319749
          },
          "4": {
            "x": 0.938477,
            "y": 0.321317
          },
          "5": {
            "x": 0.935547,
            "y": 0.324451
          },
          "6": {
            "x": 0.930664,
            "y": 0.326019
          },
          "7": {
            "x": 0.927734,
            "y": 0.329154
          },
          "8": {
            "x": 0.895508,
            "y": 0.346395
          },
          "9": {
            "x": 0.884766,
            "y": 0.34953
          },
          "10": {
            "x": 0.880859,
            "y": 0.352665
          },
          "11": {
            "x": 0.874023,
            "y": 0.354232
          },
          "12": {
            "x": 0.870117,
            "y": 0.357367
          },
          "13": {
            "x": 0.855469,
            "y": 0.362069
          },
          "14": {
            "x": 0.854492,
            "y": 0.363636
          },
          "15": {
            "x": 0.851562,
            "y": 0.363636
          },
          "16": {
            "x": 0.838867,
            "y": 0.371473
          },
          "17": {
            "x": 0.834961,
            "y": 0.371473
          },
          "18": {
            "x": 0.833984,
            "y": 0.373041
          },
          "19": {
            "x": 0.823242,
            "y": 0.376176
          },
          "20": {
            "x": 0.820312,
            "y": 0.37931
          },
          "21": {
            "x": 0.811523,
            "y": 0.382445
          },
          "22": {
            "x": 0.800781,
            "y": 0.393417
          },
          "23": {
            "x": 0.797852,
            "y": 0.399687
          },
          "24": {
            "x": 0.794922,
            "y": 0.413793
          },
          "25": {
            "x": 0.791992,
            "y": 0.418495
          },
          "26": {
            "x": 0.790039,
            "y": 0.418495
          },
          "27": {
            "x": 0.768555,
            "y": 0.434169
          },
          "28": {
            "x": 0.759766,
            "y": 0.438871
          },
          "29": {
            "x": 0.756836,
            "y": 0.438871
          },
          "30": {
            "x": 0.753906,
            "y": 0.442006
          },
          "31": {
            "x": 0.750977,
            "y": 0.442006
          },
          "32": {
            "x": 0.74707,
            "y": 0.445141
          },
          "33": {
            "x": 0.738281,
            "y": 0.446708
          },
          "34": {
            "x": 0.734375,
            "y": 0.449843
          },
          "35": {
            "x": 0.730469,
            "y": 0.449843
          },
          "36": {
            "x": 0.726562,
            "y": 0.452978
          },
          "37": {
            "x": 0.717773,
            "y": 0.454545
          },
          "38": {
            "x": 0.716797,
            "y": 0.456113
          },
          "39": {
            "x": 0.711914,
            "y": 0.454545
          },
          "40": {
            "x": 0.705078,
            "y": 0.442006
          },
          "41": {
            "x": 0.700195,
            "y": 0.402821
          },
          "42": {
            "x": 0.694336,
            "y": 0.39185
          },
          "43": {
            "x": 0.685547,
            "y": 0.387147
          },
          "44": {
            "x": 0.677734,
            "y": 0.388715
          },
          "45": {
            "x": 0.667969,
            "y": 0.398119
          },
          "46": {
            "x": 0.658203,
            "y": 0.404389
          },
          "47": {
            "x": 0.657227,
            "y": 0.412226
          },
          "48": {
            "x": 0.660156,
            "y": 0.413793
          },
          "49": {
            "x": 0.670898,
            "y": 0.413793
          },
          "50": {
            "x": 0.671875,
            "y": 0.415361
          },
          "51": {
            "x": 0.674805,
            "y": 0.415361
          },
          "52": {
            "x": 0.677734,
            "y": 0.420063
          },
          "53": {
            "x": 0.6875,
            "y": 0.449843
          },
          "54": {
            "x": 0.692383,
            "y": 0.459248
          },
          "55": {
            "x": 0.701172,
            "y": 0.470219
          },
          "56": {
            "x": 0.711914,
            "y": 0.478056
          },
          "57": {
            "x": 0.71875,
            "y": 0.479624
          },
          "58": {
            "x": 0.719727,
            "y": 0.481191
          },
          "59": {
            "x": 0.738281,
            "y": 0.482759
          },
          "60": {
            "x": 0.739258,
            "y": 0.484326
          },
          "61": {
            "x": 0.742188,
            "y": 0.482759
          },
          "62": {
            "x": 0.769531,
            "y": 0.481191
          },
          "63": {
            "x": 0.770508,
            "y": 0.479624
          },
          "64": {
            "x": 0.776367,
            "y": 0.479624
          },
          "65": {
            "x": 0.777344,
            "y": 0.478056
          },
          "66": {
            "x": 0.806641,
            "y": 0.476489
          },
          "67": {
            "x": 0.8125,
            "y": 0.482759
          },
          "68": {
            "x": 0.820312,
            "y": 0.487461
          },
          "69": {
            "x": 0.84082,
            "y": 0.487461
          },
          "70": {
            "x": 0.844727,
            "y": 0.484326
          },
          "71": {
            "x": 0.860352,
            "y": 0.481191
          },
          "72": {
            "x": 0.866211,
            "y": 0.478056
          },
          "73": {
            "x": 0.870117,
            "y": 0.478056
          },
          "74": {
            "x": 0.871094,
            "y": 0.476489
          },
          "75": {
            "x": 0.875,
            "y": 0.476489
          },
          "76": {
            "x": 0.875977,
            "y": 0.474922
          },
          "77": {
            "x": 0.880859,
            "y": 0.474922
          },
          "78": {
            "x": 0.889648,
            "y": 0.470219
          },
          "79": {
            "x": 0.905273,
            "y": 0.467085
          },
          "80": {
            "x": 0.911133,
            "y": 0.46395
          },
          "81": {
            "x": 0.915039,
            "y": 0.46395
          },
          "82": {
            "x": 0.918945,
            "y": 0.460815
          },
          "83": {
            "x": 0.929688,
            "y": 0.459248
          },
          "84": {
            "x": 0.935547,
            "y": 0.456113
          },
          "85": {
            "x": 0.948242,
            "y": 0.454545
          },
          "86": {
            "x": 0.949219,
            "y": 0.452978
          },
          "87": {
            "x": 0.956055,
            "y": 0.452978
          },
          "88": {
            "x": 0.957031,
            "y": 0.451411
          },
          "89": {
            "x": 0.963867,
            "y": 0.451411
          },
          "90": {
            "x": 0.969727,
            "y": 0.448276
          },
          "91": {
            "x": 0.978516,
            "y": 0.448276
          },
          "92": {
            "x": 0.979492,
            "y": 0.446708
          },
          "93": {
            "x": 0.985352,