{
  "labels": {
    "93": [
      {
        "is_tti": 0,
        "non_interaction_tool": "Cautery (Hook, Spatula)",
        "instrument_polygon": {
          "0": {
            "x": 0.555422,
            "y": 0
          },
          "1": {
            "x": 0.553012,
            "y": 0.012963
          },
          "2": {
            "x": 0.557831,
            "y": 0.016667
          },
          "3": {
            "x": 0.557831,
            "y": 0.02037
          },
          "4": {
            "x": 0.554217,
            "y": 0.025926
          },
          "5": {
            "x": 0.553012,
            "y": 0.044444
          },
          "6": {
            "x": 0.555422,
            "y": 0.05
          },
          "7": {
            "x": 0.554217,
            "y": 0.053704
          },
          "8": {
            "x": 0.554217,
            "y": 0.064815
          },
          "9": {
            "x": 0.556627,
            "y": 0.075926
          },
          "10": {
            "x": 0.555422,
            "y": 0.07963
          },
          "11": {
            "x": 0.557831,
            "y": 0.083333
          },
          "12": {
            "x": 0.555422,
            "y": 0.094444
          },
          "13": {
            "x": 0.557831,
            "y": 0.103704
          },
          "14": {
            "x": 0.557831,
            "y": 0.12037
          },
          "15": {
            "x": 0.559036,
            "y": 0.122222
          },
          "16": {
            "x": 0.557831,
            "y": 0.124074
          },
          "17": {
            "x": 0.559036,
            "y": 0.12963
          },
          "18": {
            "x": 0.559036,
            "y": 0.168519
          },
          "19": {
            "x": 0.555422,
            "y": 0.188889
          },
          "20": {
            "x": 0.555422,
            "y": 0.2
          },
          "21": {
            "x": 0.551807,
            "y": 0.212963
          },
          "22": {
            "x": 0.553012,
            "y": 0.214815
          },
          "23": {
            "x": 0.551807,
            "y": 0.222222
          },
          "24": {
            "x": 0.549398,
            "y": 0.227778
          },
          "25": {
            "x": 0.549398,
            "y": 0.237037
          },
          "26": {
            "x": 0.544578,
            "y": 0.248148
          },
          "27": {
            "x": 0.543373,
            "y": 0.259259
          },
          "28": {
            "x": 0.539759,
            "y": 0.268519
          },
          "29": {
            "x": 0.533735,
            "y": 0.298148
          },
          "30": {
            "x": 0.53012,
            "y": 0.305556
          },
          "31": {
            "x": 0.528916,
            "y": 0.305556
          },
          "32": {
            "x": 0.525301,
            "y": 0.331481
          },
          "33": {
            "x": 0.525301,
            "y": 0.364815
          },
          "34": {
            "x": 0.527711,
            "y": 0.368519
          },
          "35": {
            "x": 0.527711,
            "y": 0.37963
          },
          "36": {
            "x": 0.536145,
            "y": 0.398148
          },
          "37": {
            "x": 0.539759,
            "y": 0.411111
          },
          "38": {
            "x": 0.544578,
            "y": 0.414815
          },
          "39": {
            "x": 0.549398,
            "y": 0.414815
          },
          "40": {
            "x": 0.555422,
            "y": 0.418519
          },
          "41": {
            "x": 0.562651,
            "y": 0.418519
          },
          "42": {
            "x": 0.563855,
            "y": 0.42037
          },
          "43": {
            "x": 0.56988,
            "y": 0.42037
          },
          "44": {
            "x": 0.571084,
            "y": 0.422222
          },
          "45": {
            "x": 0.573494,
            "y": 0.42037
          },
          "46": {
            "x": 0.577108,
            "y": 0.42037
          },
          "47": {
            "x": 0.578313,
            "y": 0.422222
          },
          "48": {
            "x": 0.587952,
            "y": 0.422222
          },
          "49": {
            "x": 0.589157,
            "y": 0.42037
          },
          "50": {
            "x": 0.595181,
            "y": 0.42037
          },
          "51": {
            "x": 0.60241,
            "y": 0.411111
          },
          "52": {
            "x": 0.603614,
            "y": 0.407407
          },
          "53": {
            "x": 0.60241,
            "y": 0.398148
          },
          "54": {
            "x": 0.598795,
            "y": 0.390741
          },
          "55": {
            "x": 0.593976,
            "y": 0.387037
          },
          "56": {
            "x": 0.591566,
            "y": 0.387037
          },
          "57": {
            "x": 0.585542,
            "y": 0.381481
          },
          "58": {
            "x": 0.583133,
            "y": 0.381481
          },
          "59": {
            "x": 0.579518,
            "y": 0.374074
          },
          "60": {
            "x": 0.575904,
            "y": 0.374074
          },
          "61": {
            "x": 0.568675,
            "y": 0.362963
          },
          "62": {
            "x": 0.56988,
            "y": 0.361111
          },
          "63": {
            "x": 0.566265,
            "y": 0.351852
          },
          "64": {
            "x": 0.566265,
            "y": 0.335185
          },
          "65": {
            "x": 0.568675,
            "y": 0.32963
          },
          "66": {
            "x": 0.568675,
            "y": 0.318519
          },
          "67": {
            "x": 0.571084,
            "y": 0.309259
          },
          "68": {
            "x": 0.572289,
            "y": 0.287037
          },
          "69": {
            "x": 0.574699,
            "y": 0.274074
          },
          "70": {
            "x": 0.573494,
            "y": 0.27037
          },
          "71": {
            "x": 0.575904,
            "y": 0.266667
          },
          "72": {
            "x": 0.578313,
            "y": 0.266667
          },
          "73": {
            "x": 0.574699,
            "y": 0.262963
          },
          "74": {
            "x": 0.575904,
            "y": 0.259259
          },
          "75": {
            "x": 0.577108,
            "y": 0.259259
          },
          "76": {
            "x": 0.577108,
            "y": 0.257407
          },
          "77": {
            "x": 0.574699,
            "y": 0.255556
          },
          "78": {
            "x": 0.575904,
            "y": 0.253704
          },
          "79": {
            "x": 0.579518,
            "y": 0.253704
          },
          "80": {
            "x": 0.580723,
            "y": 0.246296
          },
          "81": {
            "x": 0.581928,
            "y": 0.227778
          },
          "82": {
            "x": 0.584337,
            "y": 0.222222
          },
          "83": {
            "x": 0.584337,
            "y": 0.214815
          },
          "84": {
            "x": 0.587952,
            "y": 0.196296
          },
          "85": {
            "x": 0.589157,
            "y": 0.166667
          },
          "86": {
            "x": 0.591566,
            "y": 0.161111
          },
          "87": {
            "x": 0.595181,
            "y": 0.168519
          },
          "88": {
            "x": 0.595181,
            "y": 0.172222
          },
          "89": {
            "x": 0.595181,
            "y": 0.168519
          },
          "90": {
            "x": 0.59759,
            "y": 0.164815
          },
          "91": {
            "x": 0.613253,
            "y": 0.162963
          },
          "92": {
            "x": 0.614458,
            "y": 0.161111
          },
          "93": {
            "x": 0.616867,
            "y": 0.161111
          },