{
  "labels": {
    "0": [
      {
        "instrument_polygon": {
          "0": {
            "x": 0.007059,
            "y": 0.372385
          },
          "1": {
            "x": 0.003529,
            "y": 0.387029
          },
          "10": {
            "x": 0.049412,
            "y": 0.502092
          },
          "11": {
            "x": 0.050588,
            "y": 0.5
          },
          "12": {
            "x": 0.062353,
            "y": 0.5
          },
          "13": {
            "x": 0.063529,
            "y": 0.502092
          },
          "14": {
            "x": 0.064706,
            "y": 0.5
          },
          "15": {
            "x": 0.132941,
            "y": 0.5
          },
          "16": {
            "x": 0.134118,
            "y": 0.497908
          },
          "17": {
            "x": 0.138824,
            "y": 0.497908
          },
          "18": {
            "x": 0.14,
            "y": 0.5
          },
          "19": {
            "x": 0.144706,
            "y": 0.5
          },
          "2": {
            "x": 0.004706,
            "y": 0.391213
          },
          "20": {
            "x": 0.145882,
            "y": 0.497908
          },
          "21": {
            "x": 0.156471,
            "y": 0.497908
          },
          "22": {
            "x": 0.157647,
            "y": 0.5
          },
          "23": {
            "x": 0.177647,
            "y": 0.5
          },
          "24": {
            "x": 0.181176,
            "y": 0.495816
          },
          "25": {
            "x": 0.190588,
            "y": 0.495816
          },
          "26": {
            "x": 0.191765,
            "y": 0.493724
          },
          "27": {
            "x": 0.197647,
            "y": 0.493724
          },
          "28": {
            "x": 0.198824,
            "y": 0.491632
          },
          "29": {
            "x": 0.202353,
            "y": 0.491632
          },
          "3": {
            "x": 0.001176,
            "y": 0.399582
          },
          "30": {
            "x": 0.204706,
            "y": 0.495816
          },
          "31": {
            "x": 0.209412,
            "y": 0.491632
          },
          "32": {
            "x": 0.217647,
            "y": 0.48954
          },
          "33": {
            "x": 0.22,
            "y": 0.483264
          },
          "34": {
            "x": 0.223529,
            "y": 0.483264
          },
          "35": {
            "x": 0.231765,
            "y": 0.466527
          },
          "36": {
            "x": 0.234118,
            "y": 0.433054
          },
          "37": {
            "x": 0.229412,
            "y": 0.414226
          },
          "38": {
            "x": 0.221176,
            "y": 0.405858
          },
          "39": {
            "x": 0.218824,
            "y": 0.405858
          },
          "4": {
            "x": 0,
            "y": 0.399582
          },
          "40": {
            "x": 0.216471,
            "y": 0.401674
          },
          "41": {
            "x": 0.211765,
            "y": 0.401674
          },
          "42": {
            "x": 0.210588,
            "y": 0.399582
          },
          "43": {
            "x": 0.198824,
            "y": 0.399582
          },
          "44": {
            "x": 0.197647,
            "y": 0.39749
          },
          "45": {
            "x": 0.192941,
            "y": 0.39749
          },
          "46": {
            "x": 0.191765,
            "y": 0.395397
          },
          "47": {
            "x": 0.185882,
            "y": 0.393305
          },
          "48": {
            "x": 0.184706,
            "y": 0.391213
          },
          "49": {
            "x": 0.187059,
            "y": 0.387029
          },
          "5": {
            "x": 0,
            "y": 0.502092
          },
          "50": {
            "x": 0.183529,
            "y": 0.387029
          },
          "51": {
            "x": 0.182353,
            "y": 0.384937
          },
          "52": {
            "x": 0.175294,
            "y": 0.384937
          },
          "53": {
            "x": 0.174118,
            "y": 0.382845
          },
          "54": {
            "x": 0.171765,
            "y": 0.384937
          },
          "55": {
            "x": 0.167059,
            "y": 0.384937
          },
          "56": {
            "x": 0.165882,
            "y": 0.382845
          },
          "57": {
            "x": 0.157647,
            "y": 0.382845
          },
          "58": {
            "x": 0.156471,
            "y": 0.384937
          },
          "59": {
            "x": 0.151765,
            "y": 0.384937
          },
          "6": {
            "x": 0.034118,
            "y": 0.502092
          },
          "60": {
            "x": 0.150588,
            "y": 0.382845
          },
          "61": {
            "x": 0.141176,
            "y": 0.382845
          },
          "62": {
            "x": 0.14,
            "y": 0.380753
          },
          "63": {
            "x": 0.129412,
            "y": 0.380753
          },
          "64": {
            "x": 0.128235,
            "y": 0.378661
          },
          "65": {
            "x": 0.123529,
            "y": 0.378661
          },
          "66": {
            "x": 0.122353,
            "y": 0.380753
          },
          "67": {
            "x": 0.109412,
            "y": 0.380753
          },
          "68": {
            "x": 0.108235,
            "y": 0.378661
          },
          "69": {
            "x": 0.078824,
            "y": 0.378661
          },
          "7": {
            "x": 0.035294,
            "y": 0.5
          },
          "70": {
            "x": 0.077647,
            "y": 0.376569
          },
          "71": {
            "x": 0.069412,
            "y": 0.376569
          },
          "72": {
            "x": 0.068235,
            "y": 0.374477
          },
          "73": {
            "x": 0.054118,
            "y": 0.374477
          },
          "74": {
            "x": 0.051765,
            "y": 0.372385
          },
          "75": {
            "x": 0.050588,
            "y": 0.374477
          },
          "76": {
            "x": 0.045882,
            "y": 0.374477
          },
          "77": {
            "x": 0.043529,
            "y": 0.372385
          },
          "78": {
            "x": 0.042353,
            "y": 0.374477
          },
          "79": {
            "x": 0.04,
            "y": 0.374477
          },
          "8": {
            "x": 0.045882,
            "y": 0.5
          },
          "80": {
            "x": 0.038824,
            "y": 0.372385
          },
          "9": {
            "x": 0.047059,
            "y": 0.502092
          }
        },
        "instrument_type": "Grasper"
      },
      {
        "is_tti": 1,
        "interaction_type": "Retract and grab",
        "interaction_tool": "Grasper",
        "tti_polygon": {
          "0": {
            "x": 0.17691600491976486,
            "y": 0.5314996834052327
          },
          "1": {
            "x": 0.1735393416099848,
            "y": 0.5109540183445022
          },
          "10": {
            "x": 0.2164944198639635,
            "y": 0.3561711703551664
          },
          "11": {
            "x": 0.22747051030178955,
            "y": 0.3661297858601555
          },
          "12": {
            "x": 0.23744056659842827,
            "y": 0.37809296837374906
          },
          "13": {
            "x": 0.24574937677474737,
            "y": 0.3940056524763779
          },
          "14": {
            "x": 0.2507924453542891,
            "y": 0.413803618630009
          },
          "15": {
            "x": 0.25284836640692065,
            "y": 0.4358263330655008
          },
          "16": {
            "x": 0.24998761804133918,
            "y": 0.45689492865021525
          },
          "17": {
            "x": 0.244745922208281,