{
  "labels": {
    "2": [
      {
        "instrument_polygon": {
          "0": {
            "x": 0.8773428872526555,
            "y": 0.041911679087098246
          },
          "1": {
            "x": 0.8607974473477621,
            "y": 0.05390151956217976
          },
          "2": {
            "x": 0.8458164559606801,
            "y": 0.062316240684676255
          },
          "3": {
            "x": 0.8323824527284882,
            "y": 0.07478367343968326
          },
          "4": {
            "x": 0.8187040044153882,
            "y": 0.08800160834885884
          },
          "5": {
            "x": 0.8022214218170138,
            "y": 0.09532014147647877
          },
          "6": {
            "x": 0.7857004264202111,
            "y": 0.10166529605263154
          },
          "7": {
            "x": 0.7694413364672384,
            "y": 0.10936135450628783
          },
          "8": {
            "x": 0.7537339939826013,
            "y": 0.11840831683744757
          },
          "9": {
            "x": 0.7399123706935409,
            "y": 0.13017982941313458
          },
          "10": {
            "x": 0.7251723323147827,
            "y": 0.14121448532836514
          },
          "11": {
            "x": 0.7092903862009254,
            "y": 0.14805997467396365
          },
          "12": {
            "x": 0.6929963755221088,
            "y": 0.14758238239403815
          },
          "13": {
            "x": 0.6812804720014424,
            "y": 0.13233126892175123
          },
          "14": {
            "x": 0.6687613917863634,
            "y": 0.11864483872845827
          },
          "15": {
            "x": 0.6569512023059182,
            "y": 0.10278877503493243
          },
          "16": {
            "x": 0.6421797352739005,
            "y": 0.09280937063344198
          },
          "17": {
            "x": 0.6232527018664451,
            "y": 0.08972548905449461
          },
          "18": {
            "x": 0.6096999681663837,
            "y": 0.10155158360503024
          },
          "19": {
            "x": 0.6111421941437414,
            "y": 0.12275668083372145
          },
          "20": {
            "x": 0.6206126949926378,
            "y": 0.14033662523288304
          },
          "21": {
            "x": 0.6334530458854816,
            "y": 0.15375014555193292
          },
          "22": {
            "x": 0.6464645083349609,
            "y": 0.16741383325570558
          },
          "23": {
            "x": 0.6589416836790268,
            "y": 0.18202360852352115
          },
          "24": {
            "x": 0.6727214020970745,
            "y": 0.19357224470190962
          },
          "25": {
            "x": 0.6905763692211188,
            "y": 0.20126830315556585
          },
          "26": {
            "x": 0.7078411760783988,
            "y": 0.20336516068933394
          },
          "27": {
            "x": 0.7238278843697882,
            "y": 0.20620342338146247
          },
          "28": {
            "x": 0.7346812459621076,
            "y": 0.22315112657196085
          },
          "29": {
            "x": 0.7466031817652539,
            "y": 0.23757896192361433
          },
          "30": {
            "x": 0.7611825848051292,
            "y": 0.2475174298439683
          },
          "31": {
            "x": 0.7793239018810943,
            "y": 0.2407674589543549
          },
          "32": {
            "x": 0.7973010915455924,
            "y": 0.2349271876455519
          },
          "33": {
            "x": 0.8177436844546779,
            "y": 0.22801347083139262
          },
          "34": {
            "x": 0.8334475348667306,
            "y": 0.21830697630414528
          },
          "35": {
            "x": 0.8482120177535796,
            "y": 0.20912355903586397
          },
          "36": {
            "x": 0.8669644475318148,
            "y": 0.20912355903586397
          },
          "37": {
            "x": 0.8859683065361268,
            "y": 0.2034333881578947
          },
          "38": {
            "x": 0.9017594587627897,
            "y": 0.19825264904517928
          },
          "39": {
            "x": 0.9176134682959718,
            "y": 0.19281719404983694
          },
          "40": {
            "x": 0.9354893878555222,
            "y": 0.18749999999999997
          },
          "41": {
            "x": 0.949852282395165,
            "y": 0.17813009431765248
          },
          "42": {
            "x": 0.9348293861370703,
            "y": 0.14916525966464833
          },
          "43": {
            "x": 0.9255230126996409,
            "y": 0.12732792122729386
          },
          "44": {
            "x": 0.918503946804994,
            "y": 0.10710529954587794
          },
          "45": {
            "x": 0.9101788457637814,
            "y": 0.08902047187936651
          },
          "46": {
            "x": 0.9003277090031853,
            "y": 0.06875691371681412
          },
          "47": {
            "x": 0.8884686305065581,
            "y": 0.05407891098043779
          }
        },
        "instrument_type": "Cautery (Hook, Spatula)"
      },
      {
        "is_tti": 1,
        "interaction_type": "Energy - sharp dissection",
        "interaction_tool": "Cautery (Hook, Spatula)",
        "tti_polygon": {
          "0": {
            "x": 0.6940125686441696,
            "y": 0.1079649656497438
          },
          "1": {
            "x": 0.6786195126921284,
            "y": 0.11448751164415459
          },
          "2": {
            "x": 0.6656988441298434,
            "y": 0.1280465838961341
          },
          "3": {
            "x": 0.6574051717418904,
            "y": 0.15205355583372146
          },
          "4": {
            "x": 0.649823882161155,
            "y": 0.1724262779459711
          },
          "5": {
            "x": 0.6476238764329821,
            "y": 0.19354950221238934
          },
          "6": {
            "x": 0.6476238764329821,
            "y": 0.2146044990102468
          },
          "7": {
            "x": 0.6483502275305376,
            "y": 0.2364782254308337
          },
          "8": {
            "x": 0.6544508783354869,
            "y": 0.26020773899627386
          },
          "9": {
            "x": 0.6644975711608094,
            "y": 0.277396512575687
          },
          "10": {
            "x": 0.6774880811747823,
            "y": 0.2915059530740568
          },
          "11": {
            "x": 0.696174161573914,
            "y": 0.30362315149045177
          },
          "12": {
            "x": 0.7120910284136154,
            "y": 0.29957498835584534
          },
          "13": {
            "x": 0.7229339137881815,
            "y": 0.28400548003027476
          },
          "14": {
            "x": 0.7321844140642605,
            "y": 0.26669844550535626
          },
          "15": {
            "x": 0.7423114245590245,
            "y": 0.24424251135305072
          },
          "16": {
            "x": 0.7484435040172333,
            "y": 0.2246293883907778
          },
          "17": {
            "x": 0.7506225573098998,
            "y": 0.20268743450163015
          },
          "18": {
            "x": 0.7529517697236954,
            "y": 0.18099564799720536
          },
          "19": {
            "x": 0.753314945272473,
            "y": 0.15840325890777826
          },
          "20": {
            "x": 0.7493095380181648,
            "y": 0.13784404838146247
          },
          "21": {
            "x": 0.7415990417518066,
            "y": 0.1192497889496972
          },
          "22": {
            "x": 0.7276971007933049,
            "y": 0.10830155449464365
          },
          "23": {
            "x": 0.7131456343341045,
            "y": 0.10616830897764319
          }
        }
      }
    ],
    "97": [
      {
        "is_tti": 0,
        "non_interaction_tool": "Cautery (Hook, Spatula)",