{
  "labels": {
    "81": [
      {
        "instrument_polygon": {
          "0": {
            "x": 0.702899,
            "y": 0
          },
          "1": {
            "x": 0.702899,
            "y": 0.004167
          },
          "2": {
            "x": 0.704348,
            "y": 0.004167
          },
          "3": {
            "x": 0.713043,
            "y": 0.016667
          },
          "4": {
            "x": 0.718841,
            "y": 0.020833
          },
          "5": {
            "x": 0.728986,
            "y": 0.0375
          },
          "6": {
            "x": 0.74058,
            "y": 0.045833
          },
          "7": {
            "x": 0.744928,
            "y": 0.045833
          },
          "8": {
            "x": 0.746377,
            "y": 0.047917
          },
          "9": {
            "x": 0.75942,
            "y": 0.047917
          },
          "10": {
            "x": 0.762319,
            "y": 0.045833
          },
          "11": {
            "x": 0.762319,
            "y": 0.01875
          },
          "12": {
            "x": 0.763768,
            "y": 0.016667
          },
          "13": {
            "x": 0.763768,
            "y": 0.008333
          },
          "14": {
            "x": 0.762319,
            "y": 0.00625
          },
          "15": {
            "x": 0.762319,
            "y": 0
          }
        },
        "instrument_type": "Grasper"
      },
      {
        "is_tti": 1,
        "interaction_type": "Retract and grab",
        "interaction_tool": "Grasper",
        "tti_polygon": {
          "0": {
            "x": 0.68707536805654,
            "y": 0.0036042297391709094
          },
          "1": {
            "x": 0.6920019845689638,
            "y": 0.02348116557987887
          },
          "2": {
            "x": 0.6996877594621413,
            "y": 0.041152079937121534
          },
          "3": {
            "x": 0.7142461169275632,
            "y": 0.05879570330693989
          },
          "4": {
            "x": 0.7266560012960451,
            "y": 0.07120855408709824
          },
          "5": {
            "x": 0.7454448573337923,
            "y": 0.07568882452258964
          },
          "6": {
            "x": 0.7599779014195743,
            "y": 0.07187263478108986
          },
          "7": {
            "x": 0.7731408588323445,
            "y": 0.060897109338611984
          },
          "8": {
            "x": 0.7825099734715781,
            "y": 0.03496612278761059
          },
          "9": {
            "x": 0.7861297867600899,
            "y": 0.013892931998136907
          },
          "10": {
            "x": 0.7864588606954092,
            "y": 0
          }
        }
      }
    ]
  }
}