{
  "labels": {
    "0": [
      {
        "instrument_polygon": {
          "0": {
            "x": 0.070332,
            "y": 0.136268
          },
          "1": {
            "x": 0.069054,
            "y": 0.138365
          },
          "2": {
            "x": 0.06266,
            "y": 0.138365
          },
          "3": {
            "x": 0.054987,
            "y": 0.146751
          },
          "4": {
            "x": 0.054987,
            "y": 0.15304
          },
          "5": {
            "x": 0.048593,
            "y": 0.169811
          },
          "6": {
            "x": 0.038363,
            "y": 0.21174
          },
          "7": {
            "x": 0.033248,
            "y": 0.224319
          },
          "8": {
            "x": 0.030691,
            "y": 0.236897
          },
          "9": {
            "x": 0.030691,
            "y": 0.247379
          },
          "10": {
            "x": 0.026854,
            "y": 0.257862
          },
          "11": {
            "x": 0.023018,
            "y": 0.291405
          },
          "12": {
            "x": 0.019182,
            "y": 0.301887
          },
          "13": {
            "x": 0.019182,
            "y": 0.310273
          },
          "14": {
            "x": 0.046036,
            "y": 0.310273
          },
          "15": {
            "x": 0.048593,
            "y": 0.312369
          },
          "16": {
            "x": 0.049872,
            "y": 0.310273
          },
          "17": {
            "x": 0.06266,
            "y": 0.310273
          },
          "18": {
            "x": 0.065217,
            "y": 0.312369
          },
          "19": {
            "x": 0.066496,
            "y": 0.310273
          },
          "20": {
            "x": 0.078005,
            "y": 0.310273
          },
          "21": {
            "x": 0.079284,
            "y": 0.312369
          },
          "22": {
            "x": 0.080563,
            "y": 0.310273
          },
          "23": {
            "x": 0.11509,
            "y": 0.310273
          },
          "24": {
            "x": 0.116368,
            "y": 0.308176
          },
          "25": {
            "x": 0.132992,
            "y": 0.308176
          },
          "26": {
            "x": 0.134271,
            "y": 0.30608
          },
          "27": {
            "x": 0.14578,
            "y": 0.308176
          },
          "28": {
            "x": 0.147059,
            "y": 0.30608
          },
          "29": {
            "x": 0.176471,
            "y": 0.30608
          },
          "30": {
            "x": 0.180307,
            "y": 0.301887
          },
          "31": {
            "x": 0.203325,
            "y": 0.301887
          },
          "32": {
            "x": 0.20844,
            "y": 0.297694
          },
          "33": {
            "x": 0.209719,
            "y": 0.29979
          },
          "34": {
            "x": 0.230179,
            "y": 0.29979
          },
          "35": {
            "x": 0.231458,
            "y": 0.297694
          },
          "36": {
            "x": 0.254476,
            "y": 0.297694
          },
          "37": {
            "x": 0.255754,
            "y": 0.295597
          },
          "38": {
            "x": 0.258312,
            "y": 0.297694
          },
          "39": {
            "x": 0.259591,
            "y": 0.295597
          },
          "40": {
            "x": 0.265985,
            "y": 0.295597
          },
          "41": {
            "x": 0.267263,
            "y": 0.293501
          },
          "42": {
            "x": 0.268542,
            "y": 0.295597
          },
          "43": {
            "x": 0.272379,
            "y": 0.295597
          },
          "44": {
            "x": 0.274936,
            "y": 0.291405
          },
          "45": {
            "x": 0.277494,
            "y": 0.295597
          },
          "46": {
            "x": 0.287724,
            "y": 0.295597
          },
          "47": {
            "x": 0.289003,
            "y": 0.293501
          },
          "48": {
            "x": 0.317136,
            "y": 0.293501
          },
          "49": {
            "x": 0.318414,
            "y": 0.291405
          },
          "50": {
            "x": 0.319693,
            "y": 0.293501
          },
          "51": {
            "x": 0.328645,
            "y": 0.293501
          },
          "52": {
            "x": 0.329923,
            "y": 0.291405
          },
          "53": {
            "x": 0.349105,
            "y": 0.291405
          },
          "54": {
            "x": 0.350384,
            "y": 0.289308
          },
          "55": {
            "x": 0.359335,
            "y": 0.289308
          },
          "56": {
            "x": 0.361893,
            "y": 0.291405
          },
          "57": {
            "x": 0.363171,
            "y": 0.289308
          },
          "58": {
            "x": 0.37468,
            "y": 0.289308
          },
          "59": {
            "x": 0.375959,
            "y": 0.291405
          },
          "60": {
            "x": 0.377238,
            "y": 0.289308
          },
          "61": {
            "x": 0.420716,
            "y": 0.289308
          },
          "62": {
            "x": 0.421995,
            "y": 0.291405
          },
          "63": {
            "x": 0.424552,
            "y": 0.291405
          },
          "64": {
            "x": 0.425831,
            "y": 0.289308
          },
          "65": {
            "x": 0.442455,
            "y": 0.289308
          },
          "66": {
            "x": 0.443734,
            "y": 0.291405
          },
          "67": {
            "x": 0.44757,
            "y": 0.291405
          },
          "68": {
            "x": 0.452685,
            "y": 0.285115
          },
          "69": {
            "x": 0.451407,
            "y": 0.27673
          },
          "70": {
            "x": 0.452685,
            "y": 0.274633
          },
          "71": {
            "x": 0.450128,
            "y": 0.272537
          },
          "72": {
            "x": 0.445013,
            "y": 0.272537
          },
          "73": {
            "x": 0.443734,
            "y": 0.27044
          },
          "74": {
            "x": 0.445013,
            "y": 0.266247
          },
          "75": {
            "x": 0.438619,
            "y": 0.266247
          },
          "76": {
            "x": 0.43734,
            "y": 0.264151
          },
          "77": {
            "x": 0.43734,
            "y": 0.247379
          },
          "78": {
            "x": 0.438619,
            "y": 0.245283
          },
          "79": {
            "x": 0.441176,
            "y": 0.245283
          },
          "80": {
            "x": 0.442455,
            "y": 0.247379
          },
          "81": {
            "x": 0.443734,
            "y": 0.24109
          },
          "82": {
            "x": 0.459079,
            "y": 0.24109
          },
          "83": {
            "x": 0.461637,
            "y": 0.236897
          },
          "84": {
            "x": 0.466752,
            "y": 0.238994
          },
          "85": {
            "x": 0.466752,
            "y": 0.234801
          },
          "86": {
            "x": 0.469309,
            "y": 0.230608
          },
          "87": {
            "x": 0.474425,
            "y": 0.226415
          },
          "88": {
            "x": 0.483376,
            "y": 0.224319
          },
          "89": {
            "x": 0.485934,
            "y": 0.220126
          },
          "90": {
            "x": 0.476982,
            "y": 0.21174
          },
          "91": {
            "x": 0.471867,
            "y": 0.21174
          },
          "92": {
            "x": 0.470588,
            "y": 0.209644
          },
          "93": {
            "x": 0.465473,
            "y": 0.209644
          },
          "94": {
            "x": 0.464194,