{
  "labels": {
    "37": [
      {
        "is_tti": 0,
        "non_interaction_tool": "Cautery (Hook, Spatula)",
        "instrument_polygon": {
          "0": {
            "x": 0.995294,
            "y": 0.335417
          },
          "1": {
            "x": 0.976471,
            "y": 0.352083
          },
          "10": {
            "x": 0.918824,
            "y": 0.414583
          },
          "11": {
            "x": 0.916471,
            "y": 0.414583
          },
          "12": {
            "x": 0.914118,
            "y": 0.41875
          },
          "13": {
            "x": 0.905882,
            "y": 0.425
          },
          "14": {
            "x": 0.902353,
            "y": 0.43125
          },
          "15": {
            "x": 0.897647,
            "y": 0.435417
          },
          "16": {
            "x": 0.895294,
            "y": 0.435417
          },
          "17": {
            "x": 0.892941,
            "y": 0.439583
          },
          "18": {
            "x": 0.876471,
            "y": 0.454167
          },
          "19": {
            "x": 0.872941,
            "y": 0.454167
          },
          "2": {
            "x": 0.974118,
            "y": 0.352083
          },
          "20": {
            "x": 0.870588,
            "y": 0.458333
          },
          "21": {
            "x": 0.857647,
            "y": 0.46875
          },
          "22": {
            "x": 0.855294,
            "y": 0.472917
          },
          "23": {
            "x": 0.844706,
            "y": 0.48125
          },
          "24": {
            "x": 0.842353,
            "y": 0.485417
          },
          "25": {
            "x": 0.832941,
            "y": 0.49375
          },
          "26": {
            "x": 0.828235,
            "y": 0.495833
          },
          "27": {
            "x": 0.823529,
            "y": 0.502083
          },
          "28": {
            "x": 0.817647,
            "y": 0.504167
          },
          "29": {
            "x": 0.803529,
            "y": 0.516667
          },
          "3": {
            "x": 0.964706,
            "y": 0.364583
          },
          "30": {
            "x": 0.790588,
            "y": 0.51875
          },
          "31": {
            "x": 0.789412,
            "y": 0.520833
          },
          "32": {
            "x": 0.777647,
            "y": 0.520833
          },
          "33": {
            "x": 0.776471,
            "y": 0.522917
          },
          "34": {
            "x": 0.768235,
            "y": 0.522917
          },
          "35": {
            "x": 0.767059,
            "y": 0.525
          },
          "36": {
            "x": 0.76,
            "y": 0.525
          },
          "37": {
            "x": 0.758824,
            "y": 0.527083
          },
          "38": {
            "x": 0.754118,
            "y": 0.527083
          },
          "39": {
            "x": 0.751765,
            "y": 0.525
          },
          "4": {
            "x": 0.952941,
            "y": 0.375
          },
          "40": {
            "x": 0.749412,
            "y": 0.51875
          },
          "41": {
            "x": 0.749412,
            "y": 0.508333
          },
          "42": {
            "x": 0.745882,
            "y": 0.489583
          },
          "43": {
            "x": 0.745882,
            "y": 0.475
          },
          "44": {
            "x": 0.744706,
            "y": 0.472917
          },
          "45": {
            "x": 0.745882,
            "y": 0.464583
          },
          "46": {
            "x": 0.742353,
            "y": 0.454167
          },
          "47": {
            "x": 0.742353,
            "y": 0.447917
          },
          "48": {
            "x": 0.738824,
            "y": 0.4375
          },
          "49": {
            "x": 0.730588,
            "y": 0.4375
          },
          "5": {
            "x": 0.950588,
            "y": 0.38125
          },
          "50": {
            "x": 0.729412,
            "y": 0.4625
          },
          "51": {
            "x": 0.736471,
            "y": 0.504167
          },
          "52": {
            "x": 0.735294,
            "y": 0.50625
          },
          "53": {
            "x": 0.735294,
            "y": 0.529167
          },
          "54": {
            "x": 0.74,
            "y": 0.54375
          },
          "55": {
            "x": 0.74,
            "y": 0.547917
          },
          "56": {
            "x": 0.743529,
            "y": 0.55625
          },
          "57": {
            "x": 0.745882,
            "y": 0.55625
          },
          "58": {
            "x": 0.747059,
            "y": 0.558333
          },
          "59": {
            "x": 0.750588,
            "y": 0.583333
          },
          "6": {
            "x": 0.945882,
            "y": 0.383333
          },
          "60": {
            "x": 0.755294,
            "y": 0.5875
          },
          "61": {
            "x": 0.76,
            "y": 0.5875
          },
          "62": {
            "x": 0.761176,
            "y": 0.589583
          },
          "63": {
            "x": 0.771765,
            "y": 0.589583
          },
          "64": {
            "x": 0.772941,
            "y": 0.5875
          },
          "65": {
            "x": 0.783529,
            "y": 0.5875
          },
          "66": {
            "x": 0.784706,
            "y": 0.585417
          },
          "67": {
            "x": 0.797647,
            "y": 0.585417
          },
          "68": {
            "x": 0.798824,
            "y": 0.583333
          },
          "69": {
            "x": 0.842353,
            "y": 0.583333
          },
          "7": {
            "x": 0.94,
            "y": 0.389583
          },
          "70": {
            "x": 0.843529,
            "y": 0.585417
          },
          "71": {
            "x": 0.855294,
            "y": 0.585417
          },
          "72": {
            "x": 0.856471,
            "y": 0.5875
          },
          "73": {
            "x": 0.877647,
            "y": 0.5875
          },
          "74": {
            "x": 0.878824,
            "y": 0.585417
          },
          "75": {
            "x": 0.890588,
            "y": 0.585417
          },
          "76": {
            "x": 0.891765,
            "y": 0.5875
          },
          "77": {
            "x": 0.894118,
            "y": 0.5875
          },
          "78": {
            "x": 0.895294,
            "y": 0.585417
          },
          "79": {
            "x": 0.921176,
            "y": 0.585417
          },
          "8": {
            "x": 0.934118,
            "y": 0.4
          },
          "80": {
            "x": 0.922353,
            "y": 0.5875
          },
          "81": {
            "x": 0.935294,
            "y": 0.5875
          },
          "82": {
            "x": 0.936471,
            "y": 0.585417
          },
          "83": {
            "x": 0.955294,
            "y": 0.585417
          },
          "84": {
            "x": 0.956471,
            "y": 0.5875
          },
          "85": {
            "x": 0.98,
            "y": 0.5875
          },
          "86": {
            "x": 0.981176,
            "y": 0.585417
          },
          "87": {
            "x": 0.984706,
            "y": 0.585417
          },
          "88": {
            "x": 0.985882,
            "y": 0.583333
          },
          "89": {
            "x": 0.996471,
            "y": 0.583333
          },
          "9": {
            "x": 0.922353,
            "y": 0.408333
          },
          "90": {
            "x": 0.998824,
            "y": 0.58125
          },
          "91": {
            "x": 0.998824,
            "y": 0.335417
          }
        }
      },
      {
        "instrument_polygon": {
          "0": {
            "x": 0.561176,
            "y": 0
          },
          "1": {
            "x": 0.558824,
            "y": 0.004167
          },