{
  "labels": {
    "61": [
      {
        "is_tti": 0,
        "non_interaction_tool": "Cautery (Hook, Spatula)",
        "tti_polygon": {
          "0": {
            "x": 0.6963350785340314,
            "y": 0.5230125523012552
          },
          "1": {
            "x": 0.6976439790575916,
            "y": 0.5209205020920502
          },
          "2": {
            "x": 0.6976439790575916,
            "y": 0.5188284518828452
          },
          "3": {
            "x": 0.7028795811518325,
            "y": 0.5104602510460251
          },
          "4": {
            "x": 0.7041884816753927,
            "y": 0.5104602510460251
          },
          "5": {
            "x": 0.7054973821989529,
            "y": 0.5083682008368201
          },
          "6": {
            "x": 0.7068062827225131,
            "y": 0.5083682008368201
          },
          "7": {
            "x": 0.7081151832460733,
            "y": 0.5062761506276151
          },
          "8": {
            "x": 0.7094240837696335,
            "y": 0.5062761506276151
          },
          "9": {
            "x": 0.7107329842931938,
            "y": 0.50418410041841
          },
          "10": {
            "x": 0.7133507853403142,
            "y": 0.50418410041841
          },
          "11": {
            "x": 0.7146596858638743,
            "y": 0.502092050209205
          },
          "12": {
            "x": 0.7185863874345549,
            "y": 0.502092050209205
          },
          "13": {
            "x": 0.7198952879581152,
            "y": 0.5
          },
          "14": {
            "x": 0.7238219895287958,
            "y": 0.5
          },
          "15": {
            "x": 0.725130890052356,
            "y": 0.497907949790795
          },
          "16": {
            "x": 0.7264397905759162,
            "y": 0.497907949790795
          },
          "17": {
            "x": 0.7277486910994765,
            "y": 0.49581589958158995
          },
          "18": {
            "x": 0.7290575916230366,
            "y": 0.49581589958158995
          },
          "19": {
            "x": 0.7303664921465969,
            "y": 0.49372384937238495
          },
          "20": {
            "x": 0.7329842931937173,
            "y": 0.49372384937238495
          },
          "21": {
            "x": 0.7342931937172775,
            "y": 0.4916317991631799
          },
          "22": {
            "x": 0.7369109947643979,
            "y": 0.4916317991631799
          },
          "23": {
            "x": 0.7382198952879581,
            "y": 0.4895397489539749
          },
          "24": {
            "x": 0.7408376963350786,
            "y": 0.4895397489539749
          },
          "25": {
            "x": 0.7421465968586387,
            "y": 0.4874476987447699
          },
          "26": {
            "x": 0.7460732984293194,
            "y": 0.4874476987447699
          },
          "27": {
            "x": 0.747382,
            "y": 0.4853559665271967
          },
          "28": {
            "x": 0.747382,
            "y": 0.481172
          },
          "29": {
            "x": 0.75,
            "y": 0.479079
          },
          "30": {
            "x": 0.756545,
            "y": 0.466527
          },
          "31": {
            "x": 0.765707,
            "y": 0.453975
          },
          "32": {
            "x": 0.764398,
            "y": 0.451883
          },
          "33": {
            "x": 0.781414,
            "y": 0.422594
          },
          "34": {
            "x": 0.781414,
            "y": 0.41841
          },
          "35": {
            "x": 0.791885,
            "y": 0.395397
          },
          "36": {
            "x": 0.795812,
            "y": 0.378661
          },
          "37": {
            "x": 0.807592,
            "y": 0.345188
          },
          "38": {
            "x": 0.807592,
            "y": 0.33682
          },
          "39": {
            "x": 0.810209,
            "y": 0.332636
          },
          "40": {
            "x": 0.812827,
            "y": 0.320084
          },
          "41": {
            "x": 0.816754,
            "y": 0.311715
          },
          "42": {
            "x": 0.818063,
            "y": 0.301255
          },
          "43": {
            "x": 0.824607,
            "y": 0.282427
          },
          "44": {
            "x": 0.827225,
            "y": 0.26569
          },
          "45": {
            "x": 0.831152,
            "y": 0.257322
          },
          "46": {
            "x": 0.832461,
            "y": 0.248954
          },
          "47": {
            "x": 0.835079,
            "y": 0.24477
          },
          "48": {
            "x": 0.844241,
            "y": 0.213389
          },
          "49": {
            "x": 0.870419,
            "y": 0.16318
          },
          "50": {
            "x": 0.874346,
            "y": 0.15272
          },
          "51": {
            "x": 0.876963,
            "y": 0.15272
          },
          "52": {
            "x": 0.884817,
            "y": 0.142259
          },
          "53": {
            "x": 0.886126,
            "y": 0.144351
          },
          "54": {
            "x": 0.888743,
            "y": 0.144351
          },
          "55": {
            "x": 0.891361,
            "y": 0.131799
          },
          "56": {
            "x": 0.895288,
            "y": 0.125523
          },
          "57": {
            "x": 0.899215,
            "y": 0.125523
          },
          "58": {
            "x": 0.905759,
            "y": 0.117155
          },
          "59": {
            "x": 0.90445,
            "y": 0.115063
          },
          "60": {
            "x": 0.908377,
            "y": 0.100418
          },
          "61": {
            "x": 0.913613,
            "y": 0.094142
          },
          "62": {
            "x": 0.914921,
            "y": 0.094142
          },
          "63": {
            "x": 0.92801,
            "y": 0.121339
          },
          "64": {
            "x": 0.92801,
            "y": 0.125523
          },
          "65": {
            "x": 0.930628,
            "y": 0.129707
          },
          "66": {
            "x": 0.933246,
            "y": 0.140167
          },
          "67": {
            "x": 0.935864,
            "y": 0.144351
          },
          "68": {
            "x": 0.935864,
            "y": 0.148536
          },
          "69": {
            "x": 0.947644,
            "y": 0.179916
          },
          "70": {
            "x": 0.947644,
            "y": 0.186192
          },
          "71": {
            "x": 0.950262,
            "y": 0.190377
          },
          "72": {
            "x": 0.950262,
            "y": 0.196653
          },
          "73": {
            "x": 0.955497,
            "y": 0.207113
          },
          "74": {
            "x": 0.955497,
            "y": 0.213389
          },
          "75": {
            "x": 0.958115,
            "y": 0.215481
          },
          "76": {
            "x": 0.959424,
            "y": 0.228033
          },
          "77": {
            "x": 0.963351,
            "y": 0.236402
          },
          "78": {
            "x": 0.963351,
            "y": 0.24477
          },
          "79": {
            "x": 0.965969,
            "y": 0.248954
          },
          "80": {
            "x": 0.965969,
            "y": 0.257322
          },
          "81": {
            "x": 0.963351,
            "y": 0.263598
          },
          "82": {
            "x": 0.947644,
            "y": 0.286611
          },
          "83": {
            "x": 0.946335,
            "y": 0.286611
          },
          "84": {
            "x": 0.937173,
            "y": 0.301255
          },
          "85": {
            "x": 0.937173,
            "y": 0.303347
          },
          "86": {
            "x": 0.929319,
            "y": 0.311715
          },
          "87": {
            "x": 0.922775,