{
  "labels": {
    "7": [
      {
        "is_tti": 0,
        "non_interaction_tool": "Cautery (Hook, Spatula)",
        "instrument_polygon": {
          "0": {
            "x": 0.851266,
            "y": 0.037815
          },
          "1": {
            "x": 0.849684,
            "y": 0.039916
          },
          "2": {
            "x": 0.843354,
            "y": 0.039916
          },
          "3": {
            "x": 0.841772,
            "y": 0.042017
          },
          "4": {
            "x": 0.837025,
            "y": 0.042017
          },
          "5": {
            "x": 0.830696,
            "y": 0.046218
          },
          "6": {
            "x": 0.825949,
            "y": 0.052521
          },
          "7": {
            "x": 0.822785,
            "y": 0.052521
          },
          "8": {
            "x": 0.818038,
            "y": 0.058824
          },
          "9": {
            "x": 0.814873,
            "y": 0.058824
          },
          "10": {
            "x": 0.810127,
            "y": 0.067227
          },
          "11": {
            "x": 0.806962,
            "y": 0.067227
          },
          "12": {
            "x": 0.802215,
            "y": 0.071429
          },
          "13": {
            "x": 0.799051,
            "y": 0.071429
          },
          "14": {
            "x": 0.792722,
            "y": 0.07563
          },
          "15": {
            "x": 0.78481,
            "y": 0.086134
          },
          "16": {
            "x": 0.783228,
            "y": 0.086134
          },
          "17": {
            "x": 0.776899,
            "y": 0.096639
          },
          "18": {
            "x": 0.775316,
            "y": 0.096639
          },
          "19": {
            "x": 0.768987,
            "y": 0.105042
          },
          "20": {
            "x": 0.764241,
            "y": 0.107143
          },
          "21": {
            "x": 0.764241,
            "y": 0.109244
          },
          "22": {
            "x": 0.759494,
            "y": 0.115546
          },
          "23": {
            "x": 0.757911,
            "y": 0.115546
          },
          "24": {
            "x": 0.757911,
            "y": 0.117647
          },
          "25": {
            "x": 0.746835,
            "y": 0.132353
          },
          "26": {
            "x": 0.743671,
            "y": 0.132353
          },
          "27": {
            "x": 0.740506,
            "y": 0.136555
          },
          "28": {
            "x": 0.740506,
            "y": 0.140756
          },
          "29": {
            "x": 0.734177,
            "y": 0.147059
          },
          "30": {
            "x": 0.732595,
            "y": 0.151261
          },
          "31": {
            "x": 0.727848,
            "y": 0.153361
          },
          "32": {
            "x": 0.727848,
            "y": 0.155462
          },
          "33": {
            "x": 0.712025,
            "y": 0.178571
          },
          "34": {
            "x": 0.708861,
            "y": 0.195378
          },
          "35": {
            "x": 0.699367,
            "y": 0.214286
          },
          "36": {
            "x": 0.699367,
            "y": 0.220588
          },
          "37": {
            "x": 0.69462,
            "y": 0.226891
          },
          "38": {
            "x": 0.693038,
            "y": 0.235294
          },
          "39": {
            "x": 0.688291,
            "y": 0.241597
          },
          "40": {
            "x": 0.686709,
            "y": 0.25
          },
          "41": {
            "x": 0.681962,
            "y": 0.258403
          },
          "42": {
            "x": 0.681962,
            "y": 0.262605
          },
          "43": {
            "x": 0.674051,
            "y": 0.27521
          },
          "44": {
            "x": 0.670886,
            "y": 0.277311
          },
          "45": {
            "x": 0.670886,
            "y": 0.283613
          },
          "46": {
            "x": 0.666139,
            "y": 0.289916
          },
          "47": {
            "x": 0.664557,
            "y": 0.289916
          },
          "48": {
            "x": 0.662975,
            "y": 0.294118
          },
          "49": {
            "x": 0.664557,
            "y": 0.298319
          },
          "50": {
            "x": 0.662975,
            "y": 0.302521
          },
          "51": {
            "x": 0.648734,
            "y": 0.321429
          },
          "52": {
            "x": 0.647152,
            "y": 0.329832
          },
          "53": {
            "x": 0.643987,
            "y": 0.331933
          },
          "54": {
            "x": 0.634494,
            "y": 0.355042
          },
          "55": {
            "x": 0.623418,
            "y": 0.371849
          },
          "56": {
            "x": 0.623418,
            "y": 0.37605
          },
          "57": {
            "x": 0.617089,
            "y": 0.384454
          },
          "58": {
            "x": 0.617089,
            "y": 0.388655
          },
          "59": {
            "x": 0.609177,
            "y": 0.39916
          },
          "60": {
            "x": 0.60443,
            "y": 0.401261
          },
          "61": {
            "x": 0.60443,
            "y": 0.409664
          },
          "62": {
            "x": 0.601266,
            "y": 0.413866
          },
          "63": {
            "x": 0.599684,
            "y": 0.422269
          },
          "64": {
            "x": 0.594937,
            "y": 0.428571
          },
          "65": {
            "x": 0.593354,
            "y": 0.428571
          },
          "66": {
            "x": 0.591772,
            "y": 0.434874
          },
          "67": {
            "x": 0.579114,
            "y": 0.447479
          },
          "68": {
            "x": 0.577532,
            "y": 0.447479
          },
          "69": {
            "x": 0.574367,
            "y": 0.443277
          },
          "70": {
            "x": 0.571203,
            "y": 0.445378
          },
          "71": {
            "x": 0.571203,
            "y": 0.447479
          },
          "72": {
            "x": 0.575949,
            "y": 0.453782
          },
          "73": {
            "x": 0.574367,
            "y": 0.455882
          },
          "74": {
            "x": 0.568038,
            "y": 0.457983
          },
          "75": {
            "x": 0.566456,
            "y": 0.460084
          },
          "76": {
            "x": 0.563291,
            "y": 0.460084
          },
          "77": {
            "x": 0.560127,
            "y": 0.455882
          },
          "78": {
            "x": 0.558544,
            "y": 0.455882
          },
          "79": {
            "x": 0.552215,
            "y": 0.462185
          },
          "80": {
            "x": 0.544304,
            "y": 0.464286
          },
          "81": {
            "x": 0.533228,
            "y": 0.455882
          },
          "82": {
            "x": 0.530063,
            "y": 0.44958
          },
          "83": {
            "x": 0.526899,
            "y": 0.44958
          },
          "84": {
            "x": 0.52057,
            "y": 0.445378
          },
          "85": {
            "x": 0.517405,
            "y": 0.436975
          },
          "86": {
            "x": 0.514241,
            "y": 0.434874
          },
          "87": {
            "x": 0.514241,
            "y": 0.428571
          },
          "88": {
            "x": 0.512658,
            "y": 0.426471
          },
          "89": {
            "x": 0.511076,
            "y": 0.428571
          },
          "90": {
            "x": 0.507911,
            "y": 0.428571
          },
          "91": {
            "x": 0.506329,
            "y": 0.426471
          },
          "92": {
            "x": 0.509494,
            "y": 0.42437
          },
          "93": {
            "x": 0.509494,