{
  "labels": {
    "0": [
      {
        "instrument_polygon": {
          "0": {
            "x": 0.00208807819967532,
            "y": 0.5085998392412417
          },
          "1": {
            "x": 0.15132996311073288,
            "y": 0.508614685137441
          },
          "10": {
            "x": 0.0158656583392809,
            "y": 0.6374519811239409
          },
          "11": {
            "x": 0.07737118573114092,
            "y": 0.6352082396507317
          },
          "12": {
            "x": 0.17553469492664975,
            "y": 0.6300138173295871
          },
          "13": {
            "x": 0.31004658796102325,
            "y": 0.6154720919095005
          },
          "14": {
            "x": 0.3182831246213912,
            "y": 0.5836245858012369
          },
          "15": {
            "x": 0.3105751522425959,
            "y": 0.5489835484771273
          },
          "16": {
            "x": 0.25621699752256827,
            "y": 0.536515206296335
          },
          "17": {
            "x": 0.1795687485007338,
            "y": 0.536515206296335
          },
          "18": {
            "x": 0.051821769390529494,
            "y": 0.5399781324938235
          },
          "19": {
            "x": 0,
            "y": 0.5460881982844513
          },
          "2": {
            "x": 0.23201226570665143,
            "y": 0.5122747889637379
          },
          "3": {
            "x": 0.3178370466435981,
            "y": 0.5247344129449111
          },
          "4": {
            "x": 0.339267343639504,
            "y": 0.5570971688998806
          },
          "5": {
            "x": 0.3361172405540932,
            "y": 0.5974799991394605
          },
          "6": {
            "x": 0.3215959286260778,
            "y": 0.6466414848365026
          },
          "7": {
            "x": 0.24209089152133578,
            "y": 0.6580300504271186
          },
          "8": {
            "x": 0.17418990780910198,
            "y": 0.6663744433284825
          },
          "9": {
            "x": 0.018723858715178045,
            "y": 0.6756715398005491
          }
        },
        "instrument_type": "Grasper"
      },
      {
        "is_tti": 1,
        "interaction_type": "Retract and grab",
        "interaction_tool": "Grasper",
        "tti_polygon": {
          "0": {
            "x": 0.035480926551890384,
            "y": 0.4567737138609256
          },
          "1": {
            "x": 0.03909519716654791,
            "y": 0.5265813774173568
          },
          "10": {
            "x": 0.3198078683399806,
            "y": 0.4567737138609256
          },
          "11": {
            "x": 0.153548846388127,
            "y": 0.4257480856136229
          },
          "12": {
            "x": 0.07282894107236261,
            "y": 0.4490173067990999
          },
          "2": {
            "x": 0.053552555376350224,
            "y": 0.583978801510205
          },
          "3": {
            "x": 0.08849105615371747,
            "y": 0.6336198185412273
          },
          "4": {
            "x": 0.16759147869705343,
            "y": 0.6853460987880756
          },
          "5": {
            "x": 0.2523404724454087,
            "y": 0.7375556258283398
          },
          "6": {
            "x": 0.3029409963870732,
            "y": 0.729799218766514
          },
          "7": {
            "x": 0.34631288718236547,
            "y": 0.6848120933139388
          },
          "8": {
            "x": 0.36317975913527284,
            "y": 0.6351710762829165
          },
          "9": {
            "x": 0.36317975913527284,
            "y": 0.5281326351590461
          }
        }
      }
    ],
    "124": [
      {
        "instrument_polygon": {
          "0": {
            "x": 0,
            "y": 0.5157673387154258
          },
          "1": {
            "x": 0.1405777523067616,
            "y": 0.516525919888277
          },
          "10": {
            "x": 0.014355188979891959,
            "y": 0.6446194805981251
          },
          "11": {
            "x": 0.06661897492716964,
            "y": 0.6431194744015678
          },
          "12": {
            "x": 0.16478248412267849,
            "y": 0.637925052080423
          },
          "13": {
            "x": 0.2535329964596182,
            "y": 0.6206104871428033
          },
          "14": {
            "x": 0.2736136551828513,
            "y": 0.5943086600696061
          },
          "15": {
            "x": 0.2642905752500289,
            "y": 0.5548151535898134
          },
          "16": {
            "x": 0.24546478671859698,
            "y": 0.544426441047171
          },
          "17": {
            "x": 0.16881653769676253,
            "y": 0.544426441047171
          },
          "18": {
            "x": 0.041069558586558225,
            "y": 0.5478893672446595
          },
          "19": {
            "x": 0.0005891386428329396,
            "y": 0.5502807566520277
          },
          "2": {
            "x": 0.22126005490268016,
            "y": 0.5201860237145739
          },
          "3": {
            "x": 0.27101410046635543,
            "y": 0.5222474995049977
          },
          "4": {
            "x": 0.2870607056155044,
            "y": 0.5442121072692175
          },
          "5": {
            "x": 0.2979082013316616,
            "y": 0.585981357267564
          },
          "6": {
            "x": 0.28177178184961904,
            "y": 0.6483138306728891
          },
          "7": {
            "x": 0.23133868071736452,
            "y": 0.6659412851779546
          },
          "8": {
            "x": 0.16343769700513072,
            "y": 0.6742856780793185
          },
          "9": {
            "x": 0.021834260078080262,
            "y": 0.6776328923381696
          }
        },
        "instrument_type": "Grasper"
      },
      {
        "is_tti": 1,
        "interaction_type": "Retract and grab",
        "interaction_tool": "Grasper",
        "tti_polygon": {
          "0": {
            "x": 0.0005424257745231929,
            "y": 0.46453012092275126
          },
          "1": {
            "x": 0.11499607499610229,
            "y": 0.4707352702428877
          },
          "10": {
            "x": 0.08969581302526995,
            "y": 0.7018761651792794
          },
          "11": {
            "x": 0.025842687745355523,
            "y": 0.6584402974683936
          },
          "12": {
            "x": 0,
            "y": 0.6320685016228482
          },
          "2": {
            "x": 0.19812558597202912,
            "y": 0.4753891026446452
          },
          "3": {
            "x": 0.2535452293169611,
            "y": 0.46763269558281945
          },
          "4": {
            "x": 0.29089324383743337,
            "y": 0.5002095815718115
          },
          "5": {
            "x": 0.32221738208308565,
            "y": 0.5591582634063489
          },
          "6": {
            "x": 0.3029409963870732,
            "y": 0.6351710762829165
          },
          "7": {
            "x": 0.25836434872022856,
            "y": 0.6925685003757645
          },
          "8": {
            "x": 0.21499245792493646,
            "y": 0.7220428117046884
          },
          "9": {
            "x": 0.1680062045979293,
            "y": 0.7313505356848929
          }
        }
      }
    ],
    "57": [],
    "62": [
      {
        "instrument_polygon": {
          "0": {
            "x": 0.0017471826460756853,
            "y": 0.45522248570758117
          },
          "1": {
            "x": 0.11138171246438733,
            "y": 0.45987625893264894
          },
          "10": {
            "x": 0.012590178324163087,
            "y": 0.6196582621592651
          },
          "11": {
            "x": 0.08849105615371747,
            "y": 0.6087992804373713
          },
          "12": {
            "x": 0.24511183929903624,
            "y": 0.6025941902939245
          },