{
  "labels": {
    "72": [
      {
        "instrument_polygon": {
          "0": {
            "x": 0.06563691105915682,
            "y": 0.9925613865277132
          },
          "1": {
            "x": 0.07212713936430318,
            "y": 0.9832965199194558
          },
          "2": {
            "x": 0.07212713936430318,
            "y": 0.9791666666666666
          },
          "3": {
            "x": 0.07579462102689487,
            "y": 0.9729166666666667
          },
          "4": {
            "x": 0.07701711491442542,
            "y": 0.9729166666666667
          },
          "5": {
            "x": 0.07823960880195599,
            "y": 0.9708333333333333
          },
          "6": {
            "x": 0.07946210268948656,
            "y": 0.9708333333333333
          },
          "7": {
            "x": 0.08068459657701711,
            "y": 0.96875
          },
          "8": {
            "x": 0.08679706601466992,
            "y": 0.96875
          },
          "9": {
            "x": 0.08801955990220049,
            "y": 0.9666666666666667
          },
          "10": {
            "x": 0.08891320402059337,
            "y": 0.9666666666666667
          },
          "11": {
            "x": 0.09681669737610786,
            "y": 0.9562097912785282
          },
          "12": {
            "x": 0.11007117596282068,
            "y": 0.9405766039823009
          },
          "13": {
            "x": 0.1192980653052021,
            "y": 0.9268765282952959
          },
          "14": {
            "x": 0.13020111504880294,
            "y": 0.9132219375873312
          },
          "15": {
            "x": 0.14158459293288067,
            "y": 0.9027922318933397
          },
          "16": {
            "x": 0.1508114822752621,
            "y": 0.8877276068351189
          },
          "17": {
            "x": 0.16138890850142856,
            "y": 0.8743413775034933
          },
          "18": {
            "x": 0.1690891039751834,
            "y": 0.8564839747321845
          },
          "19": {
            "x": 0.17698147070512896,
            "y": 0.8405051015952493
          },
          "20": {
            "x": 0.18716654728323934,
            "y": 0.8271825512342804
          },
          "21": {
            "x": 0.19845127049399683,
            "y": 0.8156157210642758
          },
          "22": {
            "x": 0.20759541943440724,
            "y": 0.8016108960176992
          },
          "23": {
            "x": 0.21626714737001534,
            "y": 0.7853500160107126
          },
          "24": {
            "x": 0.225718236511286,
            "y": 0.7679156235444807
          },
          "25": {
            "x": 0.23483035690899792,
            "y": 0.7532376208081044
          },
          "26": {
            "x": 0.24529301419049496,
            "y": 0.7389507888914765
          },
          "27": {
            "x": 0.2545519320755748,
            "y": 0.7245275020377271
          },
          "28": {
            "x": 0.2654229532764772,
            "y": 0.7104635465183978
          },
          "29": {
            "x": 0.2783518083457557,
            "y": 0.6947575832557057
          },
          "30": {
            "x": 0.2875947119594863,
            "y": 0.6789742955286447
          },
          "31": {
            "x": 0.29808672873845693,
            "y": 0.6625132816138799
          },
          "32": {
            "x": 0.3067824780810889,
            "y": 0.6469892582673499
          },
          "33": {
            "x": 0.31806720129184635,
            "y": 0.6325796169073126
          },
          "34": {
            "x": 0.3269257623931955,
            "y": 0.6167599411970192
          },
          "35": {
            "x": 0.33710016279040633,
            "y": 0.6007628740684676
          },
          "36": {
            "x": 0.34882527846326766,
            "y": 0.5844155726013043
          },
          "37": {
            "x": 0.35781195373541064,
            "y": 0.5677726187703773
          },
          "38": {
            "x": 0.36757799021321613,
            "y": 0.5538860546693061
          },
          "39": {
            "x": 0.37776306679132654,
            "y": 0.540108654517932
          },
          "40": {
            "x": 0.3859116618628598,
            "y": 0.5238659685025617
          },
          "41": {
            "x": 0.3974579515056547,
            "y": 0.5103978662086632
          },
          "42": {
            "x": 0.4071092190387907,
            "y": 0.4968933759315324
          },
          "43": {
            "x": 0.4158129755170973,
            "y": 0.4819833998020494
          },
          "44": {
            "x": 0.4267373776224971,
            "y": 0.4687063344201211
          },
          "45": {
            "x": 0.4386253050540756,
            "y": 0.4598958939799721
          },
          "46": {
            "x": 0.4496804903754941,
            "y": 0.4499119410805775
          },
          "47": {
            "x": 0.4616831867517421,
            "y": 0.4447266534699581
          },
          "48": {
            "x": 0.4748228963937854,
            "y": 0.4447266534699581
          },
          "49": {
            "x": 0.4871138496543195,
            "y": 0.4351748078714486
          },
          "50": {
            "x": 0.49678113145880476,
            "y": 0.42214336137633907
          },
          "51": {
            "x": 0.5049457408016872,
            "y": 0.4064510436073591
          },
          "52": {
            "x": 0.5132411333605884,
            "y": 0.39078601682580344
          },
          "53": {
            "x": 0.5234956051145455,
            "y": 0.3761262080810433
          },
          "54": {
            "x": 0.5356611132495106,
            "y": 0.37043148870517
          },
          "55": {
            "x": 0.5464867606815902,
            "y": 0.3813114956916628
          },
          "56": {
            "x": 0.5584894570578381,
            "y": 0.3883798614345599
          },
          "57": {
            "x": 0.5670464160487768,
            "y": 0.4037128478691197
          },
          "58": {
            "x": 0.5683782696159878,
            "y": 0.42527272793432697
          },
          "59": {
            "x": 0.5676816488122963,
            "y": 0.446200366790871
          },
          "60": {
            "x": 0.5605419528357645,
            "y": 0.4670097447019097
          },
          "61": {
            "x": 0.5545793058034011,
            "y": 0.4859405929785748
          },
          "62": {
            "x": 0.5478773332437483,
            "y": 0.5051034146483465
          },
          "63": {
            "x": 0.5370490167664439,
            "y": 0.5178892422566371
          },
          "64": {
            "x": 0.5267571783793387,
            "y": 0.5293469084769445
          },
          "65": {
            "x": 0.5150267246160276,
            "y": 0.5396719987191431
          },
          "66": {
            "x": 0.5026396857273981,
            "y": 0.5510568889729855
          },
          "67": {
            "x": 0.4926734708577272,
            "y": 0.5631695388914765
          },
          "68": {
            "x": 0.4821921302596561,
            "y": 0.5761509519096414
          },
          "69": {
            "x": 0.47297858614339905,
            "y": 0.5903422653702841
          },
          "70": {
            "x": 0.4630764283591251,
            "y": 0.6038103676641826
          },
          "71": {
            "x": 0.4522454428365958,
            "y": 0.6180153266185375
          },
          "72": {
            "x": 0.4433361698759741,
            "y": 0.6325978108989287
          },
          "73": {
            "x": 0.435142201035618,
            "y": 0.64909976129483
          },
          "74": {
            "x": 0.4304340052589444,
            "y": 0.6700683366325105
          },
          "75": {
            "x": 0.4286270616417062,
            "y": 0.6909595875058222
          },