{
  "labels": {
    "0": [
      {
        "instrument_polygon": {
          "0": {
            "x": 0.85376,
            "y": 0.01046
          },
          "1": {
            "x": 0.852368,
            "y": 0.012552
          },
          "2": {
            "x": 0.848189,
            "y": 0.012552
          },
          "3": {
            "x": 0.846797,
            "y": 0.014644
          },
          "4": {
            "x": 0.844011,
            "y": 0.014644
          },
          "5": {
            "x": 0.841226,
            "y": 0.018828
          },
          "6": {
            "x": 0.835655,
            "y": 0.023013
          },
          "7": {
            "x": 0.832869,
            "y": 0.023013
          },
          "8": {
            "x": 0.821727,
            "y": 0.033473
          },
          "9": {
            "x": 0.818942,
            "y": 0.033473
          },
          "10": {
            "x": 0.805014,
            "y": 0.046025
          },
          "11": {
            "x": 0.800836,
            "y": 0.046025
          },
          "12": {
            "x": 0.799443,
            "y": 0.048117
          },
          "13": {
            "x": 0.796657,
            "y": 0.048117
          },
          "14": {
            "x": 0.789694,
            "y": 0.056485
          },
          "15": {
            "x": 0.786908,
            "y": 0.056485
          },
          "16": {
            "x": 0.781337,
            "y": 0.060669
          },
          "17": {
            "x": 0.774373,
            "y": 0.069038
          },
          "18": {
            "x": 0.771588,
            "y": 0.069038
          },
          "19": {
            "x": 0.754875,
            "y": 0.08159
          },
          "20": {
            "x": 0.752089,
            "y": 0.08159
          },
          "21": {
            "x": 0.743733,
            "y": 0.089958
          },
          "22": {
            "x": 0.740947,
            "y": 0.089958
          },
          "23": {
            "x": 0.739554,
            "y": 0.09205
          },
          "24": {
            "x": 0.735376,
            "y": 0.09205
          },
          "25": {
            "x": 0.729805,
            "y": 0.098326
          },
          "26": {
            "x": 0.720056,
            "y": 0.104603
          },
          "27": {
            "x": 0.715877,
            "y": 0.110879
          },
          "28": {
            "x": 0.713092,
            "y": 0.110879
          },
          "29": {
            "x": 0.70195,
            "y": 0.119247
          },
          "30": {
            "x": 0.699164,
            "y": 0.123431
          },
          "31": {
            "x": 0.693593,
            "y": 0.123431
          },
          "32": {
            "x": 0.692201,
            "y": 0.125523
          },
          "33": {
            "x": 0.688022,
            "y": 0.125523
          },
          "34": {
            "x": 0.683844,
            "y": 0.131799
          },
          "35": {
            "x": 0.679666,
            "y": 0.133891
          },
          "36": {
            "x": 0.67688,
            "y": 0.138075
          },
          "37": {
            "x": 0.674095,
            "y": 0.138075
          },
          "38": {
            "x": 0.660167,
            "y": 0.148536
          },
          "39": {
            "x": 0.657382,
            "y": 0.148536
          },
          "40": {
            "x": 0.654596,
            "y": 0.154812
          },
          "41": {
            "x": 0.651811,
            "y": 0.156904
          },
          "42": {
            "x": 0.647632,
            "y": 0.156904
          },
          "43": {
            "x": 0.639276,
            "y": 0.165272
          },
          "44": {
            "x": 0.63649,
            "y": 0.165272
          },
          "45": {
            "x": 0.630919,
            "y": 0.169456
          },
          "46": {
            "x": 0.628134,
            "y": 0.17364
          },
          "47": {
            "x": 0.623955,
            "y": 0.17364
          },
          "48": {
            "x": 0.622563,
            "y": 0.175732
          },
          "49": {
            "x": 0.619777,
            "y": 0.175732
          },
          "50": {
            "x": 0.614206,
            "y": 0.1841
          },
          "51": {
            "x": 0.587744,
            "y": 0.202929
          },
          "52": {
            "x": 0.582173,
            "y": 0.209205
          },
          "53": {
            "x": 0.576602,
            "y": 0.211297
          },
          "54": {
            "x": 0.573816,
            "y": 0.215481
          },
          "55": {
            "x": 0.571031,
            "y": 0.215481
          },
          "56": {
            "x": 0.562674,
            "y": 0.221757
          },
          "57": {
            "x": 0.551532,
            "y": 0.23431
          },
          "58": {
            "x": 0.545961,
            "y": 0.238494
          },
          "59": {
            "x": 0.543175,
            "y": 0.238494
          },
          "60": {
            "x": 0.533426,
            "y": 0.248954
          },
          "61": {
            "x": 0.52507,
            "y": 0.25523
          },
          "62": {
            "x": 0.522284,
            "y": 0.25523
          },
          "63": {
            "x": 0.513928,
            "y": 0.263598
          },
          "64": {
            "x": 0.501393,
            "y": 0.282427
          },
          "65": {
            "x": 0.491643,
            "y": 0.301255
          },
          "66": {
            "x": 0.487465,
            "y": 0.3159
          },
          "67": {
            "x": 0.481894,
            "y": 0.328452
          },
          "68": {
            "x": 0.481894,
            "y": 0.332636
          },
          "69": {
            "x": 0.47493,
            "y": 0.355649
          },
          "70": {
            "x": 0.473538,
            "y": 0.372385
          },
          "71": {
            "x": 0.466574,
            "y": 0.403766
          },
          "72": {
            "x": 0.463788,
            "y": 0.412134
          },
          "73": {
            "x": 0.456825,
            "y": 0.420502
          },
          "74": {
            "x": 0.456825,
            "y": 0.426778
          },
          "75": {
            "x": 0.454039,
            "y": 0.435146
          },
          "76": {
            "x": 0.454039,
            "y": 0.447699
          },
          "77": {
            "x": 0.455432,
            "y": 0.453975
          },
          "78": {
            "x": 0.458217,
            "y": 0.458159
          },
          "79": {
            "x": 0.465181,
            "y": 0.458159
          },
          "80": {
            "x": 0.470752,
            "y": 0.453975
          },
          "81": {
            "x": 0.473538,
            "y": 0.453975
          },
          "82": {
            "x": 0.477716,
            "y": 0.449791
          },
          "83": {
            "x": 0.487465,
            "y": 0.447699
          },
          "84": {
            "x": 0.504178,
            "y": 0.435146
          },
          "85": {
            "x": 0.506964,
            "y": 0.435146
          },
          "86": {
            "x": 0.511142,
            "y": 0.430962
          },
          "87": {
            "x": 0.51532,
            "y": 0.430962
          },
          "88": {
            "x": 0.516713,
            "y": 0.42887
          },
          "89": {
            "x": 0.527855,
            "y": 0.424686
          },
          "90": {
            "x": 0.529248,
            "y": 0.422594
          },
          "91": {
            "x": 0.533426,
            "y": 0.422594
          },
          "92": {
            "x": 0.538997,
            "y": 0.41841
          },
          "93": {
            "x": 0.541783,
            "y": 0.41841
          },
          "94": {
            "x": 0.552925,