{
  "labels": {
    "6": [
      {
        "is_tti": 0,
        "non_interaction_tool": "Cautery (Hook, Spatula)",
        "tti_polygon": {
          "0": {
            "x": 0.6194225721784777,
            "y": 0.6631799163179917
          },
          "1": {
            "x": 0.6207349081364829,
            "y": 0.6610878661087866
          },
          "2": {
            "x": 0.6207349081364829,
            "y": 0.6589958158995816
          },
          "3": {
            "x": 0.6220472440944882,
            "y": 0.6569037656903766
          },
          "4": {
            "x": 0.6220472440944882,
            "y": 0.6548117154811716
          },
          "5": {
            "x": 0.6233595800524935,
            "y": 0.6527196652719666
          },
          "6": {
            "x": 0.6233595800524935,
            "y": 0.6506276150627615
          },
          "7": {
            "x": 0.6259842519685039,
            "y": 0.6464435146443515
          },
          "8": {
            "x": 0.6272965879265092,
            "y": 0.6464435146443515
          },
          "9": {
            "x": 0.6338582677165354,
            "y": 0.6359832635983264
          },
          "10": {
            "x": 0.6338582677165354,
            "y": 0.6338912133891214
          },
          "11": {
            "x": 0.6391076115485564,
            "y": 0.6255230125523012
          },
          "12": {
            "x": 0.6404199475065617,
            "y": 0.6255230125523012
          },
          "13": {
            "x": 0.6417322834645669,
            "y": 0.6234309623430963
          },
          "14": {
            "x": 0.6417322834645669,
            "y": 0.6213389121338913
          },
          "15": {
            "x": 0.6456692913385826,
            "y": 0.6150627615062761
          },
          "16": {
            "x": 0.6464161082760724,
            "y": 0.6150627615062761
          },
          "17": {
            "x": 0.648294,
            "y": 0.610063
          },
          "18": {
            "x": 0.648294,
            "y": 0.60587
          },
          "19": {
            "x": 0.654856,
            "y": 0.595388
          },
          "20": {
            "x": 0.656168,
            "y": 0.589099
          },
          "21": {
            "x": 0.661417,
            "y": 0.578616
          },
          "22": {
            "x": 0.660105,
            "y": 0.574423
          },
          "23": {
            "x": 0.66273,
            "y": 0.572327
          },
          "24": {
            "x": 0.667979,
            "y": 0.559748
          },
          "25": {
            "x": 0.669291,
            "y": 0.540881
          },
          "26": {
            "x": 0.673228,
            "y": 0.532495
          },
          "27": {
            "x": 0.673228,
            "y": 0.528302
          },
          "28": {
            "x": 0.678478,
            "y": 0.519916
          },
          "29": {
            "x": 0.678478,
            "y": 0.509434
          },
          "30": {
            "x": 0.682415,
            "y": 0.501048
          },
          "31": {
            "x": 0.67979,
            "y": 0.494759
          },
          "32": {
            "x": 0.685039,
            "y": 0.486373
          },
          "33": {
            "x": 0.686352,
            "y": 0.477987
          },
          "34": {
            "x": 0.691601,
            "y": 0.469602
          },
          "35": {
            "x": 0.691601,
            "y": 0.465409
          },
          "36": {
            "x": 0.694226,
            "y": 0.459119
          },
          "37": {
            "x": 0.695538,
            "y": 0.459119
          },
          "38": {
            "x": 0.7021,
            "y": 0.446541
          },
          "39": {
            "x": 0.706037,
            "y": 0.442348
          },
          "40": {
            "x": 0.707349,
            "y": 0.433962
          },
          "41": {
            "x": 0.715223,
            "y": 0.42348
          },
          "42": {
            "x": 0.71916,
            "y": 0.412998
          },
          "43": {
            "x": 0.727034,
            "y": 0.398323
          },
          "44": {
            "x": 0.730971,
            "y": 0.39413
          },
          "45": {
            "x": 0.730971,
            "y": 0.387841
          },
          "46": {
            "x": 0.737533,
            "y": 0.377358
          },
          "47": {
            "x": 0.738845,
            "y": 0.368973
          },
          "48": {
            "x": 0.749344,
            "y": 0.348008
          },
          "49": {
            "x": 0.751969,
            "y": 0.339623
          },
          "50": {
            "x": 0.753281,
            "y": 0.339623
          },
          "51": {
            "x": 0.759843,
            "y": 0.327044
          },
          "52": {
            "x": 0.76378,
            "y": 0.312369
          },
          "53": {
            "x": 0.769029,
            "y": 0.30608
          },
          "54": {
            "x": 0.774278,
            "y": 0.293501
          },
          "55": {
            "x": 0.775591,
            "y": 0.293501
          },
          "56": {
            "x": 0.78084,
            "y": 0.285115
          },
          "57": {
            "x": 0.782152,
            "y": 0.280922
          },
          "58": {
            "x": 0.78084,
            "y": 0.278826
          },
          "59": {
            "x": 0.790026,
            "y": 0.266247
          },
          "60": {
            "x": 0.7979,
            "y": 0.249476
          },
          "61": {
            "x": 0.807087,
            "y": 0.234801
          },
          "62": {
            "x": 0.812336,
            "y": 0.222222
          },
          "63": {
            "x": 0.811024,
            "y": 0.215933
          },
          "64": {
            "x": 0.812336,
            "y": 0.215933
          },
          "65": {
            "x": 0.826772,
            "y": 0.190776
          },
          "66": {
            "x": 0.829396,
            "y": 0.188679
          },
          "67": {
            "x": 0.826772,
            "y": 0.184486
          },
          "68": {
            "x": 0.834646,
            "y": 0.171908
          },
          "69": {
            "x": 0.835958,
            "y": 0.165618
          },
          "70": {
            "x": 0.841207,
            "y": 0.157233
          },
          "71": {
            "x": 0.839895,
            "y": 0.15304
          },
          "72": {
            "x": 0.849081,
            "y": 0.140461
          },
          "73": {
            "x": 0.856955,
            "y": 0.125786
          },
          "74": {
            "x": 0.855643,
            "y": 0.121593
          },
          "75": {
            "x": 0.862205,
            "y": 0.111111
          },
          "76": {
            "x": 0.862205,
            "y": 0.106918
          },
          "77": {
            "x": 0.868766,
            "y": 0.09434
          },
          "78": {
            "x": 0.868766,
            "y": 0.090147
          },
          "79": {
            "x": 0.877953,
            "y": 0.077568
          },
          "80": {
            "x": 0.889764,
            "y": 0.054507
          },
          "81": {
            "x": 0.892388,
            "y": 0.046122
          },
          "82": {
            "x": 0.893701,
            "y": 0.048218
          },
          "83": {
            "x": 0.897638,
            "y": 0.052411
          },
          "84": {
            "x": 0.900262,
            "y": 0.060797
          },
          "85": {
            "x": 0.912073,
            "y": 0.081761
          },
          "86": {
            "x": 0.912073,
            "y": 0.085954
          },
          "87": {
            "x": 0.914698,
            "y": 0.092243
          },
          "88": {
            "x": 0.923885,
            "y": 0.109015
          },
          "89": {
            "x": 0.935696,