{
  "labels": {
    "17": [
      {
        "is_tti": 0,
        "non_interaction_tool": "Cautery (Hook, Spatula)",
        "tti_polygon": {
          "0": {
            "x": 0.540453,
            "y": 0.504184
          },
          "1": {
            "x": 0.538835,
            "y": 0.506276
          },
          "2": {
            "x": 0.512945,
            "y": 0.506276
          },
          "3": {
            "x": 0.511327,
            "y": 0.508368
          },
          "4": {
            "x": 0.503236,
            "y": 0.51046
          },
          "5": {
            "x": 0.480583,
            "y": 0.531381
          },
          "6": {
            "x": 0.472492,
            "y": 0.535565
          },
          "7": {
            "x": 0.464401,
            "y": 0.543933
          },
          "8": {
            "x": 0.454693,
            "y": 0.550209
          },
          "9": {
            "x": 0.451456,
            "y": 0.550209
          },
          "10": {
            "x": 0.449838,
            "y": 0.552301
          },
          "11": {
            "x": 0.415858,
            "y": 0.552301
          },
          "12": {
            "x": 0.409385,
            "y": 0.556485
          },
          "13": {
            "x": 0.406149,
            "y": 0.560669
          },
          "14": {
            "x": 0.402913,
            "y": 0.562762
          },
          "15": {
            "x": 0.398058,
            "y": 0.562762
          },
          "16": {
            "x": 0.39644,
            "y": 0.564854
          },
          "17": {
            "x": 0.391586,
            "y": 0.562762
          },
          "18": {
            "x": 0.38835,
            "y": 0.558577
          },
          "19": {
            "x": 0.383495,
            "y": 0.560669
          },
          "20": {
            "x": 0.381877,
            "y": 0.558577
          },
          "21": {
            "x": 0.378641,
            "y": 0.558577
          },
          "22": {
            "x": 0.375405,
            "y": 0.560669
          },
          "23": {
            "x": 0.372168,
            "y": 0.556485
          },
          "24": {
            "x": 0.360841,
            "y": 0.556485
          },
          "25": {
            "x": 0.355987,
            "y": 0.552301
          },
          "26": {
            "x": 0.34466,
            "y": 0.552301
          },
          "27": {
            "x": 0.343042,
            "y": 0.554393
          },
          "28": {
            "x": 0.343042,
            "y": 0.560669
          },
          "29": {
            "x": 0.346278,
            "y": 0.564854
          },
          "30": {
            "x": 0.351133,
            "y": 0.564854
          },
          "31": {
            "x": 0.352751,
            "y": 0.566946
          },
          "32": {
            "x": 0.355987,
            "y": 0.566946
          },
          "33": {
            "x": 0.360841,
            "y": 0.57113
          },
          "34": {
            "x": 0.367314,
            "y": 0.57113
          },
          "35": {
            "x": 0.372168,
            "y": 0.575314
          },
          "36": {
            "x": 0.377023,
            "y": 0.575314
          },
          "37": {
            "x": 0.381877,
            "y": 0.579498
          },
          "38": {
            "x": 0.386731,
            "y": 0.579498
          },
          "39": {
            "x": 0.389968,
            "y": 0.583682
          },
          "40": {
            "x": 0.394822,
            "y": 0.583682
          },
          "41": {
            "x": 0.398058,
            "y": 0.585774
          },
          "42": {
            "x": 0.411003,
            "y": 0.604603
          },
          "43": {
            "x": 0.423948,
            "y": 0.612971
          },
          "44": {
            "x": 0.427184,
            "y": 0.612971
          },
          "45": {
            "x": 0.430421,
            "y": 0.617155
          },
          "46": {
            "x": 0.440129,
            "y": 0.623431
          },
          "47": {
            "x": 0.454693,
            "y": 0.644351
          },
          "48": {
            "x": 0.456311,
            "y": 0.650628
          },
          "49": {
            "x": 0.464401,
            "y": 0.661088
          },
          "50": {
            "x": 0.472492,
            "y": 0.677824
          },
          "51": {
            "x": 0.487055,
            "y": 0.696653
          },
          "52": {
            "x": 0.493528,
            "y": 0.700837
          },
          "53": {
            "x": 0.496764,
            "y": 0.700837
          },
          "54": {
            "x": 0.503236,
            "y": 0.707113
          },
          "55": {
            "x": 0.511327,
            "y": 0.709205
          },
          "56": {
            "x": 0.524272,
            "y": 0.717573
          },
          "57": {
            "x": 0.527508,
            "y": 0.717573
          },
          "58": {
            "x": 0.535599,
            "y": 0.723849
          },
          "59": {
            "x": 0.548544,
            "y": 0.728033
          },
          "60": {
            "x": 0.555016,
            "y": 0.732218
          },
          "61": {
            "x": 0.558252,
            "y": 0.736402
          },
          "62": {
            "x": 0.566343,
            "y": 0.738494
          },
          "63": {
            "x": 0.576052,
            "y": 0.74477
          },
          "64": {
            "x": 0.580906,
            "y": 0.74477
          },
          "65": {
            "x": 0.582524,
            "y": 0.746862
          },
          "66": {
            "x": 0.593851,
            "y": 0.746862
          },
          "67": {
            "x": 0.595469,
            "y": 0.748954
          },
          "68": {
            "x": 0.614887,
            "y": 0.748954
          },
          "69": {
            "x": 0.627832,
            "y": 0.757322
          },
          "70": {
            "x": 0.632686,
            "y": 0.757322
          },
          "71": {
            "x": 0.63754,
            "y": 0.761506
          },
          "72": {
            "x": 0.645631,
            "y": 0.761506
          },
          "73": {
            "x": 0.650485,
            "y": 0.76569
          },
          "74": {
            "x": 0.65534,
            "y": 0.76569
          },
          "75": {
            "x": 0.656958,
            "y": 0.767782
          },
          "76": {
            "x": 0.660194,
            "y": 0.767782
          },
          "77": {
            "x": 0.673139,
            "y": 0.776151
          },
          "78": {
            "x": 0.676375,
            "y": 0.776151
          },
          "79": {
            "x": 0.68123,
            "y": 0.780335
          },
          "80": {
            "x": 0.684466,
            "y": 0.780335
          },
          "81": {
            "x": 0.692557,
            "y": 0.786611
          },
          "82": {
            "x": 0.695793,
            "y": 0.786611
          },
          "83": {
            "x": 0.70712,
            "y": 0.794979
          },
          "84": {
            "x": 0.710356,
            "y": 0.794979
          },
          "85": {
            "x": 0.716828,
            "y": 0.799163
          },
          "86": {
            "x": 0.720065,
            "y": 0.803347
          },
          "87": {
            "x": 0.723301,
            "y": 0.803347
          },
          "88": {
            "x": 0.731392,
            "y": 0.809623
          },
          "89": {
            "x": 0.737864,
            "y": 0.809623
          },
          "90": {
            "x": 0.742718,
            "y": 0.813808
          },
          "91": {
            "x": 0.750809,
            "y": 0.813808
          },
          "92": {
            "x": 0.755663,
            "y": 0.817992
          },
          "93": {
            "x": 0.763754,