{
  "labels": {
    "84": [
      {
        "instrument_polygon": {
          "0": {
            "x": 0.2551100939190942,
            "y": 0.5476455155449464
          },
          "1": {
            "x": 0.2470583368239747,
            "y": 0.5291513230670704
          },
          "10": {
            "x": 0.10095081555971654,
            "y": 0.5301383471122496
          },
          "11": {
            "x": 0.11281598445466277,
            "y": 0.547177020260829
          },
          "12": {
            "x": 0.12982797715244931,
            "y": 0.5507112031322776
          },
          "13": {
            "x": 0.1476019195662435,
            "y": 0.5523532108756405
          },
          "14": {
            "x": 0.1650315193199188,
            "y": 0.5530491310549605
          },
          "15": {
            "x": 0.18309119287721587,
            "y": 0.5551641825803447
          },
          "16": {
            "x": 0.20026803046548483,
            "y": 0.5563331465416861
          },
          "17": {
            "x": 0.21903470544196205,
            "y": 0.557029066721006
          },
          "18": {
            "x": 0.23649361095394542,
            "y": 0.557029066721006
          },
          "19": {
            "x": 0.253263831145691,
            "y": 0.5581298032137867
          },
          "2": {
            "x": 0.2309181904358508,
            "y": 0.5231200148462972
          },
          "20": {
            "x": 0.24014950430286683,
            "y": 0.5718207819049838
          },
          "21": {
            "x": 0.22243417340568858,
            "y": 0.5727668694690266
          },
          "22": {
            "x": 0.20442944814521904,
            "y": 0.5727668694690266
          },
          "23": {
            "x": 0.1869961851717552,
            "y": 0.5727668694690266
          },
          "24": {
            "x": 0.17009408906762358,
            "y": 0.5727668694690266
          },
          "25": {
            "x": 0.15086584839779554,
            "y": 0.570005931241267
          },
          "26": {
            "x": 0.13381356028233554,
            "y": 0.5679454616907313
          },
          "27": {
            "x": 0.11687116876053052,
            "y": 0.5679454616907313
          },
          "28": {
            "x": 0.09882248486259895,
            "y": 0.5679454616907313
          },
          "29": {
            "x": 0.08017303291935363,
            "y": 0.5684185054727527
          },
          "3": {
            "x": 0.21403441043066174,
            "y": 0.5212096457265952
          },
          "30": {
            "x": 0.05952712619137671,
            "y": 0.5684185054727527
          },
          "31": {
            "x": 0.042214749470933344,
            "y": 0.5691144256520727
          },
          "32": {
            "x": 0.024246656408348725,
            "y": 0.5691144256520727
          },
          "33": {
            "x": 0.006392123159207576,
            "y": 0.5665081363530508
          },
          "34": {
            "x": 0.0015823155769091911,
            "y": 0.4813466100954821
          },
          "35": {
            "x": 0.018696878428773663,
            "y": 0.4813466100954821
          },
          "36": {
            "x": 0.03638290356764388,
            "y": 0.48292039037028417
          },
          "37": {
            "x": 0.053680627408933285,
            "y": 0.48292039037028417
          },
          "38": {
            "x": 0.0706999465462968,
            "y": 0.48701858698183514
          },
          "39": {
            "x": 0.08780351973879578,
            "y": 0.48818755094317656
          },
          "4": {
            "x": 0.19632640597306056,
            "y": 0.5181257641476479
          },
          "40": {
            "x": 0.10481551243658233,
            "y": 0.4910258136353051
          },
          "41": {
            "x": 0.12628564361697137,
            "y": 0.4910258136353051
          },
          "42": {
            "x": 0.14297893619315852,
            "y": 0.4932955140894271
          },
          "43": {
            "x": 0.1607345625080102,
            "y": 0.4953423381462506
          },
          "44": {
            "x": 0.1776073528538338,
            "y": 0.4953423381462506
          },
          "45": {
            "x": 0.19680995098514237,
            "y": 0.5008096326269214
          },
          "46": {
            "x": 0.21669024477732315,
            "y": 0.501910369119702
          },
          "47": {
            "x": 0.23649727417373387,
            "y": 0.5062951210992083
          },
          "48": {
            "x": 0.25256049294629934,
            "y": 0.5143732533768048
          },
          "49": {
            "x": 0.262443859935668,
            "y": 0.5320714587214719
          },
          "5": {
            "x": 0.17903600857134816,
            "y": 0.5160652945971123
          },
          "50": {
            "x": 0.2578318662219485,
            "y": 0.5526079267582673
          },
          "6": {
            "x": 0.1617712537081553,
            "y": 0.5141594739753145
          },
          "7": {
            "x": 0.14457610002094382,
            "y": 0.5122491048556125
          },
          "8": {
            "x": 0.12793042930200715,
            "y": 0.5091652232766651
          },
          "9": {
            "x": 0.1102883628005989,
            "y": 0.5120034859687937
          }
        },
        "instrument_type": "Grasper"
      },
      {
        "instrument_polygon": {
          "0": {
            "x": 0.4442967527692934,
            "y": 0.24208153197812732
          },
          "1": {
            "x": 0.4446308724832215,
            "y": 0.24166666666666667
          },
          "10": {
            "x": 0.4546979865771812,
            "y": 0.21458333333333332
          },
          "11": {
            "x": 0.45805369127516776,
            "y": 0.21041666666666667
          },
          "12": {
            "x": 0.45805369127516776,
            "y": 0.20625
          },
          "13": {
            "x": 0.4597315436241611,
            "y": 0.20625
          },
          "14": {
            "x": 0.46140939597315433,
            "y": 0.20416666666666666
          },
          "15": {
            "x": 0.46140939597315433,
            "y": 0.20208333333333334
          },
          "16": {
            "x": 0.4848993288590604,
            "y": 0.17291666666666666
          },
          "17": {
            "x": 0.4865771812080537,
            "y": 0.17291666666666666
          },
          "18": {
            "x": 0.4899328859060403,
            "y": 0.16875
          },
          "19": {
            "x": 0.4899328859060403,
            "y": 0.16666666666666666
          },
          "2": {
            "x": 0.4446308724832215,
            "y": 0.22916666666666666
          },
          "20": {
            "x": 0.49161073825503354,
            "y": 0.16458333333333333
          },
          "21": {
            "x": 0.49328859060402686,
            "y": 0.16458333333333333
          },
          "22": {
            "x": 0.4949664429530201,
            "y": 0.1625
          },
          "23": {
            "x": 0.4949664429530201,
            "y": 0.16041666666666668
          },
          "24": {
            "x": 0.4966442953020134,
            "y": 0.16041666666666668
          },
          "25": {
            "x": 0.4966442953020134,
            "y": 0.15923212006133092
          },
          "26": {
            "x": 0.49913914334970294,
            "y": 0.15529663483931067
          },
          "27": {
            "x": 0.5108321409145897,
            "y": 0.13949060462272939
          },
          "28": {
            "x": 0.5234189641078703,
            "y": 0.12389380530973451
          },
          "29": {
            "x": 0.5373868211614146,
            "y": 0.11042570301583603
          },
          "3": {
            "x": 0.4463087248322148,
            "y": 0.22708333333333333
          },