{
  "labels": {
    "90": [
      {
        "is_tti": 0,
        "non_interaction_tool": "Cautery (Hook, Spatula)",
        "instrument_polygon": {
          "0": {
            "x": 0.458984,
            "y": 0.225303
          },
          "1": {
            "x": 0.470703,
            "y": 0.211438
          },
          "2": {
            "x": 0.47168,
            "y": 0.207972
          },
          "3": {
            "x": 0.475586,
            "y": 0.204506
          },
          "4": {
            "x": 0.491211,
            "y": 0.181976
          },
          "5": {
            "x": 0.505859,
            "y": 0.152513
          },
          "6": {
            "x": 0.512695,
            "y": 0.143847
          },
          "7": {
            "x": 0.520508,
            "y": 0.142114
          },
          "8": {
            "x": 0.526367,
            "y": 0.136915
          },
          "9": {
            "x": 0.52832,
            "y": 0.133449
          },
          "10": {
            "x": 0.530273,
            "y": 0.112652
          },
          "11": {
            "x": 0.533203,
            "y": 0.102253
          },
          "12": {
            "x": 0.538086,
            "y": 0.093588
          },
          "13": {
            "x": 0.548828,
            "y": 0.084922
          },
          "14": {
            "x": 0.558594,
            "y": 0.079723
          },
          "15": {
            "x": 0.570312,
            "y": 0.069324
          },
          "16": {
            "x": 0.572266,
            "y": 0.069324
          },
          "17": {
            "x": 0.581055,
            "y": 0.060659
          },
          "18": {
            "x": 0.583008,
            "y": 0.060659
          },
          "19": {
            "x": 0.592773,
            "y": 0.05026
          },
          "20": {
            "x": 0.599609,
            "y": 0.039861
          },
          "21": {
            "x": 0.602539,
            "y": 0.038128
          },
          "22": {
            "x": 0.618164,
            "y": 0.013865
          },
          "23": {
            "x": 0.625977,
            "y": 0.005199
          },
          "24": {
            "x": 0.628906,
            "y": 0.003466
          },
          "25": {
            "x": 0.633789,
            "y": 0.003466
          },
          "26": {
            "x": 0.634766,
            "y": 0.001733
          },
          "27": {
            "x": 0.664062,
            "y": 0.001733
          },
          "28": {
            "x": 0.665039,
            "y": 0
          },
          "29": {
            "x": 0.666016,
            "y": 0.001733
          },
          "30": {
            "x": 0.726562,
            "y": 0.001733
          },
          "31": {
            "x": 0.727539,
            "y": 0
          },
          "32": {
            "x": 0.729492,
            "y": 0.001733
          },
          "33": {
            "x": 0.785156,
            "y": 0.001733
          },
          "34": {
            "x": 0.786133,
            "y": 0
          },
          "35": {
            "x": 0.792969,
            "y": 0
          },
          "36": {
            "x": 0.794922,
            "y": 0.001733
          },
          "37": {
            "x": 0.795898,
            "y": 0
          },
          "38": {
            "x": 0.8125,
            "y": 0
          },
          "39": {
            "x": 0.813477,
            "y": 0.001733
          },
          "40": {
            "x": 0.819336,
            "y": 0.001733
          },
          "41": {
            "x": 0.820312,
            "y": 0.003466
          },
          "42": {
            "x": 0.992188,
            "y": 0.003466
          },
          "43": {
            "x": 0.993164,
            "y": 0.001733
          },
          "44": {
            "x": 0.996094,
            "y": 0.003466
          },
          "45": {
            "x": 0.9970142081107813,
            "y": 0.2289622432780157
          },
          "46": {
            "x": 0.9973903966597077,
            "y": 0.22962962962962963
          },
          "47": {
            "x": 0.9984342379958246,
            "y": 0.22962962962962963
          },
          "48": {
            "x": 0.9989561586638831,
            "y": 0.23055555555555557
          },
          "49": {
            "x": 0.9994780793319415,
            "y": 0.23055555555555557
          },
          "50": {
            "x": 0.9994780793319415,
            "y": 0.28425925925925927
          },
          "51": {
            "x": 0.9989561586638831,
            "y": 0.28425925925925927
          },
          "52": {
            "x": 0.9984342379958246,
            "y": 0.2851851851851852
          },
          "53": {
            "x": 0.9968684759916493,
            "y": 0.2851851851851852
          },
          "54": {
            "x": 0.9963465553235908,
            "y": 0.2861111111111111
          },
          "55": {
            "x": 0.9953027139874739,
            "y": 0.2861111111111111
          },
          "56": {
            "x": 0.9947807933194155,
            "y": 0.28703703703703703
          },
          "57": {
            "x": 0.9937369519832986,
            "y": 0.28703703703703703
          },
          "58": {
            "x": 0.9932150313152401,
            "y": 0.287962962962963
          },
          "59": {
            "x": 0.9916492693110647,
            "y": 0.287962962962963
          },
          "60": {
            "x": 0.9911273486430062,
            "y": 0.28888888888888886
          },
          "61": {
            "x": 0.9786012526096033,
            "y": 0.28888888888888886
          },
          "62": {
            "x": 0.9780793319415448,
            "y": 0.2898148148148148
          },
          "63": {
            "x": 0.9770354906054279,
            "y": 0.2898148148148148
          },
          "64": {
            "x": 0.9765135699373695,
            "y": 0.29074074074074074
          },
          "65": {
            "x": 0.9754697286012526,
            "y": 0.29074074074074074
          },
          "66": {
            "x": 0.9749478079331941,
            "y": 0.2916666666666667
          },
          "67": {
            "x": 0.9723382045929019,
            "y": 0.2916666666666667
          },
          "68": {
            "x": 0.9718162839248434,
            "y": 0.29259259259259257
          },
          "69": {
            "x": 0.9144050104384134,
            "y": 0.29259259259259257
          },
          "70": {
            "x": 0.9138830897703549,
            "y": 0.2916666666666667
          },
          "71": {
            "x": 0.9112734864300627,
            "y": 0.2916666666666667
          },
          "72": {
            "x": 0.9107515657620042,
            "y": 0.29074074074074074
          },
          "73": {
            "x": 0.9091858037578288,
            "y": 0.29074074074074074
          },
          "74": {
            "x": 0.9086638830897703,
            "y": 0.2898148148148148
          },
          "75": {
            "x": 0.907098121085595,
            "y": 0.2898148148148148
          },
          "76": {
            "x": 0.9065762004175365,
            "y": 0.28888888888888886
          },
          "77": {
            "x": 0.9044885177453027,
            "y": 0.28888888888888886
          },
          "78": {
            "x": 0.9039665970772442,
            "y": 0.287962962962963
          },
          "79": {
            "x": 0.9024008350730689,
            "y": 0.287962962962963
          },
          "80": {
            "x": 0.9018789144050104,
            "y": 0.28703703703703703
          },
          "81": {
            "x": 0.8997912317327766,
            "y": 0.28703703703703703
          },
          "82": {
            "x": 0.8992693110647182,
            "y": 0.2861111111111111
          },
          "83": {
            "x": 0.8919624217118998,
            "y": 0.2861111111111111
          },
          "84": {
            "x": 0.8914405010438413,