{
  "labels": {
    "8": [
      {
        "is_tti": 0,
        "non_interaction_tool": "Cautery (Hook, Spatula)",
        "tti_polygon": {
          "0": {
            "x": 0.922852,
            "y": 0.292894
          },
          "1": {
            "x": 0.921875,
            "y": 0.294627
          },
          "2": {
            "x": 0.893555,
            "y": 0.29636
          },
          "3": {
            "x": 0.892578,
            "y": 0.298094
          },
          "4": {
            "x": 0.881836,
            "y": 0.298094
          },
          "5": {
            "x": 0.880859,
            "y": 0.299827
          },
          "6": {
            "x": 0.873047,
            "y": 0.299827
          },
          "7": {
            "x": 0.87207,
            "y": 0.30156
          },
          "8": {
            "x": 0.856445,
            "y": 0.303293
          },
          "9": {
            "x": 0.855469,
            "y": 0.305026
          },
          "10": {
            "x": 0.850586,
            "y": 0.305026
          },
          "11": {
            "x": 0.844727,
            "y": 0.308492
          },
          "12": {
            "x": 0.839844,
            "y": 0.308492
          },
          "13": {
            "x": 0.833984,
            "y": 0.311958
          },
          "14": {
            "x": 0.830078,
            "y": 0.311958
          },
          "15": {
            "x": 0.829102,
            "y": 0.313692
          },
          "16": {
            "x": 0.818359,
            "y": 0.317158
          },
          "17": {
            "x": 0.817383,
            "y": 0.318891
          },
          "18": {
            "x": 0.8125,
            "y": 0.318891
          },
          "19": {
            "x": 0.806641,
            "y": 0.32409
          },
          "20": {
            "x": 0.802734,
            "y": 0.32409
          },
          "21": {
            "x": 0.798828,
            "y": 0.327556
          },
          "22": {
            "x": 0.794922,
            "y": 0.327556
          },
          "23": {
            "x": 0.785156,
            "y": 0.334489
          },
          "24": {
            "x": 0.782227,
            "y": 0.334489
          },
          "25": {
            "x": 0.777344,
            "y": 0.339688
          },
          "26": {
            "x": 0.763672,
            "y": 0.34662
          },
          "27": {
            "x": 0.75293,
            "y": 0.355286
          },
          "28": {
            "x": 0.74707,
            "y": 0.357019
          },
          "29": {
            "x": 0.736328,
            "y": 0.365685
          },
          "30": {
            "x": 0.734375,
            "y": 0.365685
          },
          "31": {
            "x": 0.727539,
            "y": 0.372617
          },
          "32": {
            "x": 0.725586,
            "y": 0.372617
          },
          "33": {
            "x": 0.710938,
            "y": 0.384749
          },
          "34": {
            "x": 0.708984,
            "y": 0.384749
          },
          "35": {
            "x": 0.688477,
            "y": 0.40208
          },
          "36": {
            "x": 0.686523,
            "y": 0.40208
          },
          "37": {
            "x": 0.675781,
            "y": 0.412478
          },
          "38": {
            "x": 0.671875,
            "y": 0.414211
          },
          "39": {
            "x": 0.666016,
            "y": 0.421144
          },
          "40": {
            "x": 0.664062,
            "y": 0.421144
          },
          "41": {
            "x": 0.658203,
            "y": 0.428076
          },
          "42": {
            "x": 0.65625,
            "y": 0.428076
          },
          "43": {
            "x": 0.649414,
            "y": 0.435009
          },
          "44": {
            "x": 0.647461,
            "y": 0.435009
          },
          "45": {
            "x": 0.640625,
            "y": 0.441941
          },
          "46": {
            "x": 0.637695,
            "y": 0.441941
          },
          "47": {
            "x": 0.630859,
            "y": 0.44714
          },
          "48": {
            "x": 0.626953,
            "y": 0.44714
          },
          "49": {
            "x": 0.621094,
            "y": 0.450607
          },
          "50": {
            "x": 0.619141,
            "y": 0.454073
          },
          "51": {
            "x": 0.609375,
            "y": 0.459272
          },
          "52": {
            "x": 0.607422,
            "y": 0.462738
          },
          "53": {
            "x": 0.601562,
            "y": 0.466205
          },
          "54": {
            "x": 0.598633,
            "y": 0.466205
          },
          "55": {
            "x": 0.595703,
            "y": 0.469671
          },
          "56": {
            "x": 0.589844,
            "y": 0.473137
          },
          "57": {
            "x": 0.585938,
            "y": 0.473137
          },
          "58": {
            "x": 0.584961,
            "y": 0.47487
          },
          "59": {
            "x": 0.580078,
            "y": 0.47487
          },
          "60": {
            "x": 0.574219,
            "y": 0.478336
          },
          "61": {
            "x": 0.564453,
            "y": 0.478336
          },
          "62": {
            "x": 0.563477,
            "y": 0.480069
          },
          "63": {
            "x": 0.551758,
            "y": 0.480069
          },
          "64": {
            "x": 0.550781,
            "y": 0.481802
          },
          "65": {
            "x": 0.545898,
            "y": 0.481802
          },
          "66": {
            "x": 0.544922,
            "y": 0.483536
          },
          "67": {
            "x": 0.532227,
            "y": 0.481802
          },
          "68": {
            "x": 0.52832,
            "y": 0.478336
          },
          "69": {
            "x": 0.521484,
            "y": 0.476603
          },
          "70": {
            "x": 0.517578,
            "y": 0.469671
          },
          "71": {
            "x": 0.518555,
            "y": 0.461005
          },
          "72": {
            "x": 0.522461,
            "y": 0.450607
          },
          "73": {
            "x": 0.523438,
            "y": 0.441941
          },
          "74": {
            "x": 0.530273,
            "y": 0.417678
          },
          "75": {
            "x": 0.530273,
            "y": 0.410745
          },
          "76": {
            "x": 0.539062,
            "y": 0.358752
          },
          "77": {
            "x": 0.539062,
            "y": 0.353553
          },
          "78": {
            "x": 0.536133,
            "y": 0.344887
          },
          "79": {
            "x": 0.53418,
            "y": 0.343154
          },
          "80": {
            "x": 0.529297,
            "y": 0.343154
          },
          "81": {
            "x": 0.52832,
            "y": 0.341421
          },
          "82": {
            "x": 0.527344,
            "y": 0.343154
          },
          "83": {
            "x": 0.523438,
            "y": 0.343154
          },
          "84": {
            "x": 0.520508,
            "y": 0.34662
          },
          "85": {
            "x": 0.517578,
            "y": 0.365685
          },
          "86": {
            "x": 0.512695,
            "y": 0.381282
          },
          "87": {
            "x": 0.510742,
            "y": 0.40208
          },
          "88": {
            "x": 0.508789,
            "y": 0.407279
          },
          "89": {
            "x": 0.509766,
            "y": 0.431542
          },
          "90": {
            "x": 0.505859,
            "y": 0.435009
          },
          "91": {
            "x": 0.507812,
            "y": 0.438475
          },
          "92": {
            "x": 0.503906,
            "y": 0.450607
          },
          "93": {
            "x": 0.503906,