{
  "labels": {
    "9": [
      {
        "instrument_polygon": {
          "0": {
            "x": 0.997636,
            "y": 0.483333
          },
          "1": {
            "x": 0.996454,
            "y": 0.485417
          },
          "10": {
            "x": 0.962175,
            "y": 0.50625
          },
          "11": {
            "x": 0.956265,
            "y": 0.5125
          },
          "12": {
            "x": 0.952719,
            "y": 0.5125
          },
          "13": {
            "x": 0.946809,
            "y": 0.520833
          },
          "14": {
            "x": 0.937352,
            "y": 0.525
          },
          "15": {
            "x": 0.933806,
            "y": 0.529167
          },
          "16": {
            "x": 0.93026,
            "y": 0.529167
          },
          "17": {
            "x": 0.929078,
            "y": 0.53125
          },
          "18": {
            "x": 0.921986,
            "y": 0.533333
          },
          "19": {
            "x": 0.916076,
            "y": 0.539583
          },
          "2": {
            "x": 0.990544,
            "y": 0.485417
          },
          "20": {
            "x": 0.913712,
            "y": 0.539583
          },
          "21": {
            "x": 0.910165,
            "y": 0.54375
          },
          "22": {
            "x": 0.907801,
            "y": 0.54375
          },
          "23": {
            "x": 0.901891,
            "y": 0.55
          },
          "24": {
            "x": 0.899527,
            "y": 0.55
          },
          "25": {
            "x": 0.892435,
            "y": 0.55625
          },
          "26": {
            "x": 0.890071,
            "y": 0.55625
          },
          "27": {
            "x": 0.887707,
            "y": 0.560417
          },
          "28": {
            "x": 0.881797,
            "y": 0.5625
          },
          "29": {
            "x": 0.875887,
            "y": 0.56875
          },
          "3": {
            "x": 0.989362,
            "y": 0.4875
          },
          "30": {
            "x": 0.86643,
            "y": 0.572917
          },
          "31": {
            "x": 0.865248,
            "y": 0.575
          },
          "32": {
            "x": 0.859338,
            "y": 0.575
          },
          "33": {
            "x": 0.858156,
            "y": 0.577083
          },
          "34": {
            "x": 0.851064,
            "y": 0.577083
          },
          "35": {
            "x": 0.849882,
            "y": 0.579167
          },
          "36": {
            "x": 0.825059,
            "y": 0.579167
          },
          "37": {
            "x": 0.823877,
            "y": 0.577083
          },
          "38": {
            "x": 0.815603,
            "y": 0.577083
          },
          "39": {
            "x": 0.814421,
            "y": 0.579167
          },
          "4": {
            "x": 0.985816,
            "y": 0.4875
          },
          "40": {
            "x": 0.812057,
            "y": 0.579167
          },
          "41": {
            "x": 0.809693,
            "y": 0.583333
          },
          "42": {
            "x": 0.807329,
            "y": 0.583333
          },
          "43": {
            "x": 0.8026,
            "y": 0.5875
          },
          "44": {
            "x": 0.79669,
            "y": 0.597917
          },
          "45": {
            "x": 0.793144,
            "y": 0.6125
          },
          "46": {
            "x": 0.793144,
            "y": 0.622917
          },
          "47": {
            "x": 0.79669,
            "y": 0.64375
          },
          "48": {
            "x": 0.8026,
            "y": 0.654167
          },
          "49": {
            "x": 0.807329,
            "y": 0.658333
          },
          "5": {
            "x": 0.981087,
            "y": 0.49375
          },
          "50": {
            "x": 0.809693,
            "y": 0.658333
          },
          "51": {
            "x": 0.814421,
            "y": 0.664583
          },
          "52": {
            "x": 0.819149,
            "y": 0.664583
          },
          "53": {
            "x": 0.820331,
            "y": 0.666667
          },
          "54": {
            "x": 0.825059,
            "y": 0.666667
          },
          "55": {
            "x": 0.826241,
            "y": 0.66875
          },
          "56": {
            "x": 0.830969,
            "y": 0.66875
          },
          "57": {
            "x": 0.832151,
            "y": 0.670833
          },
          "58": {
            "x": 0.835697,
            "y": 0.670833
          },
          "59": {
            "x": 0.836879,
            "y": 0.672917
          },
          "6": {
            "x": 0.977541,
            "y": 0.49375
          },
          "60": {
            "x": 0.840426,
            "y": 0.672917
          },
          "61": {
            "x": 0.845154,
            "y": 0.679167
          },
          "62": {
            "x": 0.852246,
            "y": 0.68125
          },
          "63": {
            "x": 0.86643,
            "y": 0.69375
          },
          "64": {
            "x": 0.868794,
            "y": 0.69375
          },
          "65": {
            "x": 0.874704,
            "y": 0.702083
          },
          "66": {
            "x": 0.874704,
            "y": 0.704167
          },
          "67": {
            "x": 0.884161,
            "y": 0.716667
          },
          "68": {
            "x": 0.886525,
            "y": 0.716667
          },
          "69": {
            "x": 0.891253,
            "y": 0.725
          },
          "7": {
            "x": 0.973995,
            "y": 0.497917
          },
          "70": {
            "x": 0.895981,
            "y": 0.729167
          },
          "71": {
            "x": 0.898345,
            "y": 0.729167
          },
          "72": {
            "x": 0.901891,
            "y": 0.735417
          },
          "73": {
            "x": 0.906619,
            "y": 0.739583
          },
          "74": {
            "x": 0.908983,
            "y": 0.739583
          },
          "75": {
            "x": 0.919622,
            "y": 0.75
          },
          "76": {
            "x": 0.929078,
            "y": 0.754167
          },
          "77": {
            "x": 0.93026,
            "y": 0.75625
          },
          "78": {
            "x": 0.934988,
            "y": 0.75625
          },
          "79": {
            "x": 0.93617,
            "y": 0.758333
          },
          "8": {
            "x": 0.969267,
            "y": 0.497917
          },
          "80": {
            "x": 0.939716,
            "y": 0.758333
          },
          "81": {
            "x": 0.940898,
            "y": 0.760417
          },
          "82": {
            "x": 0.946809,
            "y": 0.760417
          },
          "83": {
            "x": 0.951537,
            "y": 0.764583
          },
          "84": {
            "x": 0.959811,
            "y": 0.766667
          },
          "85": {
            "x": 0.968085,
            "y": 0.772917
          },
          "86": {
            "x": 0.971631,
            "y": 0.772917
          },
          "87": {
            "x": 0.972813,
            "y": 0.775
          },
          "88": {
            "x": 0.977541,
            "y": 0.775
          },
          "89": {
            "x": 0.978723,
            "y": 0.777083
          },
          "9": {
            "x": 0.964539,
            "y": 0.50625
          },
          "90": {
            "x": 0.986998,
            "y": 0.779167
          },
          "91": {
            "x": 0.98818,
            "y": 0.78125
          },
          "92": {
            "x": 0.99409,
            "y": 0.78125
          },
          "93": {
            "x": 0.995272,
            "y": 0.783333
          },
          "94": {
            "x": 0.998818,
            "y": 0.783333
          },