{
  "labels": {
    "80": [
      {
        "instrument_polygon": {
          "0": {
            "x": 0.74463,
            "y": 0
          },
          "1": {
            "x": 0.73747,
            "y": 0.020921
          },
          "10": {
            "x": 0.634845,
            "y": 0.303347
          },
          "11": {
            "x": 0.639618,
            "y": 0.313808
          },
          "12": {
            "x": 0.642005,
            "y": 0.3159
          },
          "13": {
            "x": 0.646778,
            "y": 0.3159
          },
          "14": {
            "x": 0.647971,
            "y": 0.313808
          },
          "15": {
            "x": 0.650358,
            "y": 0.313808
          },
          "16": {
            "x": 0.655131,
            "y": 0.309623
          },
          "17": {
            "x": 0.658711,
            "y": 0.303347
          },
          "18": {
            "x": 0.662291,
            "y": 0.301255
          },
          "19": {
            "x": 0.668258,
            "y": 0.290795
          },
          "2": {
            "x": 0.73389,
            "y": 0.025105
          },
          "20": {
            "x": 0.678998,
            "y": 0.278243
          },
          "21": {
            "x": 0.699284,
            "y": 0.248954
          },
          "22": {
            "x": 0.701671,
            "y": 0.248954
          },
          "23": {
            "x": 0.707637,
            "y": 0.240586
          },
          "24": {
            "x": 0.710024,
            "y": 0.240586
          },
          "25": {
            "x": 0.713604,
            "y": 0.23431
          },
          "26": {
            "x": 0.718377,
            "y": 0.230126
          },
          "27": {
            "x": 0.71957,
            "y": 0.225941
          },
          "28": {
            "x": 0.72315,
            "y": 0.223849
          },
          "29": {
            "x": 0.745823,
            "y": 0.192469
          },
          "3": {
            "x": 0.731504,
            "y": 0.031381
          },
          "30": {
            "x": 0.75537,
            "y": 0.1841
          },
          "31": {
            "x": 0.763723,
            "y": 0.171548
          },
          "32": {
            "x": 0.77327,
            "y": 0.16318
          },
          "33": {
            "x": 0.786396,
            "y": 0.146444
          },
          "34": {
            "x": 0.789976,
            "y": 0.144351
          },
          "35": {
            "x": 0.794749,
            "y": 0.135983
          },
          "36": {
            "x": 0.804296,
            "y": 0.123431
          },
          "37": {
            "x": 0.811456,
            "y": 0.117155
          },
          "38": {
            "x": 0.815036,
            "y": 0.110879
          },
          "39": {
            "x": 0.823389,
            "y": 0.104603
          },
          "4": {
            "x": 0.725537,
            "y": 0.037657
          },
          "40": {
            "x": 0.830549,
            "y": 0.094142
          },
          "41": {
            "x": 0.854415,
            "y": 0.07113
          },
          "42": {
            "x": 0.859189,
            "y": 0.062762
          },
          "43": {
            "x": 0.866348,
            "y": 0.056485
          },
          "44": {
            "x": 0.868735,
            "y": 0.050209
          },
          "45": {
            "x": 0.886635,
            "y": 0.025105
          },
          "46": {
            "x": 0.896181,
            "y": 0.016736
          },
          "47": {
            "x": 0.899761,
            "y": 0.01046
          },
          "48": {
            "x": 0.910501,
            "y": 0.002092
          },
          "49": {
            "x": 0.910501,
            "y": 0
          },
          "5": {
            "x": 0.713604,
            "y": 0.066946
          },
          "6": {
            "x": 0.707637,
            "y": 0.075314
          },
          "7": {
            "x": 0.700477,
            "y": 0.094142
          },
          "8": {
            "x": 0.661098,
            "y": 0.23431
          },
          "9": {
            "x": 0.636038,
            "y": 0.282427
          }
        },
        "instrument_type": "Cautery (Hook, Spatula)"
      },
      {
        "is_tti": 1,
        "interaction_type": "Blunt dissection",
        "interaction_tool": "Cautery (Hook, Spatula)",
        "tti_polygon": {
          "0": {
            "x": 0.5727923627684964,
            "y": 0.24686192468619247
          },
          "1": {
            "x": 0.5739856801909308,
            "y": 0.24476987447698745
          },
          "10": {
            "x": 0.5799522673031027,
            "y": 0.2217573221757322
          },
          "100": {
            "x": 0.5835322195704057,
            "y": 0.30962343096234307
          },
          "101": {
            "x": 0.581145584725537,
            "y": 0.3054393305439331
          },
          "102": {
            "x": 0.581145584725537,
            "y": 0.303347280334728
          },
          "103": {
            "x": 0.5775656324582339,
            "y": 0.29707112970711297
          },
          "104": {
            "x": 0.5775656324582339,
            "y": 0.29497907949790797
          },
          "105": {
            "x": 0.5763723150357996,
            "y": 0.2928870292887029
          },
          "106": {
            "x": 0.5763723150357996,
            "y": 0.2907949790794979
          },
          "107": {
            "x": 0.5751789976133651,
            "y": 0.28870292887029286
          },
          "108": {
            "x": 0.5751789976133651,
            "y": 0.28661087866108786
          },
          "109": {
            "x": 0.5739856801909308,
            "y": 0.28451882845188287
          },
          "11": {
            "x": 0.5871121718377088,
            "y": 0.20920502092050208
          },
          "110": {
            "x": 0.5739856801909308,
            "y": 0.27824267782426776
          },
          "111": {
            "x": 0.5727923627684964,
            "y": 0.27615062761506276
          },
          "112": {
            "x": 0.5727923627684964,
            "y": 0.24686192468619247
          },
          "12": {
            "x": 0.5883054892601431,
            "y": 0.20920502092050208
          },
          "13": {
            "x": 0.5894988066825776,
            "y": 0.20711297071129708
          },
          "14": {
            "x": 0.5906921241050119,
            "y": 0.20711297071129708
          },
          "15": {
            "x": 0.5918854415274463,
            "y": 0.20502092050209206
          },
          "16": {
            "x": 0.5930787589498807,
            "y": 0.20502092050209206
          },
          "17": {
            "x": 0.594272076372315,
            "y": 0.20292887029288703
          },
          "18": {
            "x": 0.5966587112171837,
            "y": 0.20292887029288703
          },
          "19": {
            "x": 0.5978520286396182,
            "y": 0.200836820083682
          },
          "2": {
            "x": 0.5739856801909308,
            "y": 0.2405857740585774
          },
          "20": {
            "x": 0.6014319809069213,
            "y": 0.200836820083682
          },
          "21": {
            "x": 0.6026252983293556,
            "y": 0.19874476987447698
          },
          "22": {
            "x": 0.6145584725536993,
            "y": 0.19874476987447698
          },
          "23": {
            "x": 0.6157517899761337,
            "y": 0.200836820083682
          },
          "24": {
            "x": 0.6193317422434368,
            "y": 0.200836820083682
          },
          "25": {
            "x": 0.6205250596658711,
            "y": 0.20292887029288703
          },
          "26": {
            "x": 0.6229116945107399,
            "y": 0.20292887029288703
          },
          "27": {
            "x": 0.6241050119331742,