{
  "labels": {
    "0": [
      {
        "is_tti": 0,
        "non_interaction_tool": "Grasper",
        "tti_polygon": {
          "0": {
            "x": 0.002778,
            "y": 0.468619
          },
          "1": {
            "x": 0,
            "y": 0.472803
          },
          "2": {
            "x": 0,
            "y": 0.575314
          },
          "3": {
            "x": 0.009722,
            "y": 0.575314
          },
          "4": {
            "x": 0.011111,
            "y": 0.573222
          },
          "5": {
            "x": 0.015278,
            "y": 0.573222
          },
          "6": {
            "x": 0.016667,
            "y": 0.57113
          },
          "7": {
            "x": 0.020833,
            "y": 0.57113
          },
          "8": {
            "x": 0.022222,
            "y": 0.569038
          },
          "9": {
            "x": 0.025,
            "y": 0.569038
          },
          "10": {
            "x": 0.027778,
            "y": 0.575314
          },
          "11": {
            "x": 0.030556,
            "y": 0.575314
          },
          "12": {
            "x": 0.031944,
            "y": 0.577406
          },
          "13": {
            "x": 0.044444,
            "y": 0.577406
          },
          "14": {
            "x": 0.045833,
            "y": 0.575314
          },
          "15": {
            "x": 0.140278,
            "y": 0.575314
          },
          "16": {
            "x": 0.141667,
            "y": 0.573222
          },
          "17": {
            "x": 0.144444,
            "y": 0.575314
          },
          "18": {
            "x": 0.170833,
            "y": 0.575314
          },
          "19": {
            "x": 0.172222,
            "y": 0.573222
          },
          "20": {
            "x": 0.175,
            "y": 0.573222
          },
          "21": {
            "x": 0.176389,
            "y": 0.575314
          },
          "22": {
            "x": 0.202778,
            "y": 0.575314
          },
          "23": {
            "x": 0.204167,
            "y": 0.573222
          },
          "24": {
            "x": 0.206944,
            "y": 0.573222
          },
          "25": {
            "x": 0.208333,
            "y": 0.575314
          },
          "26": {
            "x": 0.247222,
            "y": 0.575314
          },
          "27": {
            "x": 0.248611,
            "y": 0.573222
          },
          "28": {
            "x": 0.272222,
            "y": 0.573222
          },
          "29": {
            "x": 0.273611,
            "y": 0.57113
          },
          "30": {
            "x": 0.338889,
            "y": 0.57113
          },
          "31": {
            "x": 0.340278,
            "y": 0.569038
          },
          "32": {
            "x": 0.358333,
            "y": 0.569038
          },
          "33": {
            "x": 0.359722,
            "y": 0.566946
          },
          "34": {
            "x": 0.398611,
            "y": 0.566946
          },
          "35": {
            "x": 0.4,
            "y": 0.564854
          },
          "36": {
            "x": 0.4375,
            "y": 0.564854
          },
          "37": {
            "x": 0.438889,
            "y": 0.562762
          },
          "38": {
            "x": 0.466667,
            "y": 0.562762
          },
          "39": {
            "x": 0.468056,
            "y": 0.560669
          },
          "40": {
            "x": 0.472222,
            "y": 0.560669
          },
          "41": {
            "x": 0.480556,
            "y": 0.554393
          },
          "42": {
            "x": 0.486111,
            "y": 0.541841
          },
          "43": {
            "x": 0.486111,
            "y": 0.525105
          },
          "44": {
            "x": 0.479167,
            "y": 0.512552
          },
          "45": {
            "x": 0.468056,
            "y": 0.504184
          },
          "46": {
            "x": 0.458333,
            "y": 0.504184
          },
          "47": {
            "x": 0.456944,
            "y": 0.502092
          },
          "48": {
            "x": 0.436111,
            "y": 0.502092
          },
          "49": {
            "x": 0.434722,
            "y": 0.5
          },
          "50": {
            "x": 0.406944,
            "y": 0.5
          },
          "51": {
            "x": 0.405556,
            "y": 0.497908
          },
          "52": {
            "x": 0.391667,
            "y": 0.497908
          },
          "53": {
            "x": 0.390278,
            "y": 0.495816
          },
          "54": {
            "x": 0.376389,
            "y": 0.495816
          },
          "55": {
            "x": 0.375,
            "y": 0.493724
          },
          "56": {
            "x": 0.359722,
            "y": 0.493724
          },
          "57": {
            "x": 0.358333,
            "y": 0.491632
          },
          "58": {
            "x": 0.343056,
            "y": 0.491632
          },
          "59": {
            "x": 0.341667,
            "y": 0.48954
          },
          "60": {
            "x": 0.306944,
            "y": 0.48954
          },
          "61": {
            "x": 0.301389,
            "y": 0.493724
          },
          "62": {
            "x": 0.293056,
            "y": 0.493724
          },
          "63": {
            "x": 0.291667,
            "y": 0.495816
          },
          "64": {
            "x": 0.279167,
            "y": 0.495816
          },
          "65": {
            "x": 0.277778,
            "y": 0.493724
          },
          "66": {
            "x": 0.263889,
            "y": 0.493724
          },
          "67": {
            "x": 0.2625,
            "y": 0.491632
          },
          "68": {
            "x": 0.251389,
            "y": 0.491632
          },
          "69": {
            "x": 0.25,
            "y": 0.48954
          },
          "70": {
            "x": 0.238889,
            "y": 0.48954
          },
          "71": {
            "x": 0.2375,
            "y": 0.487448
          },
          "72": {
            "x": 0.218056,
            "y": 0.487448
          },
          "73": {
            "x": 0.216667,
            "y": 0.485356
          },
          "74": {
            "x": 0.198611,
            "y": 0.485356
          },
          "75": {
            "x": 0.197222,
            "y": 0.483264
          },
          "76": {
            "x": 0.188889,
            "y": 0.483264
          },
          "77": {
            "x": 0.184722,
            "y": 0.476987
          },
          "78": {
            "x": 0.168056,
            "y": 0.476987
          },
          "79": {
            "x": 0.166667,
            "y": 0.474895
          },
          "80": {
            "x": 0.131944,
            "y": 0.474895
          },
          "81": {
            "x": 0.130556,
            "y": 0.476987
          },
          "82": {
            "x": 0.125,
            "y": 0.476987
          },
          "83": {
            "x": 0.123611,
            "y": 0.479079
          },
          "84": {
            "x": 0.111111,
            "y": 0.479079
          },
          "85": {
            "x": 0.109722,
            "y": 0.476987
          },
          "86": {
            "x": 0.080556,
            "y": 0.476987
          },
          "87": {
            "x": 0.079167,
            "y": 0.474895
          },
          "88": {
            "x": 0.058333,
            "y": 0.474895
          },
          "89": {
            "x": 0.056944,
            "y": 0.472803
          },
          "90": {
            "x": 0.025,
            "y": 0.472803
          },
          "91": {
            "x": 0.023611,
            "y": 0.470711
          },
          "92": {
            "x": 0.016667,
            "y": 0.470711
          },
          "93": {
            "x": 0.015278,
            "y": 0.468619
          }
        }
      }
    ]
  }
}