{
  "labels": {
    "51": [
      {
        "is_tti": 0,
        "non_interaction_tool": "Cautery (Hook, Spatula)",
        "tti_polygon": {
          "0": {
            "x": 0.516908,
            "y": 0.87605
          },
          "1": {
            "x": 0.520531,
            "y": 0.869748
          },
          "2": {
            "x": 0.528986,
            "y": 0.869748
          },
          "3": {
            "x": 0.531401,
            "y": 0.87395
          },
          "4": {
            "x": 0.536232,
            "y": 0.87605
          },
          "5": {
            "x": 0.538647,
            "y": 0.880252
          },
          "6": {
            "x": 0.542271,
            "y": 0.882353
          },
          "7": {
            "x": 0.547101,
            "y": 0.890756
          },
          "8": {
            "x": 0.549517,
            "y": 0.890756
          },
          "9": {
            "x": 0.55314,
            "y": 0.894958
          },
          "10": {
            "x": 0.55314,
            "y": 0.897059
          },
          "11": {
            "x": 0.560386,
            "y": 0.907563
          },
          "12": {
            "x": 0.566425,
            "y": 0.909664
          },
          "13": {
            "x": 0.567633,
            "y": 0.911765
          },
          "14": {
            "x": 0.571256,
            "y": 0.911765
          },
          "15": {
            "x": 0.574879,
            "y": 0.915966
          },
          "16": {
            "x": 0.583333,
            "y": 0.918067
          },
          "17": {
            "x": 0.584541,
            "y": 0.915966
          },
          "18": {
            "x": 0.586957,
            "y": 0.915966
          },
          "19": {
            "x": 0.591787,
            "y": 0.907563
          },
          "20": {
            "x": 0.600242,
            "y": 0.87605
          },
          "21": {
            "x": 0.613527,
            "y": 0.844538
          },
          "22": {
            "x": 0.625604,
            "y": 0.823529
          },
          "23": {
            "x": 0.630435,
            "y": 0.819328
          },
          "24": {
            "x": 0.634058,
            "y": 0.813025
          },
          "25": {
            "x": 0.636473,
            "y": 0.813025
          },
          "26": {
            "x": 0.640097,
            "y": 0.808824
          },
          "27": {
            "x": 0.642512,
            "y": 0.808824
          },
          "28": {
            "x": 0.647343,
            "y": 0.804622
          },
          "29": {
            "x": 0.657005,
            "y": 0.804622
          },
          "30": {
            "x": 0.658213,
            "y": 0.806723
          },
          "31": {
            "x": 0.661836,
            "y": 0.806723
          },
          "32": {
            "x": 0.6636475253651092,
            "y": 0.8088235294117647
          },
          "33": {
            "x": 0.6654589371980676,
            "y": 0.8088235294117647
          },
          "34": {
            "x": 0.6666666666666666,
            "y": 0.8067226890756303
          },
          "35": {
            "x": 0.6690821256038647,
            "y": 0.8067226890756303
          },
          "36": {
            "x": 0.6702898550724637,
            "y": 0.8046218487394958
          },
          "37": {
            "x": 0.678743961352657,
            "y": 0.8046218487394958
          },
          "38": {
            "x": 0.6799516908212561,
            "y": 0.8025210084033614
          },
          "39": {
            "x": 0.6896135265700483,
            "y": 0.8025210084033614
          },
          "40": {
            "x": 0.6908212560386473,
            "y": 0.8004201680672269
          },
          "41": {
            "x": 0.6956521739130435,
            "y": 0.8004201680672269
          },
          "42": {
            "x": 0.6968599033816425,
            "y": 0.7983193277310925
          },
          "43": {
            "x": 0.7028985507246377,
            "y": 0.7983193277310925
          },
          "44": {
            "x": 0.7041062801932367,
            "y": 0.7962184873949579
          },
          "45": {
            "x": 0.7101449275362319,
            "y": 0.7962184873949579
          },
          "46": {
            "x": 0.711352657004831,
            "y": 0.7941176470588235
          },
          "47": {
            "x": 0.714975845410628,
            "y": 0.7941176470588235
          },
          "48": {
            "x": 0.716183574879227,
            "y": 0.792016806722689
          },
          "49": {
            "x": 0.717391304347826,
            "y": 0.792016806722689
          },
          "50": {
            "x": 0.7185990338164251,
            "y": 0.7899159663865546
          },
          "51": {
            "x": 0.7258454106280193,
            "y": 0.7899159663865546
          },
          "52": {
            "x": 0.7270531400966184,
            "y": 0.7878151260504201
          },
          "53": {
            "x": 0.7330917874396136,
            "y": 0.7878151260504201
          },
          "54": {
            "x": 0.7342995169082126,
            "y": 0.7857142857142857
          },
          "55": {
            "x": 0.7451690821256038,
            "y": 0.7857142857142857
          },
          "56": {
            "x": 0.7463768115942029,
            "y": 0.7836134453781513
          },
          "57": {
            "x": 0.7524154589371981,
            "y": 0.7836134453781513
          },
          "58": {
            "x": 0.7536231884057971,
            "y": 0.7815126050420168
          },
          "59": {
            "x": 0.7584541062801933,
            "y": 0.7815126050420168
          },
          "60": {
            "x": 0.7596618357487923,
            "y": 0.7794117647058824
          },
          "61": {
            "x": 0.7693236714975845,
            "y": 0.7794117647058824
          },
          "62": {
            "x": 0.7705314009661836,
            "y": 0.7773109243697479
          },
          "63": {
            "x": 0.7789855072463768,
            "y": 0.7773109243697479
          },
          "64": {
            "x": 0.7801932367149759,
            "y": 0.7752100840336135
          },
          "65": {
            "x": 0.787439951683672,
            "y": 0.7752100840336135
          },
          "66": {
            "x": 0.78744,
            "y": 0.77521
          },
          "67": {
            "x": 0.792271,
            "y": 0.77521
          },
          "68": {
            "x": 0.793478,
            "y": 0.773109
          },
          "69": {
            "x": 0.798309,
            "y": 0.773109
          },
          "70": {
            "x": 0.799517,
            "y": 0.771008
          },
          "71": {
            "x": 0.806763,
            "y": 0.771008
          },
          "72": {
            "x": 0.8075915641026276,
            "y": 0.769567615384505
          },
          "73": {
            "x": 0.8079710144927537,
            "y": 0.7689075630252101
          },
          "74": {
            "x": 0.8115942028985508,
            "y": 0.7689075630252101
          },
          "75": {
            "x": 0.8128019323671497,
            "y": 0.7668067226890757
          },
          "76": {
            "x": 0.8224641593118922,
            "y": 0.7668067226890757
          },
          "77": {
            "x": 0.823671,
            "y": 0.764706
          },
          "78": {
            "x": 0.8260868888888888,
            "y": 0.764706
          },
          "79": {
            "x": 0.8260869565217391,
            "y": 0.7647058823529411
          },
          "80": {
            "x": 0.8297101449275363,
            "y": 0.7647058823529411
          },
          "81": {
            "x": 0.8309178743961353,
            "y": 0.7626050420168067
          },
          "82": {
            "x": 0.8321259758418361,
            "y": 0.7626050420168067
          },
          "83": {
            "x": 0.832126,