{
  "labels": {
    "52": [
      {
        "is_tti": 0,
        "non_interaction_tool": null,
        "instrument_polygon": {
          "0": {
            "x": 0.957031,
            "y": 0.256522
          },
          "1": {
            "x": 0.943359,
            "y": 0.266667
          },
          "2": {
            "x": 0.923828,
            "y": 0.271014
          },
          "3": {
            "x": 0.918945,
            "y": 0.275362
          },
          "4": {
            "x": 0.910156,
            "y": 0.278261
          },
          "5": {
            "x": 0.908203,
            "y": 0.281159
          },
          "6": {
            "x": 0.90332,
            "y": 0.281159
          },
          "7": {
            "x": 0.894531,
            "y": 0.286957
          },
          "8": {
            "x": 0.891602,
            "y": 0.286957
          },
          "9": {
            "x": 0.885742,
            "y": 0.292754
          },
          "10": {
            "x": 0.880859,
            "y": 0.294203
          },
          "11": {
            "x": 0.876953,
            "y": 0.298551
          },
          "12": {
            "x": 0.868164,
            "y": 0.302899
          },
          "13": {
            "x": 0.842773,
            "y": 0.326087
          },
          "14": {
            "x": 0.838867,
            "y": 0.333333
          },
          "15": {
            "x": 0.830078,
            "y": 0.34058
          },
          "16": {
            "x": 0.826172,
            "y": 0.342029
          },
          "17": {
            "x": 0.821289,
            "y": 0.349275
          },
          "18": {
            "x": 0.814453,
            "y": 0.356522
          },
          "19": {
            "x": 0.80957,
            "y": 0.35942
          },
          "20": {
            "x": 0.800781,
            "y": 0.369565
          },
          "21": {
            "x": 0.795898,
            "y": 0.372464
          },
          "22": {
            "x": 0.785156,
            "y": 0.385507
          },
          "23": {
            "x": 0.771484,
            "y": 0.395652
          },
          "24": {
            "x": 0.764648,
            "y": 0.404348
          },
          "25": {
            "x": 0.755859,
            "y": 0.410145
          },
          "26": {
            "x": 0.744141,
            "y": 0.424638
          },
          "27": {
            "x": 0.734375,
            "y": 0.428986
          },
          "28": {
            "x": 0.727539,
            "y": 0.434783
          },
          "29": {
            "x": 0.720703,
            "y": 0.436232
          },
          "30": {
            "x": 0.711914,
            "y": 0.442029
          },
          "31": {
            "x": 0.693359,
            "y": 0.446377
          },
          "32": {
            "x": 0.68457,
            "y": 0.453623
          },
          "33": {
            "x": 0.681641,
            "y": 0.457971
          },
          "34": {
            "x": 0.674805,
            "y": 0.457971
          },
          "35": {
            "x": 0.668945,
            "y": 0.449275
          },
          "36": {
            "x": 0.666016,
            "y": 0.449275
          },
          "37": {
            "x": 0.660156,
            "y": 0.444928
          },
          "38": {
            "x": 0.65625,
            "y": 0.437681
          },
          "39": {
            "x": 0.655273,
            "y": 0.431884
          },
          "40": {
            "x": 0.650391,
            "y": 0.427536
          },
          "41": {
            "x": 0.648438,
            "y": 0.423188
          },
          "42": {
            "x": 0.642578,
            "y": 0.418841
          },
          "43": {
            "x": 0.637695,
            "y": 0.411594
          },
          "44": {
            "x": 0.631836,
            "y": 0.411594
          },
          "45": {
            "x": 0.630859,
            "y": 0.410145
          },
          "46": {
            "x": 0.628906,
            "y": 0.411594
          },
          "47": {
            "x": 0.626953,
            "y": 0.418841
          },
          "48": {
            "x": 0.62793,
            "y": 0.423188
          },
          "49": {
            "x": 0.630859,
            "y": 0.427536
          },
          "50": {
            "x": 0.633789,
            "y": 0.427536
          },
          "51": {
            "x": 0.642578,
            "y": 0.431884
          },
          "52": {
            "x": 0.644531,
            "y": 0.434783
          },
          "53": {
            "x": 0.647461,
            "y": 0.443478
          },
          "54": {
            "x": 0.648438,
            "y": 0.453623
          },
          "55": {
            "x": 0.660156,
            "y": 0.475362
          },
          "56": {
            "x": 0.665039,
            "y": 0.478261
          },
          "57": {
            "x": 0.669922,
            "y": 0.485507
          },
          "58": {
            "x": 0.672852,
            "y": 0.484058
          },
          "59": {
            "x": 0.675781,
            "y": 0.485507
          },
          "60": {
            "x": 0.682617,
            "y": 0.498551
          },
          "61": {
            "x": 0.693359,
            "y": 0.505797
          },
          "62": {
            "x": 0.716797,
            "y": 0.502899
          },
          "63": {
            "x": 0.717773,
            "y": 0.504348
          },
          "64": {
            "x": 0.769531,
            "y": 0.505797
          },
          "65": {
            "x": 0.770508,
            "y": 0.504348
          },
          "66": {
            "x": 0.790039,
            "y": 0.504348
          },
          "67": {
            "x": 0.791016,
            "y": 0.502899
          },
          "68": {
            "x": 0.803711,
            "y": 0.502899
          },
          "69": {
            "x": 0.804688,
            "y": 0.501449
          },
          "70": {
            "x": 0.823242,
            "y": 0.501449
          },
          "71": {
            "x": 0.824219,
            "y": 0.5
          },
          "72": {
            "x": 0.834961,
            "y": 0.5
          },
          "73": {
            "x": 0.84082,
            "y": 0.497101
          },
          "74": {
            "x": 0.859375,
            "y": 0.495652
          },
          "75": {
            "x": 0.860352,
            "y": 0.494203
          },
          "76": {
            "x": 0.87207,
            "y": 0.494203
          },
          "77": {
            "x": 0.873047,
            "y": 0.492754
          },
          "78": {
            "x": 0.878906,
            "y": 0.492754
          },
          "79": {
            "x": 0.879883,
            "y": 0.491304
          },
          "80": {
            "x": 0.897461,
            "y": 0.489855
          },
          "81": {
            "x": 0.898438,
            "y": 0.488406
          },
          "82": {
            "x": 0.90625,
            "y": 0.488406
          },
          "83": {
            "x": 0.907227,
            "y": 0.486957
          },
          "84": {
            "x": 0.936523,
            "y": 0.485507
          },
          "85": {
            "x": 0.9375,
            "y": 0.486957
          },
          "86": {
            "x": 0.946289,
            "y": 0.486957
          },
          "87": {
            "x": 0.947266,
            "y": 0.485507
          },
          "88": {
            "x": 0.956055,
            "y": 0.485507
          },
          "89": {
            "x": 0.959961,
            "y": 0.482609
          },
          "90": {
            "x": 0.964844,
            "y": 0.482609
          },
          "91": {
            "x": 0.96582,
            "y": 0.481159
          },
          "92": {
            "x": 0.984375,
            "y": 0.47971
          },
          "93": {
            "x": 0.986328,
            "y": 0.481159
          },