{
  "labels": {
    "41": [
      {
        "is_tti": 0,
        "non_interaction_tool": "Cautery (Hook, Spatula)",
        "tti_polygon": {
          "0": {
            "x": 0.991211,
            "y": 0.10052
          },
          "1": {
            "x": 0.982422,
            "y": 0.105719
          },
          "2": {
            "x": 0.979492,
            "y": 0.105719
          },
          "3": {
            "x": 0.978516,
            "y": 0.107452
          },
          "4": {
            "x": 0.974609,
            "y": 0.107452
          },
          "5": {
            "x": 0.96582,
            "y": 0.112652
          },
          "6": {
            "x": 0.962891,
            "y": 0.112652
          },
          "7": {
            "x": 0.961914,
            "y": 0.114385
          },
          "8": {
            "x": 0.954102,
            "y": 0.116118
          },
          "9": {
            "x": 0.948242,
            "y": 0.121317
          },
          "10": {
            "x": 0.941406,
            "y": 0.12305
          },
          "11": {
            "x": 0.94043,
            "y": 0.124783
          },
          "12": {
            "x": 0.936523,
            "y": 0.124783
          },
          "13": {
            "x": 0.930664,
            "y": 0.129983
          },
          "14": {
            "x": 0.910156,
            "y": 0.142114
          },
          "15": {
            "x": 0.900391,
            "y": 0.152513
          },
          "16": {
            "x": 0.894531,
            "y": 0.155979
          },
          "17": {
            "x": 0.875977,
            "y": 0.17331
          },
          "18": {
            "x": 0.858398,
            "y": 0.192374
          },
          "19": {
            "x": 0.825195,
            "y": 0.221837
          },
          "20": {
            "x": 0.823242,
            "y": 0.225303
          },
          "21": {
            "x": 0.819336,
            "y": 0.227036
          },
          "22": {
            "x": 0.80957,
            "y": 0.239168
          },
          "23": {
            "x": 0.807617,
            "y": 0.239168
          },
          "24": {
            "x": 0.793945,
            "y": 0.254766
          },
          "25": {
            "x": 0.790039,
            "y": 0.256499
          },
          "26": {
            "x": 0.783203,
            "y": 0.263432
          },
          "27": {
            "x": 0.77832,
            "y": 0.265165
          },
          "28": {
            "x": 0.771484,
            "y": 0.272097
          },
          "29": {
            "x": 0.763672,
            "y": 0.275563
          },
          "30": {
            "x": 0.760742,
            "y": 0.279029
          },
          "31": {
            "x": 0.753906,
            "y": 0.280763
          },
          "32": {
            "x": 0.744141,
            "y": 0.287695
          },
          "33": {
            "x": 0.738281,
            "y": 0.287695
          },
          "34": {
            "x": 0.729492,
            "y": 0.292894
          },
          "35": {
            "x": 0.724609,
            "y": 0.292894
          },
          "36": {
            "x": 0.723633,
            "y": 0.294627
          },
          "37": {
            "x": 0.709961,
            "y": 0.29636
          },
          "38": {
            "x": 0.706055,
            "y": 0.299827
          },
          "39": {
            "x": 0.700195,
            "y": 0.30156
          },
          "40": {
            "x": 0.691406,
            "y": 0.313692
          },
          "41": {
            "x": 0.68457,
            "y": 0.331023
          },
          "42": {
            "x": 0.680664,
            "y": 0.331023
          },
          "43": {
            "x": 0.679688,
            "y": 0.332756
          },
          "44": {
            "x": 0.674805,
            "y": 0.332756
          },
          "45": {
            "x": 0.673828,
            "y": 0.331023
          },
          "46": {
            "x": 0.663086,
            "y": 0.331023
          },
          "47": {
            "x": 0.662109,
            "y": 0.332756
          },
          "48": {
            "x": 0.636719,
            "y": 0.332756
          },
          "49": {
            "x": 0.635742,
            "y": 0.331023
          },
          "50": {
            "x": 0.62793,
            "y": 0.331023
          },
          "51": {
            "x": 0.617188,
            "y": 0.32409
          },
          "52": {
            "x": 0.608398,
            "y": 0.32409
          },
          "53": {
            "x": 0.605469,
            "y": 0.329289
          },
          "54": {
            "x": 0.604492,
            "y": 0.336222
          },
          "55": {
            "x": 0.606445,
            "y": 0.350087
          },
          "56": {
            "x": 0.611328,
            "y": 0.35182
          },
          "57": {
            "x": 0.615234,
            "y": 0.357019
          },
          "58": {
            "x": 0.618164,
            "y": 0.357019
          },
          "59": {
            "x": 0.620117,
            "y": 0.360485
          },
          "60": {
            "x": 0.624023,
            "y": 0.360485
          },
          "61": {
            "x": 0.625977,
            "y": 0.363951
          },
          "62": {
            "x": 0.635742,
            "y": 0.363951
          },
          "63": {
            "x": 0.642578,
            "y": 0.357019
          },
          "64": {
            "x": 0.65332,
            "y": 0.363951
          },
          "65": {
            "x": 0.663086,
            "y": 0.363951
          },
          "66": {
            "x": 0.664062,
            "y": 0.365685
          },
          "67": {
            "x": 0.671875,
            "y": 0.365685
          },
          "68": {
            "x": 0.672852,
            "y": 0.367418
          },
          "69": {
            "x": 0.679688,
            "y": 0.367418
          },
          "70": {
            "x": 0.682617,
            "y": 0.365685
          },
          "71": {
            "x": 0.6875,
            "y": 0.369151
          },
          "72": {
            "x": 0.700195,
            "y": 0.391681
          },
          "73": {
            "x": 0.705078,
            "y": 0.391681
          },
          "74": {
            "x": 0.706055,
            "y": 0.393414
          },
          "75": {
            "x": 0.751953,
            "y": 0.395147
          },
          "76": {
            "x": 0.75293,
            "y": 0.39688
          },
          "77": {
            "x": 0.760742,
            "y": 0.39688
          },
          "78": {
            "x": 0.761719,
            "y": 0.398614
          },
          "79": {
            "x": 0.766602,
            "y": 0.398614
          },
          "80": {
            "x": 0.767578,
            "y": 0.400347
          },
          "81": {
            "x": 0.774414,
            "y": 0.400347
          },
          "82": {
            "x": 0.775391,
            "y": 0.40208
          },
          "83": {
            "x": 0.779297,
            "y": 0.40208
          },
          "84": {
            "x": 0.780273,
            "y": 0.403813
          },
          "85": {
            "x": 0.783203,
            "y": 0.403813
          },
          "86": {
            "x": 0.78418,
            "y": 0.405546
          },
          "87": {
            "x": 0.793945,
            "y": 0.409012
          },
          "88": {
            "x": 0.80957,
            "y": 0.421144
          },
          "89": {
            "x": 0.824219,
            "y": 0.428076
          },
          "90": {
            "x": 0.827148,
            "y": 0.431542
          },
          "91": {
            "x": 0.835938,
            "y": 0.436742
          },
          "92": {
            "x": 0.839844,
            "y": 0.436742
          },
          "93": {
            "x": 0.849609,