{
  "labels": {
    "51": [
      {
        "is_tti": 0,
        "non_interaction_tool": "Cautery (Hook, Spatula)",
        "tti_polygon": {
          "0": {
            "x": 0.548463,
            "y": 0.855649
          },
          "1": {
            "x": 0.547281,
            "y": 0.857741
          },
          "2": {
            "x": 0.540189,
            "y": 0.857741
          },
          "3": {
            "x": 0.539007,
            "y": 0.859833
          },
          "4": {
            "x": 0.533097,
            "y": 0.859833
          },
          "5": {
            "x": 0.529551,
            "y": 0.864017
          },
          "6": {
            "x": 0.521277,
            "y": 0.866109
          },
          "7": {
            "x": 0.520095,
            "y": 0.868201
          },
          "8": {
            "x": 0.515366,
            "y": 0.868201
          },
          "9": {
            "x": 0.513002,
            "y": 0.874477
          },
          "10": {
            "x": 0.502364,
            "y": 0.874477
          },
          "11": {
            "x": 0.501182,
            "y": 0.876569
          },
          "12": {
            "x": 0.498818,
            "y": 0.876569
          },
          "13": {
            "x": 0.496454,
            "y": 0.880753
          },
          "14": {
            "x": 0.491726,
            "y": 0.882845
          },
          "15": {
            "x": 0.489362,
            "y": 0.887029
          },
          "16": {
            "x": 0.489362,
            "y": 0.895397
          },
          "17": {
            "x": 0.492908,
            "y": 0.903766
          },
          "18": {
            "x": 0.496454,
            "y": 0.903766
          },
          "19": {
            "x": 0.501182,
            "y": 0.910042
          },
          "20": {
            "x": 0.50591,
            "y": 0.910042
          },
          "21": {
            "x": 0.507092,
            "y": 0.90795
          },
          "22": {
            "x": 0.513002,
            "y": 0.90795
          },
          "23": {
            "x": 0.51773,
            "y": 0.903766
          },
          "24": {
            "x": 0.518913,
            "y": 0.905858
          },
          "25": {
            "x": 0.521277,
            "y": 0.905858
          },
          "26": {
            "x": 0.522459,
            "y": 0.903766
          },
          "27": {
            "x": 0.529551,
            "y": 0.903766
          },
          "28": {
            "x": 0.531915,
            "y": 0.899582
          },
          "29": {
            "x": 0.541371,
            "y": 0.899582
          },
          "30": {
            "x": 0.548463,
            "y": 0.893305
          },
          "31": {
            "x": 0.562648,
            "y": 0.893305
          },
          "32": {
            "x": 0.56383,
            "y": 0.895397
          },
          "33": {
            "x": 0.567376,
            "y": 0.895397
          },
          "34": {
            "x": 0.56974,
            "y": 0.901674
          },
          "35": {
            "x": 0.570922,
            "y": 0.91841
          },
          "36": {
            "x": 0.58156,
            "y": 0.943515
          },
          "37": {
            "x": 0.594563,
            "y": 0.964435
          },
          "38": {
            "x": 0.595745,
            "y": 0.970711
          },
          "39": {
            "x": 0.596927,
            "y": 0.970711
          },
          "40": {
            "x": 0.605201,
            "y": 0.987448
          },
          "41": {
            "x": 0.605201,
            "y": 0.993724
          },
          "42": {
            "x": 0.608747,
            "y": 0.993724
          },
          "43": {
            "x": 0.609929,
            "y": 0.995816
          },
          "44": {
            "x": 0.613475,
            "y": 0.995816
          },
          "45": {
            "x": 0.614657,
            "y": 0.997908
          },
          "46": {
            "x": 0.719858,
            "y": 0.997908
          },
          "47": {
            "x": 0.71513,
            "y": 0.987448
          },
          "48": {
            "x": 0.711584,
            "y": 0.985356
          },
          "49": {
            "x": 0.705674,
            "y": 0.976987
          },
          "50": {
            "x": 0.699764,
            "y": 0.972803
          },
          "51": {
            "x": 0.693853,
            "y": 0.964435
          },
          "52": {
            "x": 0.687943,
            "y": 0.960251
          },
          "53": {
            "x": 0.677305,
            "y": 0.945607
          },
          "54": {
            "x": 0.658392,
            "y": 0.92887
          },
          "55": {
            "x": 0.646572,
            "y": 0.912134
          },
          "56": {
            "x": 0.63948,
            "y": 0.905858
          },
          "57": {
            "x": 0.635934,
            "y": 0.899582
          },
          "58": {
            "x": 0.62766,
            "y": 0.891213
          },
          "59": {
            "x": 0.622931,
            "y": 0.882845
          },
          "60": {
            "x": 0.611111,
            "y": 0.870293
          },
          "61": {
            "x": 0.607565,
            "y": 0.864017
          },
          "62": {
            "x": 0.602837,
            "y": 0.859833
          },
          "63": {
            "x": 0.594563,
            "y": 0.857741
          },
          "64": {
            "x": 0.593381,
            "y": 0.859833
          },
          "65": {
            "x": 0.588652,
            "y": 0.859833
          },
          "66": {
            "x": 0.582742,
            "y": 0.866109
          },
          "67": {
            "x": 0.579196,
            "y": 0.866109
          },
          "68": {
            "x": 0.578014,
            "y": 0.868201
          },
          "69": {
            "x": 0.573286,
            "y": 0.868201
          },
          "70": {
            "x": 0.56974,
            "y": 0.864017
          },
          "71": {
            "x": 0.56974,
            "y": 0.859833
          },
          "72": {
            "x": 0.567376,
            "y": 0.857741
          },
          "73": {
            "x": 0.562648,
            "y": 0.857741
          },
          "74": {
            "x": 0.561466,
            "y": 0.855649
          }
        }
      }
    ]
  }
}