{
  "labels": {
    "118": [
      {
        "is_tti": 0,
        "non_interaction_tool": "Cautery (Hook, Spatula)",
        "instrument_polygon": {
          "0": {
            "x": 0.507389,
            "y": 0
          },
          "1": {
            "x": 0.508621,
            "y": 0.010504
          },
          "2": {
            "x": 0.507389,
            "y": 0.016807
          },
          "3": {
            "x": 0.508621,
            "y": 0.018908
          },
          "4": {
            "x": 0.508621,
            "y": 0.029412
          },
          "5": {
            "x": 0.507389,
            "y": 0.031513
          },
          "6": {
            "x": 0.508621,
            "y": 0.033613
          },
          "7": {
            "x": 0.508621,
            "y": 0.056723
          },
          "8": {
            "x": 0.513547,
            "y": 0.10084
          },
          "9": {
            "x": 0.512315,
            "y": 0.12395
          },
          "10": {
            "x": 0.509852,
            "y": 0.132353
          },
          "11": {
            "x": 0.507389,
            "y": 0.130252
          },
          "12": {
            "x": 0.504926,
            "y": 0.115546
          },
          "13": {
            "x": 0.5,
            "y": 0.102941
          },
          "14": {
            "x": 0.498768,
            "y": 0.088235
          },
          "15": {
            "x": 0.493842,
            "y": 0.079832
          },
          "16": {
            "x": 0.488916,
            "y": 0.081933
          },
          "17": {
            "x": 0.485222,
            "y": 0.088235
          },
          "18": {
            "x": 0.48399,
            "y": 0.096639
          },
          "19": {
            "x": 0.485222,
            "y": 0.098739
          },
          "20": {
            "x": 0.485222,
            "y": 0.109244
          },
          "21": {
            "x": 0.490148,
            "y": 0.121849
          },
          "22": {
            "x": 0.490148,
            "y": 0.130252
          },
          "23": {
            "x": 0.495074,
            "y": 0.153361
          },
          "24": {
            "x": 0.496305,
            "y": 0.17437
          },
          "25": {
            "x": 0.501232,
            "y": 0.184874
          },
          "26": {
            "x": 0.503695,
            "y": 0.205882
          },
          "27": {
            "x": 0.508621,
            "y": 0.216387
          },
          "28": {
            "x": 0.511084,
            "y": 0.216387
          },
          "29": {
            "x": 0.513547,
            "y": 0.220588
          },
          "30": {
            "x": 0.527094,
            "y": 0.220588
          },
          "31": {
            "x": 0.528325,
            "y": 0.218487
          },
          "32": {
            "x": 0.533251,
            "y": 0.218487
          },
          "33": {
            "x": 0.541872,
            "y": 0.212185
          },
          "34": {
            "x": 0.545567,
            "y": 0.207983
          },
          "35": {
            "x": 0.552956,
            "y": 0.193277
          },
          "36": {
            "x": 0.559113,
            "y": 0.17437
          },
          "37": {
            "x": 0.564039,
            "y": 0.165966
          },
          "38": {
            "x": 0.566502,
            "y": 0.157563
          },
          "39": {
            "x": 0.570197,
            "y": 0.153361
          },
          "40": {
            "x": 0.571429,
            "y": 0.147059
          },
          "41": {
            "x": 0.584975,
            "y": 0.119748
          },
          "42": {
            "x": 0.58867,
            "y": 0.109244
          },
          "43": {
            "x": 0.58867,
            "y": 0.105042
          },
          "44": {
            "x": 0.596059,
            "y": 0.092437
          },
          "45": {
            "x": 0.596059,
            "y": 0.088235
          },
          "46": {
            "x": 0.608374,
            "y": 0.063025
          },
          "47": {
            "x": 0.608374,
            "y": 0.058824
          },
          "48": {
            "x": 0.615764,
            "y": 0.044118
          },
          "49": {
            "x": 0.62069,
            "y": 0.027311
          },
          "50": {
            "x": 0.633005,
            "y": 0
          }
        }
      },
      {
        "instrument_polygon": {
          "0": {
            "x": 0.044335,
            "y": 0.107143
          },
          "1": {
            "x": 0.039409,
            "y": 0.113445
          },
          "2": {
            "x": 0.036946,
            "y": 0.130252
          },
          "3": {
            "x": 0.028325,
            "y": 0.153361
          },
          "4": {
            "x": 0.028325,
            "y": 0.159664
          },
          "5": {
            "x": 0.024631,
            "y": 0.168067
          },
          "6": {
            "x": 0.027094,
            "y": 0.17437
          },
          "7": {
            "x": 0.024631,
            "y": 0.176471
          },
          "8": {
            "x": 0.023399,
            "y": 0.184874
          },
          "9": {
            "x": 0.019704,
            "y": 0.189076
          },
          "10": {
            "x": 0.014778,
            "y": 0.203782
          },
          "11": {
            "x": 0.012315,
            "y": 0.22479
          },
          "12": {
            "x": 0.007389,
            "y": 0.235294
          },
          "13": {
            "x": 0.006158,
            "y": 0.241597
          },
          "14": {
            "x": 0.007389,
            "y": 0.256303
          },
          "15": {
            "x": 0.009852,
            "y": 0.258403
          },
          "16": {
            "x": 0.014778,
            "y": 0.258403
          },
          "17": {
            "x": 0.01601,
            "y": 0.260504
          },
          "18": {
            "x": 0.019704,
            "y": 0.260504
          },
          "19": {
            "x": 0.022167,
            "y": 0.264706
          },
          "20": {
            "x": 0.027094,
            "y": 0.266807
          },
          "21": {
            "x": 0.03202,
            "y": 0.273109
          },
          "22": {
            "x": 0.04064,
            "y": 0.27521
          },
          "23": {
            "x": 0.044335,
            "y": 0.281513
          },
          "24": {
            "x": 0.050493,
            "y": 0.283613
          },
          "25": {
            "x": 0.054187,
            "y": 0.287815
          },
          "26": {
            "x": 0.059113,
            "y": 0.287815
          },
          "27": {
            "x": 0.062808,
            "y": 0.292017
          },
          "28": {
            "x": 0.065271,
            "y": 0.292017
          },
          "29": {
            "x": 0.067734,
            "y": 0.298319
          },
          "30": {
            "x": 0.073892,
            "y": 0.30042
          },
          "31": {
            "x": 0.077586,
            "y": 0.304622
          },
          "32": {
            "x": 0.081281,
            "y": 0.304622
          },
          "33": {
            "x": 0.082512,
            "y": 0.306723
          },
          "34": {
            "x": 0.087438,
            "y": 0.306723
          },
          "35": {
            "x": 0.091133,
            "y": 0.313025
          },
          "36": {
            "x": 0.096059,
            "y": 0.315126
          },
          "37": {
            "x": 0.099754,
            "y": 0.319328
          },
          "38": {
            "x": 0.10468,
            "y": 0.319328
          },
          "39": {
            "x": 0.110837,
            "y": 0.32563
          },
          "40": {
            "x": 0.108374,
            "y": 0.327731
          },
          "41": {
            "x": 0.109606,
            "y": 0.329832
          },