{
  "labels": {
    "0": [],
    "1": [],
    "2": [],
    "3": [],
    "4": [],
    "5": [],
    "6": [],
    "7": [],
    "8": [],
    "9": [],
    "10": [],
    "11": [],
    "12": [],
    "13": [],
    "14": [],
    "15": [],
    "16": [],
    "17": [],
    "18": [],
    "19": [],
    "20": [],
    "21": [],
    "22": [],
    "23": [
      {
        "is_tti": 0,
        "non_interaction_tool": "Cautery (Hook, Spatula)",
        "instrument_polygon": {
          "0": {
            "x": 0.742378,
            "y": 0
          },
          "1": {
            "x": 0.737805,
            "y": 0.012552
          },
          "2": {
            "x": 0.734756,
            "y": 0.016736
          },
          "3": {
            "x": 0.734756,
            "y": 0.020921
          },
          "4": {
            "x": 0.731707,
            "y": 0.025105
          },
          "5": {
            "x": 0.728659,
            "y": 0.035565
          },
          "6": {
            "x": 0.72561,
            "y": 0.039749
          },
          "7": {
            "x": 0.713415,
            "y": 0.075314
          },
          "8": {
            "x": 0.702744,
            "y": 0.094142
          },
          "9": {
            "x": 0.699695,
            "y": 0.104603
          },
          "10": {
            "x": 0.693598,
            "y": 0.112971
          },
          "11": {
            "x": 0.6875,
            "y": 0.129707
          },
          "12": {
            "x": 0.676829,
            "y": 0.144351
          },
          "13": {
            "x": 0.676829,
            "y": 0.146444
          },
          "14": {
            "x": 0.667683,
            "y": 0.158996
          },
          "15": {
            "x": 0.667683,
            "y": 0.161088
          },
          "16": {
            "x": 0.664634,
            "y": 0.16318
          },
          "17": {
            "x": 0.664634,
            "y": 0.165272
          },
          "18": {
            "x": 0.646341,
            "y": 0.190377
          },
          "19": {
            "x": 0.643293,
            "y": 0.200837
          },
          "20": {
            "x": 0.643293,
            "y": 0.211297
          },
          "21": {
            "x": 0.641768,
            "y": 0.215481
          },
          "22": {
            "x": 0.628049,
            "y": 0.232218
          },
          "23": {
            "x": 0.626524,
            "y": 0.232218
          },
          "24": {
            "x": 0.614329,
            "y": 0.251046
          },
          "25": {
            "x": 0.612805,
            "y": 0.251046
          },
          "26": {
            "x": 0.599085,
            "y": 0.26569
          },
          "27": {
            "x": 0.597561,
            "y": 0.26569
          },
          "28": {
            "x": 0.591463,
            "y": 0.274059
          },
          "29": {
            "x": 0.591463,
            "y": 0.282427
          },
          "30": {
            "x": 0.597561,
            "y": 0.282427
          },
          "31": {
            "x": 0.609756,
            "y": 0.274059
          },
          "32": {
            "x": 0.620427,
            "y": 0.26569
          },
          "33": {
            "x": 0.623476,
            "y": 0.261506
          },
          "34": {
            "x": 0.63872,
            "y": 0.253138
          },
          "35": {
            "x": 0.641768,
            "y": 0.248954
          },
          "36": {
            "x": 0.646341,
            "y": 0.246862
          },
          "37": {
            "x": 0.64939,
            "y": 0.242678
          },
          "38": {
            "x": 0.655488,
            "y": 0.238494
          },
          "39": {
            "x": 0.67378,
            "y": 0.238494
          },
          "40": {
            "x": 0.675305,
            "y": 0.236402
          },
          "41": {
            "x": 0.678354,
            "y": 0.236402
          },
          "42": {
            "x": 0.684451,
            "y": 0.232218
          },
          "43": {
            "x": 0.689024,
            "y": 0.225941
          },
          "44": {
            "x": 0.695122,
            "y": 0.221757
          },
          "45": {
            "x": 0.708841,
            "y": 0.207113
          },
          "46": {
            "x": 0.734756,
            "y": 0.188285
          },
          "47": {
            "x": 0.737805,
            "y": 0.188285
          },
          "48": {
            "x": 0.745427,
            "y": 0.182008
          },
          "49": {
            "x": 0.748476,
            "y": 0.182008
          },
          "50": {
            "x": 0.756098,
            "y": 0.175732
          },
          "51": {
            "x": 0.760671,
            "y": 0.175732
          },
          "52": {
            "x": 0.769817,
            "y": 0.169456
          },
          "53": {
            "x": 0.77439,
            "y": 0.169456
          },
          "54": {
            "x": 0.775915,
            "y": 0.167364
          },
          "55": {
            "x": 0.778963,
            "y": 0.167364
          },
          "56": {
            "x": 0.785061,
            "y": 0.16318
          },
          "57": {
            "x": 0.792683,
            "y": 0.161088
          },
          "58": {
            "x": 0.794207,
            "y": 0.158996
          },
          "59": {
            "x": 0.801829,
            "y": 0.156904
          },
          "60": {
            "x": 0.809451,
            "y": 0.150628
          },
          "61": {
            "x": 0.814024,
            "y": 0.150628
          },
          "62": {
            "x": 0.833841,
            "y": 0.135983
          },
          "63": {
            "x": 0.83689,
            "y": 0.135983
          },
          "64": {
            "x": 0.844512,
            "y": 0.127615
          },
          "65": {
            "x": 0.852134,
            "y": 0.123431
          },
          "66": {
            "x": 0.864329,
            "y": 0.110879
          },
          "67": {
            "x": 0.871951,
            "y": 0.106695
          },
          "68": {
            "x": 0.879573,
            "y": 0.098326
          },
          "69": {
            "x": 0.885671,
            "y": 0.094142
          },
          "70": {
            "x": 0.88872,
            "y": 0.089958
          },
          "71": {
            "x": 0.884146,
            "y": 0.077406
          },
          "72": {
            "x": 0.865854,
            "y": 0.050209
          },
          "73": {
            "x": 0.865854,
            "y": 0.048117
          },
          "74": {
            "x": 0.862805,
            "y": 0.046025
          },
          "75": {
            "x": 0.849085,
            "y": 0.025105
          },
          "76": {
            "x": 0.847561,
            "y": 0.025105
          },
          "77": {
            "x": 0.829268,
            "y": 0
          }
        }
      }
    ],
    "24": [],
    "25": [],
    "26": [],
    "27": [],
    "28": [],
    "29": [],
    "30": [],
    "31": [],
    "32": [],
    "33": [],
    "34": [],
    "35": [],
    "36": [],
    "37": [],
    "38": [],
    "39": [],
    "40": [],
    "41": [],
    "42": [],
    "43": [],
    "44": [],
    "45": [],
    "46": [],
    "47": [],
    "48": [],
    "49": [],
    "50": [],
    "51": [],
    "52": [],
    "53": [],
    "54": [],
    "55": [],
    "56": [],
    "57": [],
    "58": [],
    "59": [],
    "60": [],
    "61": [],
    "62": [],
    "63": [],
    "64": [],
    "65": [],
    "66": [],
    "67": [],
    "68": [],
    "69": [],
    "70": [],
    "71": [],
    "72": [],
    "73": [],
    "74": [],
    "75": [],
    "76": [],
    "77": [],
    "78": [],
    "79": [],
    "80": [],
    "81": [],
    "82": [],
    "83": [],
    "84": [],
    "85": [],
    "86": [],
    "87": [],
    "88": [],
    "89": [],
    "90": [],
    "91": [],
    "92": [],
    "93": [],
    "94": [],