{
  "labels": {
    "112": [
      {
        "is_tti": 0,
        "non_interaction_tool": "Grasper 2",
        "instrument_polygon": {
          "0": {
            "x": 0.901695,
            "y": 0.171548
          },
          "1": {
            "x": 0.898305,
            "y": 0.175732
          },
          "2": {
            "x": 0.877966,
            "y": 0.188285
          },
          "3": {
            "x": 0.869492,
            "y": 0.198745
          },
          "4": {
            "x": 0.867797,
            "y": 0.198745
          },
          "5": {
            "x": 0.855932,
            "y": 0.213389
          },
          "6": {
            "x": 0.849153,
            "y": 0.225941
          },
          "7": {
            "x": 0.847458,
            "y": 0.225941
          },
          "8": {
            "x": 0.837288,
            "y": 0.238494
          },
          "9": {
            "x": 0.830508,
            "y": 0.242678
          },
          "10": {
            "x": 0.781356,
            "y": 0.303347
          },
          "11": {
            "x": 0.779661,
            "y": 0.303347
          },
          "12": {
            "x": 0.767797,
            "y": 0.317992
          },
          "13": {
            "x": 0.766102,
            "y": 0.317992
          },
          "14": {
            "x": 0.757627,
            "y": 0.328452
          },
          "15": {
            "x": 0.755932,
            "y": 0.328452
          },
          "16": {
            "x": 0.747458,
            "y": 0.338912
          },
          "17": {
            "x": 0.745763,
            "y": 0.338912
          },
          "18": {
            "x": 0.735593,
            "y": 0.351464
          },
          "19": {
            "x": 0.733898,
            "y": 0.351464
          },
          "20": {
            "x": 0.727119,
            "y": 0.359833
          },
          "21": {
            "x": 0.725424,
            "y": 0.359833
          },
          "22": {
            "x": 0.713559,
            "y": 0.374477
          },
          "23": {
            "x": 0.711864,
            "y": 0.374477
          },
          "24": {
            "x": 0.705085,
            "y": 0.382845
          },
          "25": {
            "x": 0.70339,
            "y": 0.382845
          },
          "26": {
            "x": 0.681356,
            "y": 0.40795
          },
          "27": {
            "x": 0.679661,
            "y": 0.40795
          },
          "28": {
            "x": 0.674576,
            "y": 0.414226
          },
          "29": {
            "x": 0.672881,
            "y": 0.414226
          },
          "30": {
            "x": 0.662712,
            "y": 0.426778
          },
          "31": {
            "x": 0.655932,
            "y": 0.430962
          },
          "32": {
            "x": 0.654237,
            "y": 0.435146
          },
          "33": {
            "x": 0.652542,
            "y": 0.435146
          },
          "34": {
            "x": 0.642373,
            "y": 0.445607
          },
          "35": {
            "x": 0.640678,
            "y": 0.445607
          },
          "36": {
            "x": 0.637288,
            "y": 0.451883
          },
          "37": {
            "x": 0.623729,
            "y": 0.460251
          },
          "38": {
            "x": 0.622034,
            "y": 0.464435
          },
          "39": {
            "x": 0.618644,
            "y": 0.466527
          },
          "40": {
            "x": 0.613559,
            "y": 0.466527
          },
          "41": {
            "x": 0.605085,
            "y": 0.474895
          },
          "42": {
            "x": 0.598305,
            "y": 0.476987
          },
          "43": {
            "x": 0.586441,
            "y": 0.491632
          },
          "44": {
            "x": 0.583051,
            "y": 0.493724
          },
          "45": {
            "x": 0.583051,
            "y": 0.495816
          },
          "46": {
            "x": 0.577966,
            "y": 0.502092
          },
          "47": {
            "x": 0.577966,
            "y": 0.506276
          },
          "48": {
            "x": 0.574576,
            "y": 0.512552
          },
          "49": {
            "x": 0.574576,
            "y": 0.516736
          },
          "50": {
            "x": 0.571186,
            "y": 0.525105
          },
          "51": {
            "x": 0.571186,
            "y": 0.539749
          },
          "52": {
            "x": 0.572881,
            "y": 0.541841
          },
          "53": {
            "x": 0.572881,
            "y": 0.548117
          },
          "54": {
            "x": 0.576271,
            "y": 0.558577
          },
          "55": {
            "x": 0.579661,
            "y": 0.562762
          },
          "56": {
            "x": 0.584746,
            "y": 0.564854
          },
          "57": {
            "x": 0.589831,
            "y": 0.57113
          },
          "58": {
            "x": 0.59661,
            "y": 0.573222
          },
          "59": {
            "x": 0.601695,
            "y": 0.577406
          },
          "60": {
            "x": 0.625424,
            "y": 0.577406
          },
          "61": {
            "x": 0.627119,
            "y": 0.575314
          },
          "62": {
            "x": 0.633898,
            "y": 0.575314
          },
          "63": {
            "x": 0.635593,
            "y": 0.573222
          },
          "64": {
            "x": 0.649153,
            "y": 0.569038
          },
          "65": {
            "x": 0.679661,
            "y": 0.550209
          },
          "66": {
            "x": 0.683051,
            "y": 0.546025
          },
          "67": {
            "x": 0.694915,
            "y": 0.539749
          },
          "68": {
            "x": 0.698305,
            "y": 0.535565
          },
          "69": {
            "x": 0.710169,
            "y": 0.529289
          },
          "70": {
            "x": 0.722034,
            "y": 0.518828
          },
          "71": {
            "x": 0.742373,
            "y": 0.506276
          },
          "72": {
            "x": 0.745763,
            "y": 0.502092
          },
          "73": {
            "x": 0.750847,
            "y": 0.5
          },
          "74": {
            "x": 0.754237,
            "y": 0.495816
          },
          "75": {
            "x": 0.759322,
            "y": 0.493724
          },
          "76": {
            "x": 0.771186,
            "y": 0.483264
          },
          "77": {
            "x": 0.779661,
            "y": 0.479079
          },
          "78": {
            "x": 0.783051,
            "y": 0.474895
          },
          "79": {
            "x": 0.811864,
            "y": 0.458159
          },
          "80": {
            "x": 0.815254,
            "y": 0.453975
          },
          "81": {
            "x": 0.827119,
            "y": 0.447699
          },
          "82": {
            "x": 0.830508,
            "y": 0.443515
          },
          "83": {
            "x": 0.833898,
            "y": 0.443515
          },
          "84": {
            "x": 0.840678,
            "y": 0.437238
          },
          "85": {
            "x": 0.844068,
            "y": 0.437238
          },
          "86": {
            "x": 0.847458,
            "y": 0.433054
          },
          "87": {
            "x": 0.874576,
            "y": 0.416318
          },
          "88": {
            "x": 0.894915,
            "y": 0.395397
          },
          "89": {
            "x": 0.901695,
            "y": 0.391213
          },
          "90": {
            "x": 0.901695,
            "y": 0.389121
          },
          "91": {
            "x": 0.908475,
            "y": 0.380753
          },
          "92": {
            "x": 0.910169,
            "y": 0.380753
          },
          "93": {
            "x": 0.927119,