{
  "labels": {
    "36": [
      {
        "instrument_polygon": {
          "0": {
            "x": 0.6875,
            "y": 0.2125
          },
          "1": {
            "x": 0.68892,
            "y": 0.210417
          },
          "2": {
            "x": 0.691761,
            "y": 0.210417
          },
          "3": {
            "x": 0.696023,
            "y": 0.21875
          },
          "4": {
            "x": 0.696023,
            "y": 0.227083
          },
          "5": {
            "x": 0.698864,
            "y": 0.235417
          },
          "6": {
            "x": 0.698864,
            "y": 0.245833
          },
          "7": {
            "x": 0.703125,
            "y": 0.254167
          },
          "8": {
            "x": 0.704545,
            "y": 0.254167
          },
          "9": {
            "x": 0.734375,
            "y": 0.214583
          },
          "10": {
            "x": 0.741477,
            "y": 0.19375
          },
          "11": {
            "x": 0.75,
            "y": 0.177083
          },
          "12": {
            "x": 0.758523,
            "y": 0.152083
          },
          "13": {
            "x": 0.775568,
            "y": 0.114583
          },
          "14": {
            "x": 0.78125,
            "y": 0.095833
          },
          "15": {
            "x": 0.786932,
            "y": 0.085417
          },
          "16": {
            "x": 0.795455,
            "y": 0.0625
          },
          "17": {
            "x": 0.818182,
            "y": 0.01875
          },
          "18": {
            "x": 0.823864,
            "y": 0.010417
          },
          "19": {
            "x": 0.828125,
            "y": 0.006510739593417272
          },
          "20": {
            "x": 0.828125,
            "y": 0.00625
          },
          "21": {
            "x": 0.8295454545454546,
            "y": 0.004166666666666667
          },
          "22": {
            "x": 0.8306819454417459,
            "y": 0.004166666666666667
          },
          "23": {
            "x": 0.8314392929233657,
            "y": 0.0034723703790636154
          },
          "24": {
            "x": 0.8323863636363636,
            "y": 0.0020833333333333333
          },
          "25": {
            "x": 0.832954472720873,
            "y": 0.0020833333333333333
          },
          "26": {
            "x": 0.835227,
            "y": 0
          },
          "27": {
            "x": 0.8451704545454546,
            "y": 0
          },
          "28": {
            "x": 0.8465909090909091,
            "y": 0.0020833333333333333
          },
          "29": {
            "x": 0.8480113636363636,
            "y": 0.0020833333333333333
          },
          "30": {
            "x": 0.8494318181818182,
            "y": 0.004166666666666667
          },
          "31": {
            "x": 0.8508522727272727,
            "y": 0.004166666666666667
          },
          "32": {
            "x": 0.8536931818181818,
            "y": 0.008333333333333333
          },
          "33": {
            "x": 0.8551136363636364,
            "y": 0.008333333333333333
          },
          "34": {
            "x": 0.8636363636363636,
            "y": 0.020833333333333332
          },
          "35": {
            "x": 0.8650568181818182,
            "y": 0.020833333333333332
          },
          "36": {
            "x": 0.8650568181818182,
            "y": 0.022916666666666665
          },
          "37": {
            "x": 0.8664772727272727,
            "y": 0.025
          },
          "38": {
            "x": 0.8678977272727273,
            "y": 0.025
          },
          "39": {
            "x": 0.8678977272727273,
            "y": 0.027083333333333334
          },
          "40": {
            "x": 0.8764204545454546,
            "y": 0.03958333333333333
          },
          "41": {
            "x": 0.8764204545454546,
            "y": 0.041666666666666664
          },
          "42": {
            "x": 0.8806818181818182,
            "y": 0.04791666666666667
          },
          "43": {
            "x": 0.8821022727272727,
            "y": 0.04791666666666667
          },
          "44": {
            "x": 0.8991477272727273,
            "y": 0.07291666666666667
          },
          "45": {
            "x": 0.8991477272727273,
            "y": 0.075
          },
          "46": {
            "x": 0.9034090909090909,
            "y": 0.08125
          },
          "47": {
            "x": 0.9034090909090909,
            "y": 0.08333333333333333
          },
          "48": {
            "x": 0.9048295454545454,
            "y": 0.08541666666666667
          },
          "49": {
            "x": 0.9048295454545454,
            "y": 0.0875
          },
          "50": {
            "x": 0.90625,
            "y": 0.08958333333333333
          },
          "51": {
            "x": 0.90625,
            "y": 0.09791666666666667
          },
          "52": {
            "x": 0.9076704545454546,
            "y": 0.1
          },
          "53": {
            "x": 0.9076704545454546,
            "y": 0.10416666666666667
          },
          "54": {
            "x": 0.90625,
            "y": 0.10625
          },
          "55": {
            "x": 0.90625,
            "y": 0.110417
          },
          "56": {
            "x": 0.901989,
            "y": 0.116667
          },
          "57": {
            "x": 0.893466,
            "y": 0.122917
          },
          "58": {
            "x": 0.8934645682607237,
            "y": 0.12291863321760524
          },
          "59": {
            "x": 0.8920454545454546,
            "y": 0.125
          },
          "60": {
            "x": 0.8916399647534801,
            "y": 0.125
          },
          "61": {
            "x": 0.880682,
            "y": 0.1375
          },
          "62": {
            "x": 0.872158909090909,
            "y": 0.14375026666666677
          },
          "63": {
            "x": 0.8707386363636364,
            "y": 0.14583333333333334
          },
          "64": {
            "x": 0.8693183636363637,
            "y": 0.14583333333333334
          },
          "65": {
            "x": 0.8693179999999998,
            "y": 0.1458336000000002
          },
          "66": {
            "x": 0.8678977272727273,
            "y": 0.14791666666666667
          },
          "67": {
            "x": 0.8664774545454547,
            "y": 0.14791666666666667
          },
          "68": {
            "x": 0.8664770909090909,
            "y": 0.14791693333333342
          },
          "69": {
            "x": 0.8622159090909091,
            "y": 0.15416666666666667
          },
          "70": {
            "x": 0.8607954545454546,
            "y": 0.15416666666666667
          },
          "71": {
            "x": 0.8565340909090909,
            "y": 0.16041666666666668
          },
          "72": {
            "x": 0.8551136363636364,
            "y": 0.16041666666666668
          },
          "73": {
            "x": 0.8522727272727273,
            "y": 0.16458333333333333
          },
          "74": {
            "x": 0.8508522727272727,
            "y": 0.16458333333333333
          },
          "75": {
            "x": 0.8480113636363636,
            "y": 0.16875
          },
          "76": {
            "x": 0.8465909090909091,
            "y": 0.16875
          },
          "77": {
            "x": 0.84375,
            "y": 0.17291666666666666
          },
          "78": {
            "x": 0.8423295454545454,
            "y": 0.17291666666666666
          },
          "79": {
            "x": 0.8394886363636364,
            "y": 0.17708333333333334
          },
          "80": {
            "x": 0.8380681818181818,
            "y": 0.17708333333333334
          },
          "81": {
            "x": 0.8352272727272727,
            "y": 0.18125
          },
          "82": {
            "x": 0.8338068181818182,
            "y": 0.18125
          },