{
  "labels": {
    "116": [
      {
        "is_tti": 0,
        "non_interaction_tool": "Grasper",
        "instrument_polygon": {
          "0": {
            "x": 0,
            "y": 0.5147058823529411
          },
          "1": {
            "x": 0.0016666666666666668,
            "y": 0.5147058823529411
          },
          "2": {
            "x": 0.003333183344698423,
            "y": 0.5126052310781112
          },
          "3": {
            "x": 0.003333,
            "y": 0.512605
          },
          "4": {
            "x": 0.005000033333333316,
            "y": 0.512605
          },
          "5": {
            "x": 0.006666666666666667,
            "y": 0.5105042016806722
          },
          "6": {
            "x": 0.008333333333333333,
            "y": 0.5105042016806722
          },
          "7": {
            "x": 0.01,
            "y": 0.5084033613445378
          },
          "8": {
            "x": 0.011666666666666667,
            "y": 0.5084033613445378
          },
          "9": {
            "x": 0.013333333333333334,
            "y": 0.5063025210084033
          },
          "10": {
            "x": 0.016666666666666666,
            "y": 0.5063025210084033
          },
          "11": {
            "x": 0.018333333333333333,
            "y": 0.5042016806722689
          },
          "12": {
            "x": 0.02,
            "y": 0.5042016806722689
          },
          "13": {
            "x": 0.021666666666666667,
            "y": 0.5021008403361344
          },
          "14": {
            "x": 0.023333333333333334,
            "y": 0.5021008403361344
          },
          "15": {
            "x": 0.025,
            "y": 0.5
          },
          "16": {
            "x": 0.03333333333333333,
            "y": 0.5
          },
          "17": {
            "x": 0.035,
            "y": 0.49789915966386555
          },
          "18": {
            "x": 0.04,
            "y": 0.49789915966386555
          },
          "19": {
            "x": 0.041666666666666664,
            "y": 0.4957983193277311
          },
          "20": {
            "x": 0.043333333333333335,
            "y": 0.4957983193277311
          },
          "21": {
            "x": 0.045,
            "y": 0.49369747899159666
          },
          "22": {
            "x": 0.05,
            "y": 0.49369747899159666
          },
          "23": {
            "x": 0.051666666666666666,
            "y": 0.49159663865546216
          },
          "24": {
            "x": 0.06333333333333334,
            "y": 0.49159663865546216
          },
          "25": {
            "x": 0.065,
            "y": 0.4894957983193277
          },
          "26": {
            "x": 0.11666666666666667,
            "y": 0.4894957983193277
          },
          "27": {
            "x": 0.11833333333333333,
            "y": 0.49159663865546216
          },
          "28": {
            "x": 0.12,
            "y": 0.49159663865546216
          },
          "29": {
            "x": 0.12166666666666667,
            "y": 0.49369747899159666
          },
          "30": {
            "x": 0.12333333333333334,
            "y": 0.49369747899159666
          },
          "31": {
            "x": 0.13,
            "y": 0.5021008403361344
          },
          "32": {
            "x": 0.13333333333333333,
            "y": 0.5021008403361344
          },
          "33": {
            "x": 0.135,
            "y": 0.5042016806722689
          },
          "34": {
            "x": 0.13833333333333334,
            "y": 0.5042016806722689
          },
          "35": {
            "x": 0.14,
            "y": 0.5063025210084033
          },
          "36": {
            "x": 0.14166666666666666,
            "y": 0.5063025210084033
          },
          "37": {
            "x": 0.14333333333333334,
            "y": 0.5084033613445378
          },
          "38": {
            "x": 0.145,
            "y": 0.5084033613445378
          },
          "39": {
            "x": 0.14833333333333334,
            "y": 0.5126050420168067
          },
          "40": {
            "x": 0.15,
            "y": 0.5126050420168067
          },
          "41": {
            "x": 0.15333333333333332,
            "y": 0.5168067226890757
          },
          "42": {
            "x": 0.155,
            "y": 0.5168067226890757
          },
          "43": {
            "x": 0.155,
            "y": 0.5189075630252101
          },
          "44": {
            "x": 0.16166666666666665,
            "y": 0.5273109243697479
          },
          "45": {
            "x": 0.16166666666666665,
            "y": 0.5294117647058824
          },
          "46": {
            "x": 0.165,
            "y": 0.5336134453781513
          },
          "47": {
            "x": 0.165,
            "y": 0.5357142857142857
          },
          "48": {
            "x": 0.16666666666666666,
            "y": 0.5378151260504201
          },
          "49": {
            "x": 0.16666666666666666,
            "y": 0.5399159663865546
          },
          "50": {
            "x": 0.16833333333333333,
            "y": 0.542016806722689
          },
          "51": {
            "x": 0.16833333333333333,
            "y": 0.5798319327731093
          },
          "52": {
            "x": 0.16666666666666666,
            "y": 0.5819327731092437
          },
          "53": {
            "x": 0.16666666666666666,
            "y": 0.5840336134453782
          },
          "54": {
            "x": 0.165,
            "y": 0.5861344537815126
          },
          "55": {
            "x": 0.165,
            "y": 0.5903361344537815
          },
          "56": {
            "x": 0.16166666666666665,
            "y": 0.5945378151260504
          },
          "57": {
            "x": 0.16166666666666665,
            "y": 0.5966386554621849
          },
          "58": {
            "x": 0.15666666666666668,
            "y": 0.6029411764705882
          },
          "59": {
            "x": 0.15666666666666668,
            "y": 0.6050420168067226
          },
          "60": {
            "x": 0.15,
            "y": 0.6134453781512605
          },
          "61": {
            "x": 0.14884579139780843,
            "y": 0.6134453781512605
          },
          "62": {
            "x": 0.148333,
            "y": 0.615546
          },
          "63": {
            "x": 0.138333,
            "y": 0.62605
          },
          "64": {
            "x": 0.13444480260300648,
            "y": 0.6267502488197397
          },
          "65": {
            "x": 0.13333333333333333,
            "y": 0.6281512605042017
          },
          "66": {
            "x": 0.13,
            "y": 0.6281512605042017
          },
          "67": {
            "x": 0.12666666666666668,
            "y": 0.6323529411764706
          },
          "68": {
            "x": 0.125,
            "y": 0.6323529411764706
          },
          "69": {
            "x": 0.12333333333333334,
            "y": 0.634453781512605
          },
          "70": {
            "x": 0.12166666666666667,
            "y": 0.634453781512605
          },
          "71": {
            "x": 0.12,
            "y": 0.6365546218487395
          },
          "72": {
            "x": 0.115,
            "y": 0.6365546218487395
          },
          "73": {
            "x": 0.11333333333333333,
            "y": 0.6386554621848739
          },
          "74": {
            "x": 0.11166666666666666,
            "y": 0.6386554621848739
          },
          "75": {
            "x": 0.11,
            "y": 0.6407563025210085
          },
          "76": {
            "x": 0.10833333333333334,
            "y": 0.6407563025210085
          },
          "77": {
            "x": 0.10666666666666667,
            "y": 0.6428571428571429
          },
          "78": {
            "x": 0.10333333333333333,
            "y": 0.6428571428571429
          },
          "79": {
            "x": 0.10166666666666667,