{
  "labels": {
    "32": [
      {
        "is_tti": 0,
        "non_interaction_tool": "Cautery (Hook, Spatula)",
        "instrument_polygon": {
          "0": {
            "x": 0.794375,
            "y": 0.3175925925925926
          },
          "1": {
            "x": 0.795,
            "y": 0.31666666666666665
          },
          "2": {
            "x": 0.795,
            "y": 0.31574074074074077
          },
          "3": {
            "x": 0.795625,
            "y": 0.3148148148148148
          },
          "4": {
            "x": 0.795625,
            "y": 0.3138888888888889
          },
          "5": {
            "x": 0.79625,
            "y": 0.31296296296296294
          },
          "6": {
            "x": 0.79625,
            "y": 0.31203703703703706
          },
          "7": {
            "x": 0.798125,
            "y": 0.30925925925925923
          },
          "8": {
            "x": 0.79875,
            "y": 0.30925925925925923
          },
          "9": {
            "x": 0.799375,
            "y": 0.30833333333333335
          },
          "10": {
            "x": 0.8,
            "y": 0.30833333333333335
          },
          "11": {
            "x": 0.800625,
            "y": 0.3074074074074074
          },
          "12": {
            "x": 0.80125,
            "y": 0.3074074074074074
          },
          "13": {
            "x": 0.801875,
            "y": 0.30648148148148147
          },
          "14": {
            "x": 0.80375,
            "y": 0.30648148148148147
          },
          "15": {
            "x": 0.804375,
            "y": 0.3055555555555556
          },
          "16": {
            "x": 0.811875,
            "y": 0.3055555555555556
          },
          "17": {
            "x": 0.8125,
            "y": 0.30648148148148147
          },
          "18": {
            "x": 0.813125,
            "y": 0.30648148148148147
          },
          "19": {
            "x": 0.81375,
            "y": 0.3074074074074074
          },
          "20": {
            "x": 0.814375,
            "y": 0.3074074074074074
          },
          "21": {
            "x": 0.815,
            "y": 0.30833333333333335
          },
          "22": {
            "x": 0.815625,
            "y": 0.30833333333333335
          },
          "23": {
            "x": 0.8175,
            "y": 0.3111111111111111
          },
          "24": {
            "x": 0.8175,
            "y": 0.31203703703703706
          },
          "25": {
            "x": 0.818125,
            "y": 0.31296296296296294
          },
          "26": {
            "x": 0.818125,
            "y": 0.3138888888888889
          },
          "27": {
            "x": 0.819375,
            "y": 0.31574074074074077
          },
          "28": {
            "x": 0.819375,
            "y": 0.3175925925925926
          },
          "29": {
            "x": 0.82,
            "y": 0.31851851851851853
          },
          "30": {
            "x": 0.82,
            "y": 0.32037037037037036
          },
          "31": {
            "x": 0.820625,
            "y": 0.3212962962962963
          },
          "32": {
            "x": 0.820625,
            "y": 0.32314814814814813
          },
          "33": {
            "x": 0.82125,
            "y": 0.32407407407407407
          },
          "34": {
            "x": 0.82125,
            "y": 0.325
          },
          "35": {
            "x": 0.821875,
            "y": 0.32592592592592595
          },
          "36": {
            "x": 0.821875,
            "y": 0.32685185185185184
          },
          "37": {
            "x": 0.8225,
            "y": 0.3277777777777778
          },
          "38": {
            "x": 0.8225,
            "y": 0.33240740740740743
          },
          "39": {
            "x": 0.823125,
            "y": 0.3333333333333333
          },
          "40": {
            "x": 0.823125,
            "y": 0.3351851851851852
          },
          "41": {
            "x": 0.82375,
            "y": 0.33611111111111114
          },
          "42": {
            "x": 0.82375,
            "y": 0.33796296296296297
          },
          "43": {
            "x": 0.824375,
            "y": 0.3388888888888889
          },
          "44": {
            "x": 0.824375,
            "y": 0.3398148148148148
          },
          "45": {
            "x": 0.825,
            "y": 0.34074074074074073
          },
          "46": {
            "x": 0.825,
            "y": 0.3416666666666667
          },
          "47": {
            "x": 0.825625,
            "y": 0.3425925925925926
          },
          "48": {
            "x": 0.825625,
            "y": 0.3435185185185185
          },
          "49": {
            "x": 0.82625,
            "y": 0.34444444444444444
          },
          "50": {
            "x": 0.82625,
            "y": 0.3472222222222222
          },
          "51": {
            "x": 0.826875,
            "y": 0.34814814814814815
          },
          "52": {
            "x": 0.826875,
            "y": 0.35185185185185186
          },
          "53": {
            "x": 0.8275,
            "y": 0.3527777777777778
          },
          "54": {
            "x": 0.8275,
            "y": 0.3574074074074074
          },
          "55": {
            "x": 0.828125,
            "y": 0.35833333333333334
          },
          "56": {
            "x": 0.828125,
            "y": 0.3638888888888889
          },
          "57": {
            "x": 0.82875,
            "y": 0.3648148148148148
          },
          "58": {
            "x": 0.82875,
            "y": 0.3685185185185185
          },
          "59": {
            "x": 0.829375,
            "y": 0.36944444444444446
          },
          "60": {
            "x": 0.829375,
            "y": 0.37037037037037035
          },
          "61": {
            "x": 0.831875,
            "y": 0.37407407407407406
          },
          "62": {
            "x": 0.831875,
            "y": 0.375
          },
          "63": {
            "x": 0.8325,
            "y": 0.37592592592592594
          },
          "64": {
            "x": 0.8325,
            "y": 0.3768518518518518
          },
          "65": {
            "x": 0.833125,
            "y": 0.37777777777777777
          },
          "66": {
            "x": 0.833125,
            "y": 0.37962962962962965
          },
          "67": {
            "x": 0.834375,
            "y": 0.3814814814814815
          },
          "68": {
            "x": 0.835,
            "y": 0.3814814814814815
          },
          "69": {
            "x": 0.835,
            "y": 0.3824074074074074
          },
          "70": {
            "x": 0.835625,
            "y": 0.38333333333333336
          },
          "71": {
            "x": 0.83625,
            "y": 0.38333333333333336
          },
          "72": {
            "x": 0.8375,
            "y": 0.3851851851851852
          },
          "73": {
            "x": 0.838125,
            "y": 0.3851851851851852
          },
          "74": {
            "x": 0.840625,
            "y": 0.3888888888888889
          },
          "75": {
            "x": 0.8409892768522074,
            "y": 0.3888888888888889
          },
          "76": {
            "x": 0.841797,
            "y": 0.383502
          },
          "77": {
            "x": 0.845703,
            "y": 0.376266
          },
          "78": {
            "x": 0.851562,
            "y": 0.373372
          },
          "79": {
            "x": 0.855469,
            "y": 0.373372
          },
          "80": {
            "x": 0.867188,
            "y": 0.366136
          },
          "81": {
            "x": 0.884766,
            "y": 0.361795
          },
          "82": {
            "x": 0.891602,
            "y": 0.356006
          },
          "83": {
            "x": 0.90625,
            "y": 0.350217
          },
          "84": {
            "x": 0.915039,
            "y": 0.342981
          },