{
  "labels": {
    "79": [
      {
        "instrument_polygon": {
          "0": {
            "x": 0,
            "y": 0.32222222222222224
          },
          "1": {
            "x": 0.039383561643835614,
            "y": 0.32222222222222224
          },
          "2": {
            "x": 0.039383561643835614,
            "y": 0.32666666666666666
          },
          "3": {
            "x": 0.0410958904109589,
            "y": 0.3288888888888889
          },
          "4": {
            "x": 0.0410958904109589,
            "y": 0.337778
          },
          "5": {
            "x": 0.041096,
            "y": 0.337778
          },
          "6": {
            "x": 0.042808,
            "y": 0.335556
          },
          "7": {
            "x": 0.044520205479452034,
            "y": 0.335556
          },
          "8": {
            "x": 0.04452054794520548,
            "y": 0.33555555555555555
          },
          "9": {
            "x": 0.046232876712328765,
            "y": 0.33555555555555555
          },
          "10": {
            "x": 0.046233465458267474,
            "y": 0.3355547914941595
          },
          "11": {
            "x": 0.047945,
            "y": 0.331111
          },
          "12": {
            "x": 0.05136974315710533,
            "y": 0.3333333333333333
          },
          "13": {
            "x": 0.05993174313990104,
            "y": 0.3333333333333333
          },
          "14": {
            "x": 0.059932,
            "y": 0.333333
          },
          "15": {
            "x": 0.05993225671015144,
            "y": 0.3333333333333333
          },
          "16": {
            "x": 0.1113013698630137,
            "y": 0.3333333333333333
          },
          "17": {
            "x": 0.11301369863013698,
            "y": 0.33555555555555555
          },
          "18": {
            "x": 0.1404109589041096,
            "y": 0.33555555555555555
          },
          "19": {
            "x": 0.1421232876712329,
            "y": 0.3377777777777778
          },
          "20": {
            "x": 0.1678082191780822,
            "y": 0.3377777777777778
          },
          "21": {
            "x": 0.1695205479452055,
            "y": 0.34
          },
          "22": {
            "x": 0.1832191780821918,
            "y": 0.34
          },
          "23": {
            "x": 0.18493150684931506,
            "y": 0.3422222222222222
          },
          "24": {
            "x": 0.1917808219178082,
            "y": 0.3422222222222222
          },
          "25": {
            "x": 0.1934931506849315,
            "y": 0.34444444444444444
          },
          "26": {
            "x": 0.20376712328767124,
            "y": 0.34444444444444444
          },
          "27": {
            "x": 0.2054794520547945,
            "y": 0.3466666666666667
          },
          "28": {
            "x": 0.21404109589041095,
            "y": 0.3466666666666667
          },
          "29": {
            "x": 0.21575342465753425,
            "y": 0.3488888888888889
          },
          "30": {
            "x": 0.2243150684931507,
            "y": 0.3488888888888889
          },
          "31": {
            "x": 0.22602739726027396,
            "y": 0.3511111111111111
          },
          "32": {
            "x": 0.2363013698630137,
            "y": 0.3511111111111111
          },
          "33": {
            "x": 0.238013698630137,
            "y": 0.35333333333333333
          },
          "34": {
            "x": 0.2465753424657534,
            "y": 0.35333333333333333
          },
          "35": {
            "x": 0.2482876712328767,
            "y": 0.35555555555555557
          },
          "36": {
            "x": 0.2654109589041096,
            "y": 0.35555555555555557
          },
          "37": {
            "x": 0.2671232876712329,
            "y": 0.35777777777777775
          },
          "38": {
            "x": 0.2688356164383562,
            "y": 0.35777777777777775
          },
          "39": {
            "x": 0.2705479452054795,
            "y": 0.36
          },
          "40": {
            "x": 0.2808219178082192,
            "y": 0.36
          },
          "41": {
            "x": 0.2825342465753425,
            "y": 0.3622222222222222
          },
          "42": {
            "x": 0.2893835616438356,
            "y": 0.3622222222222222
          },
          "43": {
            "x": 0.2910958904109589,
            "y": 0.36444444444444446
          },
          "44": {
            "x": 0.3065068493150685,
            "y": 0.36444444444444446
          },
          "45": {
            "x": 0.3082191780821918,
            "y": 0.36666666666666664
          },
          "46": {
            "x": 0.3184931506849315,
            "y": 0.36666666666666664
          },
          "47": {
            "x": 0.3202054794520548,
            "y": 0.3688888888888889
          },
          "48": {
            "x": 0.3287671232876712,
            "y": 0.3688888888888889
          },
          "49": {
            "x": 0.3304794520547945,
            "y": 0.3711111111111111
          },
          "50": {
            "x": 0.3441780821917808,
            "y": 0.3711111111111111
          },
          "51": {
            "x": 0.3458904109589041,
            "y": 0.37333333333333335
          },
          "52": {
            "x": 0.351027397260274,
            "y": 0.37333333333333335
          },
          "53": {
            "x": 0.3527397260273973,
            "y": 0.37555555555555553
          },
          "54": {
            "x": 0.3544520547945205,
            "y": 0.37555555555555553
          },
          "55": {
            "x": 0.3561643835616438,
            "y": 0.37777777777777777
          },
          "56": {
            "x": 0.3595890410958904,
            "y": 0.37777777777777777
          },
          "57": {
            "x": 0.3613013698630137,
            "y": 0.38
          },
          "58": {
            "x": 0.363013698630137,
            "y": 0.38
          },
          "59": {
            "x": 0.3664383561643836,
            "y": 0.3844444444444444
          },
          "60": {
            "x": 0.3681506849315068,
            "y": 0.3844444444444444
          },
          "61": {
            "x": 0.3698630136986301,
            "y": 0.38666666666666666
          },
          "62": {
            "x": 0.3715753424657534,
            "y": 0.38666666666666666
          },
          "63": {
            "x": 0.3784246575342466,
            "y": 0.39555555555555555
          },
          "64": {
            "x": 0.3801369863013699,
            "y": 0.39555555555555555
          },
          "65": {
            "x": 0.3852739726027397,
            "y": 0.4022222222222222
          },
          "66": {
            "x": 0.3852739726027397,
            "y": 0.40444444444444444
          },
          "67": {
            "x": 0.386986301369863,
            "y": 0.4066666666666667
          },
          "68": {
            "x": 0.386986301369863,
            "y": 0.4088888888888889
          },
          "69": {
            "x": 0.3886986301369863,
            "y": 0.4111111111111111
          },
          "70": {
            "x": 0.3886986301369863,
            "y": 0.45555555555555555
          },
          "71": {
            "x": 0.386986301369863,
            "y": 0.4577777777777778
          },
          "72": {
            "x": 0.386986301369863,
            "y": 0.4666666666666667
          },
          "73": {
            "x": 0.3852739726027397,
            "y": 0.4688888888888889
          },
          "74": {
            "x": 0.3852739726027397,
            "y": 0.47555555555555556
          },
          "75": {
            "x": 0.3801369863013699,
            "y": 0.4822222222222222
          },
          "76": {
            "x": 0.3801369863013699,
            "y": 0.48444444444444446
          },
          "77": {
            "x": 0.3767123287671233,