{
  "labels": {
    "113": [
      {
        "is_tti": 0,
        "non_interaction_tool": "Cautery (Hook, Spatula)",
        "tti_polygon": {
          "0": {
            "x": 0.336898,
            "y": 0.55625
          },
          "1": {
            "x": 0.334225,
            "y": 0.560417
          },
          "2": {
            "x": 0.334225,
            "y": 0.56875
          },
          "3": {
            "x": 0.336898,
            "y": 0.575
          },
          "4": {
            "x": 0.336898,
            "y": 0.585417
          },
          "5": {
            "x": 0.339572,
            "y": 0.59375
          },
          "6": {
            "x": 0.338235,
            "y": 0.6
          },
          "7": {
            "x": 0.339572,
            "y": 0.60625
          },
          "8": {
            "x": 0.336898,
            "y": 0.61875
          },
          "9": {
            "x": 0.339572,
            "y": 0.625
          },
          "10": {
            "x": 0.340909,
            "y": 0.6375
          },
          "11": {
            "x": 0.343583,
            "y": 0.641667
          },
          "12": {
            "x": 0.340909,
            "y": 0.652083
          },
          "13": {
            "x": 0.346257,
            "y": 0.6625
          },
          "14": {
            "x": 0.356952,
            "y": 0.6625
          },
          "15": {
            "x": 0.358289,
            "y": 0.660417
          },
          "16": {
            "x": 0.360963,
            "y": 0.660417
          },
          "17": {
            "x": 0.370321,
            "y": 0.675
          },
          "18": {
            "x": 0.367647,
            "y": 0.697917
          },
          "19": {
            "x": 0.368984,
            "y": 0.7
          },
          "20": {
            "x": 0.370321,
            "y": 0.71875
          },
          "21": {
            "x": 0.374332,
            "y": 0.725
          },
          "22": {
            "x": 0.375668,
            "y": 0.733333
          },
          "23": {
            "x": 0.379679,
            "y": 0.7375
          },
          "24": {
            "x": 0.390374,
            "y": 0.7625
          },
          "25": {
            "x": 0.390374,
            "y": 0.783333
          },
          "26": {
            "x": 0.387701,
            "y": 0.791667
          },
          "27": {
            "x": 0.389037,
            "y": 0.8
          },
          "28": {
            "x": 0.387701,
            "y": 0.802083
          },
          "29": {
            "x": 0.387701,
            "y": 0.81875
          },
          "30": {
            "x": 0.390374,
            "y": 0.822917
          },
          "31": {
            "x": 0.391711,
            "y": 0.86875
          },
          "32": {
            "x": 0.397059,
            "y": 0.885417
          },
          "33": {
            "x": 0.397059,
            "y": 0.891667
          },
          "34": {
            "x": 0.413102,
            "y": 0.933333
          },
          "35": {
            "x": 0.419786,
            "y": 0.94375
          },
          "36": {
            "x": 0.42246,
            "y": 0.958333
          },
          "37": {
            "x": 0.427807,
            "y": 0.964583
          },
          "38": {
            "x": 0.429144,
            "y": 0.972917
          },
          "39": {
            "x": 0.435829,
            "y": 0.983333
          },
          "40": {
            "x": 0.43984,
            "y": 0.99375
          },
          "41": {
            "x": 0.44385,
            "y": 0.99375
          },
          "42": {
            "x": 0.445187,
            "y": 0.995833
          },
          "43": {
            "x": 0.466578,
            "y": 0.995833
          },
          "44": {
            "x": 0.467914,
            "y": 0.99375
          },
          "45": {
            "x": 0.867647,
            "y": 0.99375
          },
          "46": {
            "x": 0.868984,
            "y": 0.991667
          },
          "47": {
            "x": 0.871658,
            "y": 0.99375
          },
          "48": {
            "x": 0.875668,
            "y": 0.9875
          },
          "49": {
            "x": 0.877005,
            "y": 0.9875
          },
          "50": {
            "x": 0.88369,
            "y": 0.972917
          },
          "51": {
            "x": 0.890374,
            "y": 0.966667
          },
          "52": {
            "x": 0.895722,
            "y": 0.95625
          },
          "53": {
            "x": 0.899733,
            "y": 0.941667
          },
          "54": {
            "x": 0.902406,
            "y": 0.939583
          },
          "55": {
            "x": 0.911765,
            "y": 0.922917
          },
          "56": {
            "x": 0.910428,
            "y": 0.91875
          },
          "57": {
            "x": 0.911765,
            "y": 0.910417
          },
          "58": {
            "x": 0.914439,
            "y": 0.904167
          },
          "59": {
            "x": 0.917112,
            "y": 0.902083
          },
          "60": {
            "x": 0.918449,
            "y": 0.891667
          },
          "61": {
            "x": 0.915775,
            "y": 0.8875
          },
          "62": {
            "x": 0.911765,
            "y": 0.8875
          },
          "63": {
            "x": 0.907754,
            "y": 0.88125
          },
          "64": {
            "x": 0.902406,
            "y": 0.879167
          },
          "65": {
            "x": 0.90107,
            "y": 0.877083
          },
          "66": {
            "x": 0.902406,
            "y": 0.872917
          },
          "67": {
            "x": 0.909091,
            "y": 0.872917
          },
          "68": {
            "x": 0.910428,
            "y": 0.870833
          },
          "69": {
            "x": 0.909091,
            "y": 0.86875
          },
          "70": {
            "x": 0.90107,
            "y": 0.86875
          },
          "71": {
            "x": 0.894385,
            "y": 0.8625
          },
          "72": {
            "x": 0.887701,
            "y": 0.8625
          },
          "73": {
            "x": 0.886364,
            "y": 0.860417
          },
          "74": {
            "x": 0.88369,
            "y": 0.860417
          },
          "75": {
            "x": 0.877005,
            "y": 0.854167
          },
          "76": {
            "x": 0.875668,
            "y": 0.85625
          },
          "77": {
            "x": 0.868984,
            "y": 0.85625
          },
          "78": {
            "x": 0.864973,
            "y": 0.852083
          },
          "79": {
            "x": 0.858289,
            "y": 0.852083
          },
          "80": {
            "x": 0.856952,
            "y": 0.85
          },
          "81": {
            "x": 0.852941,
            "y": 0.85
          },
          "82": {
            "x": 0.847594,
            "y": 0.845833
          },
          "83": {
            "x": 0.84893,
            "y": 0.841667
          },
          "84": {
            "x": 0.851604,
            "y": 0.841667
          },
          "85": {
            "x": 0.850267,
            "y": 0.839583
          },
          "86": {
            "x": 0.847594,
            "y": 0.839583
          },
          "87": {
            "x": 0.846257,
            "y": 0.8375
          },
          "88": {
            "x": 0.840909,
            "y": 0.8375
          },
          "89": {
            "x": 0.835561,
            "y": 0.833333
          },
          "90": {
            "x": 0.831551,
            "y": 0.833333
          },
          "91": {
            "x": 0.830214,
            "y": 0.83125
          },
          "92": {
            "x": 0.82754,
            "y": 0.83125
          },
          "93": {
            "x": 0.826203,
            "y": 0.833333
          },
          "94": {
            "x": 0.816845,