{
  "labels": {
    "72": [
      {
        "is_tti": 0,
        "non_interaction_tool": "Cautery (Hook, Spatula)",
        "instrument_polygon": {
          "0": {
            "x": 0.706349,
            "y": 0
          },
          "1": {
            "x": 0.704762,
            "y": 0.012552
          },
          "10": {
            "x": 0.665079,
            "y": 0.100418
          },
          "11": {
            "x": 0.661905,
            "y": 0.106695
          },
          "12": {
            "x": 0.661905,
            "y": 0.110879
          },
          "13": {
            "x": 0.657143,
            "y": 0.119247
          },
          "14": {
            "x": 0.657143,
            "y": 0.123431
          },
          "15": {
            "x": 0.653968,
            "y": 0.127615
          },
          "16": {
            "x": 0.652381,
            "y": 0.135983
          },
          "17": {
            "x": 0.649206,
            "y": 0.140167
          },
          "18": {
            "x": 0.646032,
            "y": 0.135983
          },
          "19": {
            "x": 0.631746,
            "y": 0.127615
          },
          "2": {
            "x": 0.7,
            "y": 0.020921
          },
          "20": {
            "x": 0.61746,
            "y": 0.112971
          },
          "21": {
            "x": 0.612698,
            "y": 0.110879
          },
          "22": {
            "x": 0.609524,
            "y": 0.106695
          },
          "23": {
            "x": 0.603175,
            "y": 0.10251
          },
          "24": {
            "x": 0.6,
            "y": 0.10251
          },
          "25": {
            "x": 0.593651,
            "y": 0.098326
          },
          "26": {
            "x": 0.58254,
            "y": 0.098326
          },
          "27": {
            "x": 0.57619,
            "y": 0.104603
          },
          "28": {
            "x": 0.57619,
            "y": 0.110879
          },
          "29": {
            "x": 0.579365,
            "y": 0.119247
          },
          "3": {
            "x": 0.7,
            "y": 0.027197
          },
          "30": {
            "x": 0.596825,
            "y": 0.146444
          },
          "31": {
            "x": 0.598413,
            "y": 0.161088
          },
          "32": {
            "x": 0.603175,
            "y": 0.17364
          },
          "33": {
            "x": 0.607937,
            "y": 0.171548
          },
          "34": {
            "x": 0.611111,
            "y": 0.167364
          },
          "35": {
            "x": 0.611111,
            "y": 0.16318
          },
          "36": {
            "x": 0.614286,
            "y": 0.156904
          },
          "37": {
            "x": 0.619048,
            "y": 0.156904
          },
          "38": {
            "x": 0.620635,
            "y": 0.158996
          },
          "39": {
            "x": 0.628571,
            "y": 0.161088
          },
          "4": {
            "x": 0.695238,
            "y": 0.039749
          },
          "40": {
            "x": 0.633333,
            "y": 0.165272
          },
          "41": {
            "x": 0.636508,
            "y": 0.16318
          },
          "42": {
            "x": 0.647619,
            "y": 0.16318
          },
          "43": {
            "x": 0.649206,
            "y": 0.165272
          },
          "44": {
            "x": 0.684127,
            "y": 0.165272
          },
          "45": {
            "x": 0.687302,
            "y": 0.16318
          },
          "46": {
            "x": 0.704762,
            "y": 0.138075
          },
          "47": {
            "x": 0.712698,
            "y": 0.123431
          },
          "48": {
            "x": 0.714286,
            "y": 0.117155
          },
          "49": {
            "x": 0.71746,
            "y": 0.115063
          },
          "5": {
            "x": 0.684127,
            "y": 0.056485
          },
          "50": {
            "x": 0.719048,
            "y": 0.108787
          },
          "51": {
            "x": 0.736508,
            "y": 0.077406
          },
          "52": {
            "x": 0.738095,
            "y": 0.07113
          },
          "53": {
            "x": 0.752381,
            "y": 0.048117
          },
          "54": {
            "x": 0.753968,
            "y": 0.041841
          },
          "55": {
            "x": 0.763492,
            "y": 0.023013
          },
          "56": {
            "x": 0.768254,
            "y": 0.016736
          },
          "57": {
            "x": 0.774603,
            "y": 0
          },
          "6": {
            "x": 0.679365,
            "y": 0.069038
          },
          "7": {
            "x": 0.669841,
            "y": 0.083682
          },
          "8": {
            "x": 0.669841,
            "y": 0.087866
          },
          "9": {
            "x": 0.666667,
            "y": 0.09205
          }
        }
      }
    ]
  }
}