{
  "labels": {
    "101": [
      {
        "is_tti": 0,
        "non_interaction_tool": "Cautery (Hook, Spatula)",
        "instrument_polygon": {
          "0": {
            "x": 0.6505882352941177,
            "y": 0.3770833333333333
          },
          "1": {
            "x": 0.6517647058823529,
            "y": 0.375
          },
          "2": {
            "x": 0.6517647058823529,
            "y": 0.3729166666666667
          },
          "3": {
            "x": 0.6529411764705882,
            "y": 0.37083333333333335
          },
          "4": {
            "x": 0.6529411764705882,
            "y": 0.36875
          },
          "5": {
            "x": 0.6541176470588236,
            "y": 0.36666666666666664
          },
          "6": {
            "x": 0.6552941176470588,
            "y": 0.36666666666666664
          },
          "7": {
            "x": 0.6564705882352941,
            "y": 0.3645833333333333
          },
          "8": {
            "x": 0.6588235294117647,
            "y": 0.3645833333333333
          },
          "9": {
            "x": 0.66,
            "y": 0.3625
          },
          "10": {
            "x": 0.6611764705882353,
            "y": 0.3625
          },
          "11": {
            "x": 0.6623529411764706,
            "y": 0.3645833333333333
          },
          "12": {
            "x": 0.6658823529411765,
            "y": 0.3645833333333333
          },
          "13": {
            "x": 0.668235294117647,
            "y": 0.36875
          },
          "14": {
            "x": 0.6694117647058824,
            "y": 0.36875
          },
          "15": {
            "x": 0.6694117647058824,
            "y": 0.37083333333333335
          },
          "16": {
            "x": 0.6717647058823529,
            "y": 0.375
          },
          "17": {
            "x": 0.6717647058823529,
            "y": 0.3770833333333333
          },
          "18": {
            "x": 0.6741176470588235,
            "y": 0.38125
          },
          "19": {
            "x": 0.6741176470588235,
            "y": 0.38333333333333336
          },
          "20": {
            "x": 0.6752941176470588,
            "y": 0.3854166666666667
          },
          "21": {
            "x": 0.6764705882352942,
            "y": 0.3854166666666667
          },
          "22": {
            "x": 0.6764705882352942,
            "y": 0.3875
          },
          "23": {
            "x": 0.6811764705882353,
            "y": 0.3958333333333333
          },
          "24": {
            "x": 0.6811764705882353,
            "y": 0.39791666666666664
          },
          "25": {
            "x": 0.6858823529411765,
            "y": 0.40625
          },
          "26": {
            "x": 0.6858823529411765,
            "y": 0.4083333333333333
          },
          "27": {
            "x": 0.6882352941176471,
            "y": 0.4125
          },
          "28": {
            "x": 0.692941,
            "y": 0.4125
          },
          "29": {
            "x": 0.697647,
            "y": 0.416667
          },
          "30": {
            "x": 0.704706,
            "y": 0.41875
          },
          "31": {
            "x": 0.712941,
            "y": 0.427083
          },
          "32": {
            "x": 0.717647,
            "y": 0.427083
          },
          "33": {
            "x": 0.722353,
            "y": 0.43125
          },
          "34": {
            "x": 0.725882,
            "y": 0.43125
          },
          "35": {
            "x": 0.727059,
            "y": 0.433333
          },
          "36": {
            "x": 0.732941,
            "y": 0.433333
          },
          "37": {
            "x": 0.734118,
            "y": 0.435417
          },
          "38": {
            "x": 0.742353,
            "y": 0.435417
          },
          "39": {
            "x": 0.744706,
            "y": 0.439583
          },
          "40": {
            "x": 0.755294,
            "y": 0.439583
          },
          "41": {
            "x": 0.756471,
            "y": 0.441667
          },
          "42": {
            "x": 0.770588,
            "y": 0.441667
          },
          "43": {
            "x": 0.771765,
            "y": 0.44375
          },
          "44": {
            "x": 0.798824,
            "y": 0.44375
          },
          "45": {
            "x": 0.8,
            "y": 0.445833
          },
          "46": {
            "x": 0.807059,
            "y": 0.445833
          },
          "47": {
            "x": 0.808235,
            "y": 0.447917
          },
          "48": {
            "x": 0.811765,
            "y": 0.447917
          },
          "49": {
            "x": 0.812941,
            "y": 0.45
          },
          "50": {
            "x": 0.82,
            "y": 0.452083
          },
          "51": {
            "x": 0.822353,
            "y": 0.45625
          },
          "52": {
            "x": 0.829412,
            "y": 0.458333
          },
          "53": {
            "x": 0.831765,
            "y": 0.4625
          },
          "54": {
            "x": 0.838824,
            "y": 0.466667
          },
          "55": {
            "x": 0.843529,
            "y": 0.472917
          },
          "56": {
            "x": 0.850588,
            "y": 0.475
          },
          "57": {
            "x": 0.863529,
            "y": 0.489583
          },
          "58": {
            "x": 0.867059,
            "y": 0.489583
          },
          "59": {
            "x": 0.871765,
            "y": 0.495833
          },
          "60": {
            "x": 0.874118,
            "y": 0.495833
          },
          "61": {
            "x": 0.876471,
            "y": 0.502083
          },
          "62": {
            "x": 0.881176,
            "y": 0.50625
          },
          "63": {
            "x": 0.883529,
            "y": 0.50625
          },
          "64": {
            "x": 0.887059,
            "y": 0.510417
          },
          "65": {
            "x": 0.894118,
            "y": 0.5125
          },
          "66": {
            "x": 0.897647,
            "y": 0.51875
          },
          "67": {
            "x": 0.902353,
            "y": 0.520833
          },
          "68": {
            "x": 0.917647,
            "y": 0.535417
          },
          "69": {
            "x": 0.924706,
            "y": 0.5375
          },
          "70": {
            "x": 0.925882,
            "y": 0.539583
          },
          "71": {
            "x": 0.929412,
            "y": 0.539583
          },
          "72": {
            "x": 0.932941,
            "y": 0.54375
          },
          "73": {
            "x": 0.935294,
            "y": 0.54375
          },
          "74": {
            "x": 0.931765,
            "y": 0.545833
          },
          "75": {
            "x": 0.930588,
            "y": 0.547917
          },
          "76": {
            "x": 0.931765,
            "y": 0.55
          },
          "77": {
            "x": 0.941176,
            "y": 0.554167
          },
          "78": {
            "x": 0.945882,
            "y": 0.558333
          },
          "79": {
            "x": 0.947059,
            "y": 0.560417
          },
          "80": {
            "x": 0.945882,
            "y": 0.5625
          },
          "81": {
            "x": 0.949412,
            "y": 0.566667
          },
          "82": {
            "x": 0.956471,
            "y": 0.566667
          },
          "83": {
            "x": 0.964706,
            "y": 0.575
          },
          "84": {
            "x": 0.969412,
            "y": 0.575
          },
          "85": {
            "x": 0.972941,
            "y": 0.58125
          },
          "86": {
            "x": 0.975294,
            "y": 0.58125
          },
          "87": {
            "x": 0.976471,
            "y": 0.583333
          },
          "88": {
            "x": 0.985882,
            "y": 0.5875
          },