{
  "labels": {
    "0": [
      {},
      {
        "is_tti": 1,
        "interaction_type": "Energy - sharp dissection",
        "interaction_tool": "Cautery (Hook, Spatula)",
        "tti_polygon": {
          "0": {
            "x": 0.7596998317800556,
            "y": 0.3319130857667424
          },
          "1": {
            "x": 0.7518576606432658,
            "y": 0.3080275179227137
          },
          "2": {
            "x": 0.7551362058434754,
            "y": 0.29343116147927956
          },
          "3": {
            "x": 0.7617477872998544,
            "y": 0.2827007562510928
          },
          "4": {
            "x": 0.7640999845487583,
            "y": 0.26838444221017654
          },
          "5": {
            "x": 0.7579061678547332,
            "y": 0.256219673456898
          },
          "6": {
            "x": 0.7515261733861808,
            "y": 0.24206045637349186
          },
          "7": {
            "x": 0.7448691827165026,
            "y": 0.2299093482252142
          },
          "8": {
            "x": 0.7336122387396049,
            "y": 0.2236186396223116
          },
          "9": {
            "x": 0.7214017012834217,
            "y": 0.217327931019409
          },
          "10": {
            "x": 0.7114116743575747,
            "y": 0.21446603427172578
          },
          "11": {
            "x": 0.7002864170992449,
            "y": 0.21655610683685958
          },
          "12": {
            "x": 0.6929165017807676,
            "y": 0.23034648758524218
          },
          "13": {
            "x": 0.689833216197745,
            "y": 0.24514092280118896
          },
          "14": {
            "x": 0.687081417871807,
            "y": 0.2591703641370869
          },
          "15": {
            "x": 0.687081417871807,
            "y": 0.2739101569330302
          },
          "16": {
            "x": 0.6924714914904345,
            "y": 0.28728388922888615
          },
          "17": {
            "x": 0.7016396116555642,
            "y": 0.2986085307746109
          },
          "18": {
            "x": 0.7098632201840683,
            "y": 0.3074674331176779
          },
          "19": {
            "x": 0.718836080732011,
            "y": 0.31386059625808704
          },
          "20": {
            "x": 0.7285899797487017,
            "y": 0.31912675948592406
          },
          "21": {
            "x": 0.7382303557321443,
            "y": 0.3219681653261059
          },
          "22": {
            "x": 0.7476754720983997,
            "y": 0.32623027408637867
          },
          "23": {
            "x": 0.7573158480818422,
            "y": 0.32907167992656056
          }
        }
      },
      {
        "instrument_polygon": {
          "0": {
            "x": 0.9866323752433328,
            "y": 0.14408659730722154
          },
          "1": {
            "x": 0.875407048188015,
            "y": 0.21581160386431192
          },
          "2": {
            "x": 0.8185683359012749,
            "y": 0.2649966121699598
          },
          "3": {
            "x": 0.7752161599644282,
            "y": 0.276922320335723
          },
          "4": {
            "x": 0.7555312659991794,
            "y": 0.2961018097569505
          },
          "5": {
            "x": 0.7567028237023015,
            "y": 0.3258136256338521
          },
          "6": {
            "x": 0.7701212462322462,
            "y": 0.3453277998776009
          },
          "7": {
            "x": 0.8440973956181441,
            "y": 0.3381491519496415
          },
          "8": {
            "x": 0.8934118012611894,
            "y": 0.3350550249169435
          },
          "9": {
            "x": 0.9733456394319562,
            "y": 0.32935172232907844
          },
          "10": {
            "x": 0.997666814075064,
            "y": 0.32935172232907844
          },
          "11": {
            "x": 0.998129988050717,
            "y": 0.24367240776359497
          },
          "12": {
            "x": 0.9945789875707112,
            "y": 0.19412539342542398
          }
        },
        "instrument_type": "Cautery (Hook, Spatula)"
      }
    ],
    "74": [
      {},
      {
        "is_tti": 1,
        "interaction_type": "Energy - sharp dissection",
        "interaction_tool": "Cautery (Hook, Spatula)",
        "tti_polygon": {
          "0": {
            "x": 0.7471169387748182,
            "y": 0.15388125109284836
          },
          "1": {
            "x": 0.7475210807731821,
            "y": 0.13362257387655183
          },
          "2": {
            "x": 0.7489378482281204,
            "y": 0.11802899326805384
          },
          "3": {
            "x": 0.7449282146937917,
            "y": 0.10376049134464065
          },
          "4": {
            "x": 0.7366455741879984,
            "y": 0.0948332859765693
          },
          "5": {
            "x": 0.7281222648517189,
            "y": 0.0874019168560937
          },
          "6": {
            "x": 0.7193719094489428,
            "y": 0.07957439019059274
          },
          "7": {
            "x": 0.710803190899364,
            "y": 0.07240940286763417
          },
          "8": {
            "x": 0.7012899607131596,
            "y": 0.06739596083231332
          },
          "9": {
            "x": 0.691590552752428,
            "y": 0.0627581854345165
          },
          "10": {
            "x": 0.6816005258265808,
            "y": 0.060613470449379245
          },
          "11": {
            "x": 0.670289090793724,
            "y": 0.06483459739464939
          },
          "12": {
            "x": 0.6615387353909478,
            "y": 0.07227279681762543
          },
          "13": {
            "x": 0.6624560014995938,
            "y": 0.09145228623885293
          },
          "14": {
            "x": 0.6704843504109109,
            "y": 0.10210755813953486
          },
          "15": {
            "x": 0.676623676048977,
            "y": 0.11418353296030773
          },
          "16": {
            "x": 0.6846247794323145,
            "y": 0.1265532107885994
          },
          "17": {
            "x": 0.6937293266988254,
            "y": 0.1334723072215422
          },
          "18": {
            "x": 0.7045094739360803,
            "y": 0.13769343416681235
          },
          "19": {
            "x": 0.7145857783671961,
            "y": 0.14124519146703965
          },
          "20": {
            "x": 0.7242261543506385,
            "y": 0.14408659730722154
          },
          "21": {
            "x": 0.7352832977890194,
            "y": 0.1486833908900157
          },
          "22": {
            "x": 0.7439791621358364,
            "y": 0.15645627513551322
          }
        }
      },
      {
        "instrument_polygon": {
          "0": {
            "x": 0.8893385948282418,
            "y": 0.004482044500786827
          },
          "1": {
            "x": 0.8805836985041358,
            "y": 0.01295844990382932
          },
          "2": {
            "x": 0.8734862384654544,
            "y": 0.02319707335198459
          },
          "3": {
            "x": 0.8647358830626782,
            "y": 0.030969957597482053
          },
          "4": {
            "x": 0.8556858268521268,
            "y": 0.03807347219793668
          },
          "5": {
            "x": 0.8460863191606536,
            "y": 0.04091487803811854
          },
          "6": {
            "x": 0.8365821708171091,
            "y": 0.04872874409861862
          },
          "7": {
            "x": 0.8270462360242551,
            "y": 0.060668112869382736
          },
          "8": {
            "x": 0.818295880621479,
            "y": 0.06881666375240424
          },
          "9": {
            "x": 0.8087871913566044,
            "y": 0.07592017835285887
          },
          "10": {
            "x": 0.7981296489952576,
            "y": 0.08122732339569853
          },