{
  "labels": {
    "0": [
      {
        "instrument_polygon": {
          "0": {
            "x": 0.369845,
            "y": 0.46875
          },
          "1": {
            "x": 0.368557,
            "y": 0.470833
          },
          "2": {
            "x": 0.362113,
            "y": 0.472917
          },
          "3": {
            "x": 0.350515,
            "y": 0.483333
          },
          "4": {
            "x": 0.344072,
            "y": 0.485417
          },
          "5": {
            "x": 0.338918,
            "y": 0.489583
          },
          "6": {
            "x": 0.335052,
            "y": 0.489583
          },
          "7": {
            "x": 0.329897,
            "y": 0.49375
          },
          "8": {
            "x": 0.319588,
            "y": 0.497917
          },
          "9": {
            "x": 0.315722,
            "y": 0.502083
          },
          "10": {
            "x": 0.313144,
            "y": 0.502083
          },
          "11": {
            "x": 0.302835,
            "y": 0.510417
          },
          "12": {
            "x": 0.296392,
            "y": 0.5125
          },
          "13": {
            "x": 0.292526,
            "y": 0.516667
          },
          "14": {
            "x": 0.289948,
            "y": 0.516667
          },
          "15": {
            "x": 0.286082,
            "y": 0.520833
          },
          "16": {
            "x": 0.283505,
            "y": 0.520833
          },
          "17": {
            "x": 0.277062,
            "y": 0.527083
          },
          "18": {
            "x": 0.274485,
            "y": 0.527083
          },
          "19": {
            "x": 0.265464,
            "y": 0.535417
          },
          "20": {
            "x": 0.255155,
            "y": 0.539583
          },
          "21": {
            "x": 0.25,
            "y": 0.54375
          },
          "22": {
            "x": 0.246134,
            "y": 0.54375
          },
          "23": {
            "x": 0.244845,
            "y": 0.545833
          },
          "24": {
            "x": 0.242268,
            "y": 0.545833
          },
          "25": {
            "x": 0.239691,
            "y": 0.55
          },
          "26": {
            "x": 0.233247,
            "y": 0.552083
          },
          "27": {
            "x": 0.222938,
            "y": 0.560417
          },
          "28": {
            "x": 0.220361,
            "y": 0.560417
          },
          "29": {
            "x": 0.206186,
            "y": 0.572917
          },
          "30": {
            "x": 0.203608,
            "y": 0.572917
          },
          "31": {
            "x": 0.201031,
            "y": 0.577083
          },
          "32": {
            "x": 0.197165,
            "y": 0.577083
          },
          "33": {
            "x": 0.194588,
            "y": 0.58125
          },
          "34": {
            "x": 0.188144,
            "y": 0.583333
          },
          "35": {
            "x": 0.181701,
            "y": 0.589583
          },
          "36": {
            "x": 0.176546,
            "y": 0.589583
          },
          "37": {
            "x": 0.175258,
            "y": 0.591667
          },
          "38": {
            "x": 0.16366,
            "y": 0.591667
          },
          "39": {
            "x": 0.162371,
            "y": 0.59375
          },
          "40": {
            "x": 0.155928,
            "y": 0.59375
          },
          "41": {
            "x": 0.154639,
            "y": 0.595833
          },
          "42": {
            "x": 0.150773,
            "y": 0.595833
          },
          "43": {
            "x": 0.149485,
            "y": 0.597917
          },
          "44": {
            "x": 0.14433,
            "y": 0.597917
          },
          "45": {
            "x": 0.139175,
            "y": 0.602083
          },
          "46": {
            "x": 0.135309,
            "y": 0.602083
          },
          "47": {
            "x": 0.134021,
            "y": 0.604167
          },
          "48": {
            "x": 0.125,
            "y": 0.60625
          },
          "49": {
            "x": 0.121134,
            "y": 0.610417
          },
          "50": {
            "x": 0.117268,
            "y": 0.610417
          },
          "51": {
            "x": 0.115979,
            "y": 0.6125
          },
          "52": {
            "x": 0.109536,
            "y": 0.614583
          },
          "53": {
            "x": 0.104381,
            "y": 0.620833
          },
          "54": {
            "x": 0.100515,
            "y": 0.620833
          },
          "55": {
            "x": 0.099227,
            "y": 0.622917
          },
          "56": {
            "x": 0.088918,
            "y": 0.627083
          },
          "57": {
            "x": 0.087629,
            "y": 0.629167
          },
          "58": {
            "x": 0.085052,
            "y": 0.629167
          },
          "59": {
            "x": 0.081186,
            "y": 0.633333
          },
          "60": {
            "x": 0.07732,
            "y": 0.633333
          },
          "61": {
            "x": 0.073454,
            "y": 0.6375
          },
          "62": {
            "x": 0.068299,
            "y": 0.6375
          },
          "63": {
            "x": 0.06701,
            "y": 0.639583
          },
          "64": {
            "x": 0.064433,
            "y": 0.639583
          },
          "65": {
            "x": 0.054124,
            "y": 0.647917
          },
          "66": {
            "x": 0.051546,
            "y": 0.647917
          },
          "67": {
            "x": 0.042526,
            "y": 0.654167
          },
          "68": {
            "x": 0.03866,
            "y": 0.654167
          },
          "69": {
            "x": 0.037371,
            "y": 0.65625
          },
          "70": {
            "x": 0.034794,
            "y": 0.65625
          },
          "71": {
            "x": 0.030928,
            "y": 0.660417
          },
          "72": {
            "x": 0.020619,
            "y": 0.664583
          },
          "73": {
            "x": 0.015464,
            "y": 0.66875
          },
          "74": {
            "x": 0.014175,
            "y": 0.672917
          },
          "75": {
            "x": 0.020619,
            "y": 0.710417
          },
          "76": {
            "x": 0.020619,
            "y": 0.71875
          },
          "77": {
            "x": 0.023196,
            "y": 0.725
          },
          "78": {
            "x": 0.023196,
            "y": 0.73125
          },
          "79": {
            "x": 0.027062,
            "y": 0.741667
          },
          "80": {
            "x": 0.027062,
            "y": 0.745833
          },
          "81": {
            "x": 0.032216,
            "y": 0.758333
          },
          "82": {
            "x": 0.036082,
            "y": 0.758333
          },
          "83": {
            "x": 0.04768,
            "y": 0.747917
          },
          "84": {
            "x": 0.054124,
            "y": 0.745833
          },
          "85": {
            "x": 0.060567,
            "y": 0.739583
          },
          "86": {
            "x": 0.063144,
            "y": 0.739583
          },
          "87": {
            "x": 0.065722,
            "y": 0.735417
          },
          "88": {
            "x": 0.068299,
            "y": 0.735417
          },
          "89": {
            "x": 0.072165,
            "y": 0.73125
          },
          "90": {
            "x": 0.074742,
            "y": 0.73125
          },
          "91": {
            "x": 0.08634,
            "y": 0.720833
          },
          "92": {
            "x": 0.088918,
            "y": 0.720833
          },
          "93": {
            "x": 0.099227,
            "y": 0.7125
          },
          "94": {
            "x": 0.103093,
            "y": 0.7125
          },