{
  "labels": {
    "44": [
      {
        "is_tti": 0,
        "non_interaction_tool": "Cautery (Hook, Spatula)",
        "instrument_polygon": {
          "0": {
            "x": 0.915625,
            "y": 0.129167
          },
          "1": {
            "x": 0.9125,
            "y": 0.133333
          },
          "2": {
            "x": 0.910937,
            "y": 0.133333
          },
          "3": {
            "x": 0.909375,
            "y": 0.1375
          },
          "4": {
            "x": 0.901563,
            "y": 0.135417
          },
          "5": {
            "x": 0.901563,
            "y": 0.139583
          },
          "6": {
            "x": 0.903125,
            "y": 0.141667
          },
          "7": {
            "x": 0.898438,
            "y": 0.145833
          },
          "8": {
            "x": 0.895312,
            "y": 0.152083
          },
          "9": {
            "x": 0.895312,
            "y": 0.15625
          },
          "10": {
            "x": 0.892188,
            "y": 0.160417
          },
          "11": {
            "x": 0.890625,
            "y": 0.160417
          },
          "12": {
            "x": 0.879687,
            "y": 0.175
          },
          "13": {
            "x": 0.878125,
            "y": 0.175
          },
          "14": {
            "x": 0.864062,
            "y": 0.195833
          },
          "15": {
            "x": 0.857812,
            "y": 0.2
          },
          "16": {
            "x": 0.845313,
            "y": 0.216667
          },
          "17": {
            "x": 0.84375,
            "y": 0.216667
          },
          "18": {
            "x": 0.83125,
            "y": 0.233333
          },
          "19": {
            "x": 0.829688,
            "y": 0.2375
          },
          "20": {
            "x": 0.826562,
            "y": 0.2375
          },
          "21": {
            "x": 0.815625,
            "y": 0.254167
          },
          "22": {
            "x": 0.814063,
            "y": 0.254167
          },
          "23": {
            "x": 0.807813,
            "y": 0.2625
          },
          "24": {
            "x": 0.80625,
            "y": 0.2625
          },
          "25": {
            "x": 0.804688,
            "y": 0.266667
          },
          "26": {
            "x": 0.801562,
            "y": 0.26875
          },
          "27": {
            "x": 0.801562,
            "y": 0.270833
          },
          "28": {
            "x": 0.785937,
            "y": 0.291667
          },
          "29": {
            "x": 0.784375,
            "y": 0.291667
          },
          "30": {
            "x": 0.760938,
            "y": 0.320833
          },
          "31": {
            "x": 0.759375,
            "y": 0.320833
          },
          "32": {
            "x": 0.748437,
            "y": 0.333333
          },
          "33": {
            "x": 0.745313,
            "y": 0.333333
          },
          "34": {
            "x": 0.725,
            "y": 0.347917
          },
          "35": {
            "x": 0.71875,
            "y": 0.35
          },
          "36": {
            "x": 0.707812,
            "y": 0.360417
          },
          "37": {
            "x": 0.704688,
            "y": 0.360417
          },
          "38": {
            "x": 0.696875,
            "y": 0.366667
          },
          "39": {
            "x": 0.690625,
            "y": 0.36875
          },
          "40": {
            "x": 0.684375,
            "y": 0.377083
          },
          "41": {
            "x": 0.678125,
            "y": 0.389583
          },
          "42": {
            "x": 0.673438,
            "y": 0.389583
          },
          "43": {
            "x": 0.670312,
            "y": 0.383333
          },
          "44": {
            "x": 0.665625,
            "y": 0.38125
          },
          "45": {
            "x": 0.6625,
            "y": 0.375
          },
          "46": {
            "x": 0.660937,
            "y": 0.375
          },
          "47": {
            "x": 0.65625,
            "y": 0.36875
          },
          "48": {
            "x": 0.654687,
            "y": 0.358333
          },
          "49": {
            "x": 0.651563,
            "y": 0.352083
          },
          "50": {
            "x": 0.65,
            "y": 0.352083
          },
          "51": {
            "x": 0.645312,
            "y": 0.34375
          },
          "52": {
            "x": 0.642188,
            "y": 0.34375
          },
          "53": {
            "x": 0.6375,
            "y": 0.335417
          },
          "54": {
            "x": 0.634375,
            "y": 0.335417
          },
          "55": {
            "x": 0.63125,
            "y": 0.33125
          },
          "56": {
            "x": 0.628125,
            "y": 0.33125
          },
          "57": {
            "x": 0.626563,
            "y": 0.329167
          },
          "58": {
            "x": 0.623437,
            "y": 0.33125
          },
          "59": {
            "x": 0.623437,
            "y": 0.339583
          },
          "60": {
            "x": 0.625,
            "y": 0.341667
          },
          "61": {
            "x": 0.626563,
            "y": 0.352083
          },
          "62": {
            "x": 0.628125,
            "y": 0.352083
          },
          "63": {
            "x": 0.6375,
            "y": 0.364583
          },
          "64": {
            "x": 0.642188,
            "y": 0.364583
          },
          "65": {
            "x": 0.648438,
            "y": 0.372917
          },
          "66": {
            "x": 0.648438,
            "y": 0.377083
          },
          "67": {
            "x": 0.651563,
            "y": 0.385417
          },
          "68": {
            "x": 0.667188,
            "y": 0.408333
          },
          "69": {
            "x": 0.679688,
            "y": 0.416667
          },
          "70": {
            "x": 0.689063,
            "y": 0.429167
          },
          "71": {
            "x": 0.69375,
            "y": 0.43125
          },
          "72": {
            "x": 0.696875,
            "y": 0.435417
          },
          "73": {
            "x": 0.710938,
            "y": 0.435417
          },
          "74": {
            "x": 0.7125,
            "y": 0.433333
          },
          "75": {
            "x": 0.717187,
            "y": 0.433333
          },
          "76": {
            "x": 0.723437,
            "y": 0.429167
          },
          "77": {
            "x": 0.728125,
            "y": 0.429167
          },
          "78": {
            "x": 0.734375,
            "y": 0.425
          },
          "79": {
            "x": 0.7375,
            "y": 0.425
          },
          "80": {
            "x": 0.739062,
            "y": 0.422917
          },
          "81": {
            "x": 0.742188,
            "y": 0.422917
          },
          "82": {
            "x": 0.751563,
            "y": 0.416667
          },
          "83": {
            "x": 0.7625,
            "y": 0.414583
          },
          "84": {
            "x": 0.775,
            "y": 0.40625
          },
          "85": {
            "x": 0.784375,
            "y": 0.40625
          },
          "86": {
            "x": 0.798438,
            "y": 0.395833
          },
          "87": {
            "x": 0.80625,
            "y": 0.39375
          },
          "88": {
            "x": 0.817187,
            "y": 0.385417
          },
          "89": {
            "x": 0.821875,
            "y": 0.385417
          },
          "90": {
            "x": 0.823438,
            "y": 0.383333
          },
          "91": {
            "x": 0.828125,
            "y": 0.383333
          },
          "92": {
            "x": 0.829688,
            "y": 0.38125
          },
          "93": {
            "x": 0.834375,
            "y": 0.38125
          },
          "94": {
            "x": 0.839063,