{
  "labels": {
    "0": [
      {
        "instrument_polygon": {
          "0": {
            "x": 0.9611909148147285,
            "y": 0.23526245935785414
          },
          "1": {
            "x": 0.9436250545504213,
            "y": 0.23526245935785414
          },
          "2": {
            "x": 0.9120823925814759,
            "y": 0.23526245935785414
          },
          "3": {
            "x": 0.8941993018378911,
            "y": 0.23526245935785414
          },
          "4": {
            "x": 0.8588063326792835,
            "y": 0.23526245935785414
          },
          "5": {
            "x": 0.8275809011896157,
            "y": 0.23526245935785414
          },
          "6": {
            "x": 0.805915925516605,
            "y": 0.2292613925015241
          },
          "7": {
            "x": 0.7881323580606369,
            "y": 0.2292613925015241
          },
          "8": {
            "x": 0.7723890180008062,
            "y": 0.23746920087380619
          },
          "9": {
            "x": 0.7582380505428391,
            "y": 0.2493205141231457
          },
          "10": {
            "x": 0.7364113495274518,
            "y": 0.26599808219874016
          },
          "11": {
            "x": 0.7144229231696876,
            "y": 0.27645232168258493
          },
          "12": {
            "x": 0.6939771077699788,
            "y": 0.2901293563300143
          },
          "13": {
            "x": 0.6789553115453677,
            "y": 0.3009249263361106
          },
          "14": {
            "x": 0.6594052057342071,
            "y": 0.3155306975208292
          },
          "15": {
            "x": 0.6390589136221148,
            "y": 0.334811903068482
          },
          "16": {
            "x": 0.6171389095245868,
            "y": 0.3619119589514327
          },
          "17": {
            "x": 0.6041822215180176,
            "y": 0.3749539600690917
          },
          "18": {
            "x": 0.5918599944700033,
            "y": 0.3898137446657184
          },
          "19": {
            "x": 0.5709352232486401,
            "y": 0.40960297703718757
          },
          "20": {
            "x": 0.5446486349069395,
            "y": 0.4245977062588905
          },
          "21": {
            "x": 0.5257951921090942,
            "y": 0.4265186826864459
          },
          "22": {
            "x": 0.4967157315086565,
            "y": 0.4212320285511076
          },
          "23": {
            "x": 0.4747335253563683,
            "y": 0.4195730034545825
          },
          "24": {
            "x": 0.45495327194259466,
            "y": 0.4150007620402358
          },
          "25": {
            "x": 0.4390917479787195,
            "y": 0.4054990728510466
          },
          "26": {
            "x": 0.4281939479847159,
            "y": 0.4348931873602927
          },
          "27": {
            "x": 0.4281939479847159,
            "y": 0.4580798491160334
          },
          "28": {
            "x": 0.4420836668126897,
            "y": 0.47823422576712055
          },
          "29": {
            "x": 0.4539580390664299,
            "y": 0.49542775858565336
          },
          "30": {
            "x": 0.472556453439758,
            "y": 0.5048976960983541
          },
          "31": {
            "x": 0.489431870896226,
            "y": 0.5106685633001423
          },
          "32": {
            "x": 0.5391126520332733,
            "y": 0.5214800091444829
          },
          "33": {
            "x": 0.5671408979082622,
            "y": 0.5246869284698232
          },
          "34": {
            "x": 0.5907341372788418,
            "y": 0.5270365525299736
          },
          "35": {
            "x": 0.6101349581585778,
            "y": 0.5270365525299736
          },
          "36": {
            "x": 0.6295357790383135,
            "y": 0.5207338447470028
          },
          "37": {
            "x": 0.6470580978642887,
            "y": 0.5207338447470028
          },
          "38": {
            "x": 0.6731891810690884,
            "y": 0.5207338447470028
          },
          "39": {
            "x": 0.7110702324181079,
            "y": 0.5145819574273522
          },
          "40": {
            "x": 0.7336993399399029,
            "y": 0.5145819574273522
          },
          "41": {
            "x": 0.7569753488312052,
            "y": 0.5145819574273522
          },
          "42": {
            "x": 0.7770666125187805,
            "y": 0.5145819574273522
          },
          "43": {
            "x": 0.8060776508589819,
            "y": 0.5145819574273522
          },
          "44": {
            "x": 0.8434299847425387,
            "y": 0.5172173465758992
          },
          "45": {
            "x": 0.8727458131510655,
            "y": 0.5241789016460069
          },
          "46": {
            "x": 0.8912073830039211,
            "y": 0.529870389656574
          },
          "47": {
            "x": 0.9094263648432113,
            "y": 0.533124936496647
          },
          "48": {
            "x": 0.9292563799007934,
            "y": 0.533124936496647
          },
          "49": {
            "x": 0.9469901857129532,
            "y": 0.5319024969518391
          },
          "50": {
            "x": 0.9639651264570377,
            "y": 0.5286241363543995
          },
          "51": {
            "x": 0.975229918574127,
            "y": 0.5269651112578745
          }
        },
        "instrument_type": "Cautery (Hook, Spatula)"
      }
    ],
    "3": [],
    "4": [
      {
        "instrument_polygon": {
          "0": {
            "x": 0.9990691035778365,
            "y": 0.07494365780367877
          },
          "1": {
            "x": 0.9849265732151865,
            "y": 0.08816130941540705
          },
          "2": {
            "x": 0.9692733508035503,
            "y": 0.0970537015115644
          },
          "3": {
            "x": 0.9545231989156622,
            "y": 0.10618796667273724
          },
          "4": {
            "x": 0.937376007983257,
            "y": 0.1165458249863413
          },
          "5": {
            "x": 0.9224084502285407,
            "y": 0.12529593880896014
          },
          "6": {
            "x": 0.9076750218688703,
            "y": 0.1350206588053178
          },
          "7": {
            "x": 0.8931868719230573,
            "y": 0.14486631533418323
          },
          "8": {
            "x": 0.8787210200148676,
            "y": 0.15513169276998728
          },
          "9": {
            "x": 0.8646509582744939,
            "y": 0.1672893712438536
          },
          "10": {
            "x": 0.847988749660398,
            "y": 0.17527118238936443
          },
          "11": {
            "x": 0.8334560036393381,
            "y": 0.1858993694226917
          },
          "12": {
            "x": 0.8189232576182784,
            "y": 0.19659869559278823
          },
          "13": {
            "x": 0.8037382939967337,
            "y": 0.20678581997814607
          },
          "14": {
            "x": 0.7893393362014144,
            "y": 0.21840995492624296
          },
          "15": {
            "x": 0.7742825862962044,
            "y": 0.23254530140229468
          },
          "16": {
            "x": 0.7598167343880149,
            "y": 0.2478046462393007
          },
          "17": {
            "x": 0.744029723750638,
            "y": 0.2633129780549991
          },
          "18": {
            "x": 0.7314313324934095,
            "y": 0.2772989323438354
          },
          "19": {
            "x": 0.7149363591614891,
            "y": 0.2941873634128574
          },
          "20": {
            "x": 0.700002248463208,
            "y": 0.3100940743944637
          },
          "21": {
            "x": 0.684371324089195,
            "y": 0.3280567064287015
          },
          "22": {
            "x": 0.6693312977122027,
            "y": 0.3393180317792752
          },