{
  "labels": {
    "0": [
      {
        "instrument_polygon": {
          "0": {
            "x": 0.070833,
            "y": 0.108333
          },
          "1": {
            "x": 0.066667,
            "y": 0.1125
          },
          "2": {
            "x": 0.063889,
            "y": 0.122917
          },
          "3": {
            "x": 0.055556,
            "y": 0.139583
          },
          "4": {
            "x": 0.055556,
            "y": 0.14375
          },
          "5": {
            "x": 0.05,
            "y": 0.160417
          },
          "6": {
            "x": 0.047222,
            "y": 0.164583
          },
          "7": {
            "x": 0.038889,
            "y": 0.189583
          },
          "8": {
            "x": 0.0375,
            "y": 0.202083
          },
          "9": {
            "x": 0.033333,
            "y": 0.2125
          },
          "10": {
            "x": 0.033333,
            "y": 0.216667
          },
          "11": {
            "x": 0.029167,
            "y": 0.225
          },
          "12": {
            "x": 0.023611,
            "y": 0.25
          },
          "13": {
            "x": 0.023611,
            "y": 0.25625
          },
          "14": {
            "x": 0.020833,
            "y": 0.2625
          },
          "15": {
            "x": 0.019444,
            "y": 0.279167
          },
          "16": {
            "x": 0.016667,
            "y": 0.285417
          },
          "17": {
            "x": 0.015278,
            "y": 0.3125
          },
          "18": {
            "x": 0.016667,
            "y": 0.316667
          },
          "19": {
            "x": 0.022222,
            "y": 0.31875
          },
          "20": {
            "x": 0.023611,
            "y": 0.320833
          },
          "21": {
            "x": 0.029167,
            "y": 0.320833
          },
          "22": {
            "x": 0.038889,
            "y": 0.329167
          },
          "23": {
            "x": 0.045833,
            "y": 0.33125
          },
          "24": {
            "x": 0.047222,
            "y": 0.333333
          },
          "25": {
            "x": 0.051389,
            "y": 0.333333
          },
          "26": {
            "x": 0.056944,
            "y": 0.3375
          },
          "27": {
            "x": 0.061111,
            "y": 0.3375
          },
          "28": {
            "x": 0.0625,
            "y": 0.339583
          },
          "29": {
            "x": 0.065278,
            "y": 0.339583
          },
          "30": {
            "x": 0.075,
            "y": 0.347917
          },
          "31": {
            "x": 0.081944,
            "y": 0.35
          },
          "32": {
            "x": 0.083333,
            "y": 0.352083
          },
          "33": {
            "x": 0.0875,
            "y": 0.352083
          },
          "34": {
            "x": 0.093056,
            "y": 0.35625
          },
          "35": {
            "x": 0.095833,
            "y": 0.35625
          },
          "36": {
            "x": 0.1,
            "y": 0.360417
          },
          "37": {
            "x": 0.111111,
            "y": 0.364583
          },
          "38": {
            "x": 0.1125,
            "y": 0.366667
          },
          "39": {
            "x": 0.115278,
            "y": 0.366667
          },
          "40": {
            "x": 0.120833,
            "y": 0.370833
          },
          "41": {
            "x": 0.126389,
            "y": 0.370833
          },
          "42": {
            "x": 0.134722,
            "y": 0.377083
          },
          "43": {
            "x": 0.138889,
            "y": 0.377083
          },
          "44": {
            "x": 0.140278,
            "y": 0.379167
          },
          "45": {
            "x": 0.15,
            "y": 0.38125
          },
          "46": {
            "x": 0.151389,
            "y": 0.383333
          },
          "47": {
            "x": 0.161111,
            "y": 0.383333
          },
          "48": {
            "x": 0.1625,
            "y": 0.385417
          },
          "49": {
            "x": 0.173611,
            "y": 0.385417
          },
          "50": {
            "x": 0.176389,
            "y": 0.389583
          },
          "51": {
            "x": 0.179167,
            "y": 0.389583
          },
          "52": {
            "x": 0.180556,
            "y": 0.391667
          },
          "53": {
            "x": 0.186111,
            "y": 0.391667
          },
          "54": {
            "x": 0.1875,
            "y": 0.39375
          },
          "55": {
            "x": 0.193056,
            "y": 0.39375
          },
          "56": {
            "x": 0.198611,
            "y": 0.397917
          },
          "57": {
            "x": 0.204167,
            "y": 0.397917
          },
          "58": {
            "x": 0.205556,
            "y": 0.4
          },
          "59": {
            "x": 0.209722,
            "y": 0.4
          },
          "60": {
            "x": 0.211111,
            "y": 0.402083
          },
          "61": {
            "x": 0.213889,
            "y": 0.402083
          },
          "62": {
            "x": 0.219444,
            "y": 0.408333
          },
          "63": {
            "x": 0.226389,
            "y": 0.410417
          },
          "64": {
            "x": 0.227778,
            "y": 0.4125
          },
          "65": {
            "x": 0.2375,
            "y": 0.4125
          },
          "66": {
            "x": 0.238889,
            "y": 0.410417
          },
          "67": {
            "x": 0.244444,
            "y": 0.410417
          },
          "68": {
            "x": 0.245833,
            "y": 0.408333
          },
          "69": {
            "x": 0.255556,
            "y": 0.408333
          },
          "70": {
            "x": 0.256944,
            "y": 0.410417
          },
          "71": {
            "x": 0.2625,
            "y": 0.410417
          },
          "72": {
            "x": 0.263889,
            "y": 0.4125
          },
          "73": {
            "x": 0.270833,
            "y": 0.4125
          },
          "74": {
            "x": 0.272222,
            "y": 0.414583
          },
          "75": {
            "x": 0.275,
            "y": 0.414583
          },
          "76": {
            "x": 0.276389,
            "y": 0.416667
          },
          "77": {
            "x": 0.281944,
            "y": 0.416667
          },
          "78": {
            "x": 0.283333,
            "y": 0.41875
          },
          "79": {
            "x": 0.290278,
            "y": 0.41875
          },
          "80": {
            "x": 0.291667,
            "y": 0.420833
          },
          "81": {
            "x": 0.3,
            "y": 0.420833
          },
          "82": {
            "x": 0.308333,
            "y": 0.427083
          },
          "83": {
            "x": 0.3125,
            "y": 0.427083
          },
          "84": {
            "x": 0.313889,
            "y": 0.429167
          },
          "85": {
            "x": 0.316667,
            "y": 0.429167
          },
          "86": {
            "x": 0.325,
            "y": 0.435417
          },
          "87": {
            "x": 0.331944,
            "y": 0.435417
          },
          "88": {
            "x": 0.338889,
            "y": 0.441667
          },
          "89": {
            "x": 0.35,
            "y": 0.445833
          },
          "90": {
            "x": 0.354167,
            "y": 0.45
          },
          "91": {
            "x": 0.3625,
            "y": 0.45
          },
          "92": {
            "x": 0.363889,
            "y": 0.452083
          },
          "93": {
            "x": 0.370833,
            "y": 0.452083
          },
          "94": {
            "x": 0.372222,
            "y": 0.454167
          },
          "95": {
            "x": 0.376389,