{
  "labels": {
    "124": [
      {
        "instrument_polygon": {
          "0": {
            "x": 0.174855,
            "y": 0
          },
          "1": {
            "x": 0.171965,
            "y": 0.004167
          },
          "10": {
            "x": 0.219653,
            "y": 0.072917
          },
          "11": {
            "x": 0.219653,
            "y": 0.077083
          },
          "12": {
            "x": 0.223988,
            "y": 0.085417
          },
          "13": {
            "x": 0.225434,
            "y": 0.085417
          },
          "14": {
            "x": 0.235549,
            "y": 0.1
          },
          "15": {
            "x": 0.236994,
            "y": 0.1
          },
          "16": {
            "x": 0.24422,
            "y": 0.110417
          },
          "17": {
            "x": 0.245665,
            "y": 0.110417
          },
          "18": {
            "x": 0.277457,
            "y": 0.152083
          },
          "19": {
            "x": 0.278902,
            "y": 0.152083
          },
          "2": {
            "x": 0.176301,
            "y": 0.00625
          },
          "20": {
            "x": 0.286127,
            "y": 0.1625
          },
          "21": {
            "x": 0.287572,
            "y": 0.1625
          },
          "22": {
            "x": 0.297688,
            "y": 0.177083
          },
          "23": {
            "x": 0.304913,
            "y": 0.183333
          },
          "24": {
            "x": 0.33237,
            "y": 0.21875
          },
          "25": {
            "x": 0.333815,
            "y": 0.21875
          },
          "26": {
            "x": 0.336705,
            "y": 0.222917
          },
          "27": {
            "x": 0.339595,
            "y": 0.222917
          },
          "28": {
            "x": 0.354046,
            "y": 0.233333
          },
          "29": {
            "x": 0.362717,
            "y": 0.245833
          },
          "3": {
            "x": 0.186416,
            "y": 0.020833
          },
          "30": {
            "x": 0.372832,
            "y": 0.254167
          },
          "31": {
            "x": 0.380058,
            "y": 0.2625
          },
          "32": {
            "x": 0.384393,
            "y": 0.264583
          },
          "33": {
            "x": 0.387283,
            "y": 0.26875
          },
          "34": {
            "x": 0.401734,
            "y": 0.279167
          },
          "35": {
            "x": 0.404624,
            "y": 0.279167
          },
          "36": {
            "x": 0.407514,
            "y": 0.283333
          },
          "37": {
            "x": 0.41185,
            "y": 0.283333
          },
          "38": {
            "x": 0.416185,
            "y": 0.2875
          },
          "39": {
            "x": 0.42341,
            "y": 0.2875
          },
          "4": {
            "x": 0.187861,
            "y": 0.020833
          },
          "40": {
            "x": 0.430636,
            "y": 0.297917
          },
          "41": {
            "x": 0.430636,
            "y": 0.3
          },
          "42": {
            "x": 0.436416,
            "y": 0.30625
          },
          "43": {
            "x": 0.437861,
            "y": 0.310417
          },
          "44": {
            "x": 0.440751,
            "y": 0.310417
          },
          "45": {
            "x": 0.445087,
            "y": 0.304167
          },
          "46": {
            "x": 0.446532,
            "y": 0.304167
          },
          "47": {
            "x": 0.446532,
            "y": 0.3
          },
          "48": {
            "x": 0.452312,
            "y": 0.283333
          },
          "49": {
            "x": 0.452312,
            "y": 0.252083
          },
          "5": {
            "x": 0.190751,
            "y": 0.027083
          },
          "50": {
            "x": 0.450867,
            "y": 0.25
          },
          "51": {
            "x": 0.449422,
            "y": 0.23125
          },
          "52": {
            "x": 0.442197,
            "y": 0.216667
          },
          "53": {
            "x": 0.440751,
            "y": 0.216667
          },
          "54": {
            "x": 0.437861,
            "y": 0.2125
          },
          "55": {
            "x": 0.432081,
            "y": 0.197917
          },
          "56": {
            "x": 0.427746,
            "y": 0.189583
          },
          "57": {
            "x": 0.426301,
            "y": 0.189583
          },
          "58": {
            "x": 0.42341,
            "y": 0.185417
          },
          "59": {
            "x": 0.419075,
            "y": 0.175
          },
          "6": {
            "x": 0.196532,
            "y": 0.033333
          },
          "60": {
            "x": 0.398844,
            "y": 0.147917
          },
          "61": {
            "x": 0.397399,
            "y": 0.147917
          },
          "62": {
            "x": 0.381503,
            "y": 0.125
          },
          "63": {
            "x": 0.380058,
            "y": 0.125
          },
          "64": {
            "x": 0.377168,
            "y": 0.11875
          },
          "65": {
            "x": 0.374277,
            "y": 0.116667
          },
          "66": {
            "x": 0.374277,
            "y": 0.114583
          },
          "67": {
            "x": 0.342486,
            "y": 0.066667
          },
          "68": {
            "x": 0.33815,
            "y": 0.05625
          },
          "69": {
            "x": 0.317919,
            "y": 0.029167
          },
          "7": {
            "x": 0.203757,
            "y": 0.047917
          },
          "70": {
            "x": 0.317919,
            "y": 0.027083
          },
          "71": {
            "x": 0.316474,
            "y": 0.027083
          },
          "72": {
            "x": 0.304913,
            "y": 0.008333
          },
          "73": {
            "x": 0.303468,
            "y": 0.008333
          },
          "74": {
            "x": 0.300578,
            "y": 0.004167
          },
          "75": {
            "x": 0.297688,
            "y": 0.004167
          },
          "76": {
            "x": 0.291908,
            "y": 0
          },
          "77": {
            "x": 0.231214,
            "y": 0
          },
          "78": {
            "x": 0.229769,
            "y": 0.002083
          },
          "79": {
            "x": 0.225434,
            "y": 0.002083
          },
          "8": {
            "x": 0.215318,
            "y": 0.0625
          },
          "80": {
            "x": 0.222543,
            "y": 0
          },
          "81": {
            "x": 0.219653,
            "y": 0.002083
          },
          "82": {
            "x": 0.218208,
            "y": 0
          },
          "9": {
            "x": 0.216763,
            "y": 0.06875
          }
        },
        "instrument_type": "Grasper"
      },
      {
        "is_tti": 1,
        "interaction_type": "Retract and grab",
        "interaction_tool": "Grasper",
        "tti_polygon": {
          "0": {
            "x": 0.34286322849666667,
            "y": 0.2503200895445468
          },
          "1": {
            "x": 0.3415645774925069,
            "y": 0.21697742865425498
          },
          "10": {
            "x": 0.4208311627087756,
            "y": 0.08787967854151904
          },
          "11": {
            "x": 0.43673265551508683,
            "y": 0.11331572505314694
          },
          "12": {
            "x": 0.4513459703092074,
            "y": 0.14648726889132255
          },
          "13": {
            "x": 0.46389261468810594,
            "y": 0.18065531791535144
          },
          "14": {
            "x": 0.47619488925439374,
            "y": 0.212221381176319
          },
          "15": {
            "x": 0.4825938873474714,
            "y": 0.24476381820524382
          },