{
  "labels": {
    "82": [
      {
        "is_tti": 0,
        "non_interaction_tool": "Bipolar",
        "tti_polygon": {
          "0": {
            "x": 0.954545,
            "y": 0.278826
          },
          "1": {
            "x": 0.951178,
            "y": 0.283019
          },
          "2": {
            "x": 0.951178,
            "y": 0.289308
          },
          "3": {
            "x": 0.947811,
            "y": 0.291405
          },
          "4": {
            "x": 0.947811,
            "y": 0.295597
          },
          "5": {
            "x": 0.951178,
            "y": 0.297694
          },
          "6": {
            "x": 0.939394,
            "y": 0.30608
          },
          "7": {
            "x": 0.930976,
            "y": 0.308176
          },
          "8": {
            "x": 0.93266,
            "y": 0.314465
          },
          "9": {
            "x": 0.924242,
            "y": 0.322851
          },
          "10": {
            "x": 0.920875,
            "y": 0.324948
          },
          "11": {
            "x": 0.917508,
            "y": 0.324948
          },
          "12": {
            "x": 0.924242,
            "y": 0.32914
          },
          "13": {
            "x": 0.912458,
            "y": 0.339623
          },
          "14": {
            "x": 0.910774,
            "y": 0.339623
          },
          "15": {
            "x": 0.910774,
            "y": 0.345912
          },
          "16": {
            "x": 0.909091,
            "y": 0.348008
          },
          "17": {
            "x": 0.905724,
            "y": 0.348008
          },
          "18": {
            "x": 0.90404,
            "y": 0.345912
          },
          "19": {
            "x": 0.89899,
            "y": 0.352201
          },
          "20": {
            "x": 0.895623,
            "y": 0.352201
          },
          "21": {
            "x": 0.892256,
            "y": 0.356394
          },
          "22": {
            "x": 0.888889,
            "y": 0.356394
          },
          "23": {
            "x": 0.885522,
            "y": 0.360587
          },
          "24": {
            "x": 0.880471,
            "y": 0.362683
          },
          "25": {
            "x": 0.873737,
            "y": 0.371069
          },
          "26": {
            "x": 0.867003,
            "y": 0.375262
          },
          "27": {
            "x": 0.860269,
            "y": 0.383648
          },
          "28": {
            "x": 0.858586,
            "y": 0.383648
          },
          "29": {
            "x": 0.846801,
            "y": 0.400419
          },
          "30": {
            "x": 0.845118,
            "y": 0.400419
          },
          "31": {
            "x": 0.843434,
            "y": 0.406709
          },
          "32": {
            "x": 0.8367,
            "y": 0.417191
          },
          "33": {
            "x": 0.835017,
            "y": 0.425577
          },
          "34": {
            "x": 0.828283,
            "y": 0.433962
          },
          "35": {
            "x": 0.828283,
            "y": 0.438155
          },
          "36": {
            "x": 0.823232,
            "y": 0.444444
          },
          "37": {
            "x": 0.821549,
            "y": 0.444444
          },
          "38": {
            "x": 0.818182,
            "y": 0.448637
          },
          "39": {
            "x": 0.814815,
            "y": 0.448637
          },
          "40": {
            "x": 0.808081,
            "y": 0.45283
          },
          "41": {
            "x": 0.804714,
            "y": 0.457023
          },
          "42": {
            "x": 0.801347,
            "y": 0.457023
          },
          "43": {
            "x": 0.791246,
            "y": 0.467505
          },
          "44": {
            "x": 0.786195,
            "y": 0.469602
          },
          "45": {
            "x": 0.786195,
            "y": 0.471698
          },
          "46": {
            "x": 0.781145,
            "y": 0.475891
          },
          "47": {
            "x": 0.772727,
            "y": 0.492662
          },
          "48": {
            "x": 0.76431,
            "y": 0.496855
          },
          "49": {
            "x": 0.755892,
            "y": 0.505241
          },
          "50": {
            "x": 0.750842,
            "y": 0.507338
          },
          "51": {
            "x": 0.739057,
            "y": 0.519916
          },
          "52": {
            "x": 0.728956,
            "y": 0.526205
          },
          "53": {
            "x": 0.723906,
            "y": 0.534591
          },
          "54": {
            "x": 0.708754,
            "y": 0.545073
          },
          "55": {
            "x": 0.703704,
            "y": 0.545073
          },
          "56": {
            "x": 0.700337,
            "y": 0.553459
          },
          "57": {
            "x": 0.698653,
            "y": 0.553459
          },
          "58": {
            "x": 0.688552,
            "y": 0.563941
          },
          "59": {
            "x": 0.688552,
            "y": 0.589099
          },
          "60": {
            "x": 0.691919,
            "y": 0.593291
          },
          "61": {
            "x": 0.695286,
            "y": 0.595388
          },
          "62": {
            "x": 0.698653,
            "y": 0.595388
          },
          "63": {
            "x": 0.700337,
            "y": 0.593291
          },
          "64": {
            "x": 0.70202,
            "y": 0.595388
          },
          "65": {
            "x": 0.715488,
            "y": 0.595388
          },
          "66": {
            "x": 0.717172,
            "y": 0.593291
          },
          "67": {
            "x": 0.727273,
            "y": 0.593291
          },
          "68": {
            "x": 0.728956,
            "y": 0.591195
          },
          "69": {
            "x": 0.732323,
            "y": 0.591195
          },
          "70": {
            "x": 0.737374,
            "y": 0.584906
          },
          "71": {
            "x": 0.740741,
            "y": 0.584906
          },
          "72": {
            "x": 0.747475,
            "y": 0.57652
          },
          "73": {
            "x": 0.747475,
            "y": 0.572327
          },
          "74": {
            "x": 0.750842,
            "y": 0.568134
          },
          "75": {
            "x": 0.754209,
            "y": 0.568134
          },
          "76": {
            "x": 0.760943,
            "y": 0.559748
          },
          "77": {
            "x": 0.765993,
            "y": 0.557652
          },
          "78": {
            "x": 0.774411,
            "y": 0.549266
          },
          "79": {
            "x": 0.777778,
            "y": 0.549266
          },
          "80": {
            "x": 0.789562,
            "y": 0.538784
          },
          "81": {
            "x": 0.801347,
            "y": 0.532495
          },
          "82": {
            "x": 0.808081,
            "y": 0.524109
          },
          "83": {
            "x": 0.813131,
            "y": 0.522013
          },
          "84": {
            "x": 0.821549,
            "y": 0.51153
          },
          "85": {
            "x": 0.829966,
            "y": 0.51153
          },
          "86": {
            "x": 0.838384,
            "y": 0.503145
          },
          "87": {
            "x": 0.868687,
            "y": 0.503145
          },
          "88": {
            "x": 0.87037,
            "y": 0.501048
          },
          "89": {
            "x": 0.882155,
            "y": 0.501048
          },
          "90": {
            "x": 0.883838,
            "y": 0.503145
          },
          "91": {
            "x": 0.885522,
            "y": 0.501048
          },
          "92": {
            "x": 0.89899,
            "y": 0.501048
          },
          "93": {
            "x": 0.912458,
            "y": 0.490566
          },