{
  "labels": {
    "124": [
      {
        "instrument_polygon": {
          "0": {
            "x": 0.67284,
            "y": 0.002092
          },
          "1": {
            "x": 0.671296,
            "y": 0.004184
          },
          "2": {
            "x": 0.665123,
            "y": 0.004184
          },
          "3": {
            "x": 0.662037,
            "y": 0.01046
          },
          "4": {
            "x": 0.658951,
            "y": 0.014644
          },
          "5": {
            "x": 0.657407,
            "y": 0.014644
          },
          "6": {
            "x": 0.654321,
            "y": 0.023013
          },
          "7": {
            "x": 0.641975,
            "y": 0.037657
          },
          "8": {
            "x": 0.634259,
            "y": 0.052301
          },
          "9": {
            "x": 0.625,
            "y": 0.062762
          },
          "10": {
            "x": 0.625,
            "y": 0.064854
          },
          "11": {
            "x": 0.587963,
            "y": 0.115063
          },
          "12": {
            "x": 0.584877,
            "y": 0.117155
          },
          "13": {
            "x": 0.58179,
            "y": 0.123431
          },
          "14": {
            "x": 0.580247,
            "y": 0.123431
          },
          "15": {
            "x": 0.574074,
            "y": 0.131799
          },
          "16": {
            "x": 0.569444,
            "y": 0.133891
          },
          "17": {
            "x": 0.567901,
            "y": 0.138075
          },
          "18": {
            "x": 0.563272,
            "y": 0.140167
          },
          "19": {
            "x": 0.552469,
            "y": 0.15272
          },
          "20": {
            "x": 0.530864,
            "y": 0.167364
          },
          "21": {
            "x": 0.527778,
            "y": 0.171548
          },
          "22": {
            "x": 0.524691,
            "y": 0.171548
          },
          "23": {
            "x": 0.513889,
            "y": 0.186192
          },
          "24": {
            "x": 0.513889,
            "y": 0.196653
          },
          "25": {
            "x": 0.512346,
            "y": 0.198745
          },
          "26": {
            "x": 0.509259,
            "y": 0.198745
          },
          "27": {
            "x": 0.507716,
            "y": 0.196653
          },
          "28": {
            "x": 0.5,
            "y": 0.196653
          },
          "29": {
            "x": 0.493827,
            "y": 0.190377
          },
          "30": {
            "x": 0.493827,
            "y": 0.192469
          },
          "31": {
            "x": 0.489198,
            "y": 0.196653
          },
          "32": {
            "x": 0.487654,
            "y": 0.200837
          },
          "33": {
            "x": 0.484568,
            "y": 0.213389
          },
          "34": {
            "x": 0.484568,
            "y": 0.225941
          },
          "35": {
            "x": 0.490741,
            "y": 0.230126
          },
          "36": {
            "x": 0.493827,
            "y": 0.23431
          },
          "37": {
            "x": 0.496914,
            "y": 0.236402
          },
          "38": {
            "x": 0.503086,
            "y": 0.236402
          },
          "39": {
            "x": 0.50463,
            "y": 0.23431
          },
          "40": {
            "x": 0.506173,
            "y": 0.236402
          },
          "41": {
            "x": 0.512346,
            "y": 0.236402
          },
          "42": {
            "x": 0.513889,
            "y": 0.232218
          },
          "43": {
            "x": 0.516975,
            "y": 0.228033
          },
          "44": {
            "x": 0.518519,
            "y": 0.228033
          },
          "45": {
            "x": 0.521605,
            "y": 0.23431
          },
          "46": {
            "x": 0.529321,
            "y": 0.23431
          },
          "47": {
            "x": 0.532407,
            "y": 0.238494
          },
          "48": {
            "x": 0.546296,
            "y": 0.238494
          },
          "49": {
            "x": 0.54784,
            "y": 0.236402
          },
          "50": {
            "x": 0.558642,
            "y": 0.23431
          },
          "51": {
            "x": 0.560185,
            "y": 0.232218
          },
          "52": {
            "x": 0.564815,
            "y": 0.232218
          },
          "53": {
            "x": 0.566358,
            "y": 0.230126
          },
          "54": {
            "x": 0.57716,
            "y": 0.228033
          },
          "55": {
            "x": 0.578704,
            "y": 0.225941
          },
          "56": {
            "x": 0.592593,
            "y": 0.223849
          },
          "57": {
            "x": 0.595679,
            "y": 0.219665
          },
          "58": {
            "x": 0.597222,
            "y": 0.221757
          },
          "59": {
            "x": 0.604938,
            "y": 0.221757
          },
          "60": {
            "x": 0.606481,
            "y": 0.219665
          },
          "61": {
            "x": 0.658951,
            "y": 0.219665
          },
          "62": {
            "x": 0.660494,
            "y": 0.217573
          },
          "63": {
            "x": 0.67284,
            "y": 0.217573
          },
          "64": {
            "x": 0.674383,
            "y": 0.215481
          },
          "65": {
            "x": 0.679012,
            "y": 0.215481
          },
          "66": {
            "x": 0.680556,
            "y": 0.213389
          },
          "67": {
            "x": 0.685185,
            "y": 0.213389
          },
          "68": {
            "x": 0.691358,
            "y": 0.209205
          },
          "69": {
            "x": 0.695988,
            "y": 0.209205
          },
          "70": {
            "x": 0.697531,
            "y": 0.207113
          },
          "71": {
            "x": 0.700617,
            "y": 0.207113
          },
          "72": {
            "x": 0.705247,
            "y": 0.202929
          },
          "73": {
            "x": 0.709877,
            "y": 0.202929
          },
          "74": {
            "x": 0.716049,
            "y": 0.198745
          },
          "75": {
            "x": 0.720679,
            "y": 0.198745
          },
          "76": {
            "x": 0.725309,
            "y": 0.194561
          },
          "77": {
            "x": 0.733025,
            "y": 0.192469
          },
          "78": {
            "x": 0.737654,
            "y": 0.188285
          },
          "79": {
            "x": 0.742284,
            "y": 0.188285
          },
          "80": {
            "x": 0.743827,
            "y": 0.186192
          },
          "81": {
            "x": 0.75463,
            "y": 0.186192
          },
          "82": {
            "x": 0.759259,
            "y": 0.182008
          },
          "83": {
            "x": 0.763889,
            "y": 0.182008
          },
          "84": {
            "x": 0.770062,
            "y": 0.177824
          },
          "85": {
            "x": 0.776235,
            "y": 0.177824
          },
          "86": {
            "x": 0.782407,
            "y": 0.171548
          },
          "87": {
            "x": 0.796296,
            "y": 0.169456
          },
          "88": {
            "x": 0.802469,
            "y": 0.165272
          },
          "89": {
            "x": 0.807099,
            "y": 0.165272
          },
          "90": {
            "x": 0.813272,
            "y": 0.161088
          },
          "91": {
            "x": 0.816358,
            "y": 0.161088
          },
          "92": {
            "x": 0.817901,
            "y": 0.158996
          },
          "93": {
            "x": 0.822531,
            "y": 0.158996
          },
          "94": {
            "x": 0.824074,