{
  "labels": {
    "0": [
      {
        "is_tti": 0,
        "non_interaction_tool": "Cautery (Hook, Spatula)",
        "instrument_polygon": {
          "0": {
            "x": 0.590674,
            "y": 0.475
          },
          "1": {
            "x": 0.589378,
            "y": 0.477083
          },
          "2": {
            "x": 0.586788,
            "y": 0.477083
          },
          "3": {
            "x": 0.582902,
            "y": 0.483333
          },
          "4": {
            "x": 0.581606,
            "y": 0.489583
          },
          "5": {
            "x": 0.589378,
            "y": 0.510417
          },
          "6": {
            "x": 0.589378,
            "y": 0.51875
          },
          "7": {
            "x": 0.588083,
            "y": 0.520833
          },
          "8": {
            "x": 0.59456,
            "y": 0.535417
          },
          "9": {
            "x": 0.595855,
            "y": 0.55625
          },
          "10": {
            "x": 0.601036,
            "y": 0.575
          },
          "11": {
            "x": 0.599741,
            "y": 0.583333
          },
          "12": {
            "x": 0.602332,
            "y": 0.6
          },
          "13": {
            "x": 0.602332,
            "y": 0.61875
          },
          "14": {
            "x": 0.610104,
            "y": 0.64375
          },
          "15": {
            "x": 0.619171,
            "y": 0.65
          },
          "16": {
            "x": 0.625648,
            "y": 0.660417
          },
          "17": {
            "x": 0.629534,
            "y": 0.6625
          },
          "18": {
            "x": 0.637306,
            "y": 0.675
          },
          "19": {
            "x": 0.646373,
            "y": 0.683333
          },
          "20": {
            "x": 0.673575,
            "y": 0.722917
          },
          "21": {
            "x": 0.683938,
            "y": 0.73125
          },
          "22": {
            "x": 0.689119,
            "y": 0.739583
          },
          "23": {
            "x": 0.700777,
            "y": 0.747917
          },
          "24": {
            "x": 0.703368,
            "y": 0.752083
          },
          "25": {
            "x": 0.71114,
            "y": 0.758333
          },
          "26": {
            "x": 0.713731,
            "y": 0.758333
          },
          "27": {
            "x": 0.720207,
            "y": 0.76875
          },
          "28": {
            "x": 0.729275,
            "y": 0.775
          },
          "29": {
            "x": 0.731865,
            "y": 0.78125
          },
          "30": {
            "x": 0.739637,
            "y": 0.789583
          },
          "31": {
            "x": 0.743523,
            "y": 0.791667
          },
          "32": {
            "x": 0.748705,
            "y": 0.8
          },
          "33": {
            "x": 0.772021,
            "y": 0.822917
          },
          "34": {
            "x": 0.775907,
            "y": 0.829167
          },
          "35": {
            "x": 0.779793,
            "y": 0.83125
          },
          "36": {
            "x": 0.796632,
            "y": 0.85
          },
          "37": {
            "x": 0.806995,
            "y": 0.858333
          },
          "38": {
            "x": 0.813472,
            "y": 0.86875
          },
          "39": {
            "x": 0.830311,
            "y": 0.885417
          },
          "40": {
            "x": 0.836788,
            "y": 0.895833
          },
          "41": {
            "x": 0.841969,
            "y": 0.897917
          },
          "42": {
            "x": 0.851036,
            "y": 0.910417
          },
          "43": {
            "x": 0.860104,
            "y": 0.916667
          },
          "44": {
            "x": 0.862694,
            "y": 0.922917
          },
          "45": {
            "x": 0.870466,
            "y": 0.929167
          },
          "46": {
            "x": 0.876943,
            "y": 0.939583
          },
          "47": {
            "x": 0.88601,
            "y": 0.945833
          },
          "48": {
            "x": 0.889896,
            "y": 0.945833
          },
          "49": {
            "x": 0.891192,
            "y": 0.947917
          },
          "50": {
            "x": 0.893782,
            "y": 0.947917
          },
          "51": {
            "x": 0.895078,
            "y": 0.945833
          },
          "52": {
            "x": 0.90285,
            "y": 0.945833
          },
          "53": {
            "x": 0.90544,
            "y": 0.95
          },
          "54": {
            "x": 0.901554,
            "y": 0.954167
          },
          "55": {
            "x": 0.911917,
            "y": 0.9625
          },
          "56": {
            "x": 0.918394,
            "y": 0.9625
          },
          "57": {
            "x": 0.923575,
            "y": 0.95625
          },
          "58": {
            "x": 0.923575,
            "y": 0.952083
          },
          "59": {
            "x": 0.931347,
            "y": 0.933333
          },
          "60": {
            "x": 0.936528,
            "y": 0.925
          },
          "61": {
            "x": 0.940415,
            "y": 0.910417
          },
          "62": {
            "x": 0.948187,
            "y": 0.891667
          },
          "63": {
            "x": 0.948187,
            "y": 0.8875
          },
          "64": {
            "x": 0.954663,
            "y": 0.872917
          },
          "65": {
            "x": 0.957254,
            "y": 0.858333
          },
          "66": {
            "x": 0.96114,
            "y": 0.847917
          },
          "67": {
            "x": 0.962435,
            "y": 0.835417
          },
          "68": {
            "x": 0.971503,
            "y": 0.802083
          },
          "69": {
            "x": 0.974093,
            "y": 0.783333
          },
          "70": {
            "x": 0.976684,
            "y": 0.777083
          },
          "71": {
            "x": 0.977979,
            "y": 0.7625
          },
          "72": {
            "x": 0.983161,
            "y": 0.741667
          },
          "73": {
            "x": 0.983161,
            "y": 0.735417
          },
          "74": {
            "x": 0.988342,
            "y": 0.710417
          },
          "75": {
            "x": 0.989637,
            "y": 0.691667
          },
          "76": {
            "x": 0.984456,
            "y": 0.689583
          },
          "77": {
            "x": 0.983161,
            "y": 0.6875
          },
          "78": {
            "x": 0.979275,
            "y": 0.6875
          },
          "79": {
            "x": 0.974093,
            "y": 0.683333
          },
          "80": {
            "x": 0.971503,
            "y": 0.683333
          },
          "81": {
            "x": 0.965026,
            "y": 0.677083
          },
          "82": {
            "x": 0.958549,
            "y": 0.675
          },
          "83": {
            "x": 0.953368,
            "y": 0.66875
          },
          "84": {
            "x": 0.94171,
            "y": 0.666667
          },
          "85": {
            "x": 0.936528,
            "y": 0.6625
          },
          "86": {
            "x": 0.927461,
            "y": 0.660417
          },
          "87": {
            "x": 0.926166,
            "y": 0.658333
          },
          "88": {
            "x": 0.918394,
            "y": 0.658333
          },
          "89": {
            "x": 0.917098,
            "y": 0.65625
          },
          "90": {
            "x": 0.913212,
            "y": 0.65625
          },
          "91": {
            "x": 0.911917,
            "y": 0.654167
          },
          "92": {
            "x": 0.901554,
            "y": 0.654167
          },
          "93": {
            "x": 0.900259,
            "y": 0.652083
          },