{
  "labels": {
    "19": [
      {
        "is_tti": 0,
        "non_interaction_tool": "Cautery (Hook, Spatula)",
        "instrument_polygon": {
          "0": {
            "x": 0.991765,
            "y": 0.314583
          },
          "1": {
            "x": 0.990588,
            "y": 0.316667
          },
          "2": {
            "x": 0.984706,
            "y": 0.31875
          },
          "3": {
            "x": 0.971765,
            "y": 0.33125
          },
          "4": {
            "x": 0.969412,
            "y": 0.33125
          },
          "5": {
            "x": 0.967059,
            "y": 0.335417
          },
          "6": {
            "x": 0.955294,
            "y": 0.345833
          },
          "7": {
            "x": 0.952941,
            "y": 0.345833
          },
          "8": {
            "x": 0.951765,
            "y": 0.347917
          },
          "9": {
            "x": 0.945882,
            "y": 0.35
          },
          "10": {
            "x": 0.941176,
            "y": 0.354167
          },
          "11": {
            "x": 0.936471,
            "y": 0.354167
          },
          "12": {
            "x": 0.935294,
            "y": 0.35625
          },
          "13": {
            "x": 0.925882,
            "y": 0.360417
          },
          "14": {
            "x": 0.924706,
            "y": 0.3625
          },
          "15": {
            "x": 0.92,
            "y": 0.3625
          },
          "16": {
            "x": 0.918824,
            "y": 0.364583
          },
          "17": {
            "x": 0.914118,
            "y": 0.364583
          },
          "18": {
            "x": 0.909412,
            "y": 0.36875
          },
          "19": {
            "x": 0.905882,
            "y": 0.36875
          },
          "20": {
            "x": 0.901176,
            "y": 0.372917
          },
          "21": {
            "x": 0.9,
            "y": 0.377083
          },
          "22": {
            "x": 0.892941,
            "y": 0.370833
          },
          "23": {
            "x": 0.889412,
            "y": 0.364583
          },
          "24": {
            "x": 0.887059,
            "y": 0.354167
          },
          "25": {
            "x": 0.876471,
            "y": 0.329167
          },
          "26": {
            "x": 0.871765,
            "y": 0.322917
          },
          "27": {
            "x": 0.864706,
            "y": 0.322917
          },
          "28": {
            "x": 0.861176,
            "y": 0.33125
          },
          "29": {
            "x": 0.863529,
            "y": 0.339583
          },
          "30": {
            "x": 0.863529,
            "y": 0.347917
          },
          "31": {
            "x": 0.871765,
            "y": 0.360417
          },
          "32": {
            "x": 0.877647,
            "y": 0.375
          },
          "33": {
            "x": 0.882353,
            "y": 0.379167
          },
          "34": {
            "x": 0.885882,
            "y": 0.3875
          },
          "35": {
            "x": 0.894118,
            "y": 0.395833
          },
          "36": {
            "x": 0.908235,
            "y": 0.416667
          },
          "37": {
            "x": 0.949412,
            "y": 0.416667
          },
          "38": {
            "x": 0.950588,
            "y": 0.414583
          },
          "39": {
            "x": 0.967059,
            "y": 0.414583
          },
          "40": {
            "x": 0.968235,
            "y": 0.4125
          },
          "41": {
            "x": 0.978824,
            "y": 0.4125
          },
          "42": {
            "x": 0.98,
            "y": 0.410417
          },
          "43": {
            "x": 0.985882,
            "y": 0.410417
          },
          "44": {
            "x": 0.987059,
            "y": 0.408333
          },
          "45": {
            "x": 0.994118,
            "y": 0.408333
          },
          "46": {
            "x": 0.995294,
            "y": 0.40625
          },
          "47": {
            "x": 0.998824,
            "y": 0.40625
          },
          "48": {
            "x": 0.998824,
            "y": 0.314583
          }
        }
      }
    ],
    "63": [
      {
        "instrument_polygon": {
          "0": {
            "x": 0.992941,
            "y": 0.345833
          },
          "1": {
            "x": 0.991765,
            "y": 0.347917
          },
          "2": {
            "x": 0.987059,
            "y": 0.347917
          },
          "3": {
            "x": 0.985882,
            "y": 0.35
          },
          "4": {
            "x": 0.976471,
            "y": 0.35
          },
          "5": {
            "x": 0.975294,
            "y": 0.352083
          },
          "6": {
            "x": 0.968235,
            "y": 0.352083
          },
          "7": {
            "x": 0.967059,
            "y": 0.354167
          },
          "8": {
            "x": 0.956471,
            "y": 0.354167
          },
          "9": {
            "x": 0.955294,
            "y": 0.35625
          },
          "10": {
            "x": 0.945882,
            "y": 0.35625
          },
          "11": {
            "x": 0.944706,
            "y": 0.358333
          },
          "12": {
            "x": 0.937647,
            "y": 0.358333
          },
          "13": {
            "x": 0.936471,
            "y": 0.360417
          },
          "14": {
            "x": 0.934118,
            "y": 0.360417
          },
          "15": {
            "x": 0.932941,
            "y": 0.3625
          },
          "16": {
            "x": 0.930588,
            "y": 0.3625
          },
          "17": {
            "x": 0.929412,
            "y": 0.364583
          },
          "18": {
            "x": 0.922353,
            "y": 0.366667
          },
          "19": {
            "x": 0.918824,
            "y": 0.370833
          },
          "20": {
            "x": 0.916471,
            "y": 0.370833
          },
          "21": {
            "x": 0.905882,
            "y": 0.38125
          },
          "22": {
            "x": 0.882353,
            "y": 0.410417
          },
          "23": {
            "x": 0.870588,
            "y": 0.420833
          },
          "24": {
            "x": 0.864706,
            "y": 0.429167
          },
          "25": {
            "x": 0.854118,
            "y": 0.4375
          },
          "26": {
            "x": 0.851765,
            "y": 0.441667
          },
          "27": {
            "x": 0.843529,
            "y": 0.447917
          },
          "28": {
            "x": 0.834118,
            "y": 0.460417
          },
          "29": {
            "x": 0.823529,
            "y": 0.46875
          },
          "30": {
            "x": 0.82,
            "y": 0.475
          },
          "31": {
            "x": 0.812941,
            "y": 0.48125
          },
          "32": {
            "x": 0.805882,
            "y": 0.483333
          },
          "33": {
            "x": 0.802353,
            "y": 0.4875
          },
          "34": {
            "x": 0.796471,
            "y": 0.4875
          },
          "35": {
            "x": 0.795294,
            "y": 0.489583
          },
          "36": {
            "x": 0.790588,
            "y": 0.489583
          },
          "37": {
            "x": 0.789412,
            "y": 0.491667
          },
          "38": {
            "x": 0.783529,
            "y": 0.491667
          },
          "39": {
            "x": 0.778824,
            "y": 0.495833
          },
          "40": {
            "x": 0.774118,
            "y": 0.4875
          },
          "41": {
            "x": 0.768235,
            "y": 0.46875
          },
          "42": {
            "x": 0.767059,
            "y": 0.454167
          },
          "43": {
            "x": 0.764706,
            "y": 0.45
          },
          "44": {
            "x": 0.763529,