{
  "labels": {
    "0": [
      {
        "instrument_polygon": {
          "0": {
            "x": 0.4431952139410142,
            "y": 0.1811657441393507
          },
          "1": {
            "x": 0.44209222554380123,
            "y": 0.2368421052631579
          },
          "2": {
            "x": 0.45201928942395936,
            "y": 0.26642019596240896
          },
          "3": {
            "x": 0.4818003969118134,
            "y": 0.24206178589663646
          },
          "4": {
            "x": 0.5248176176240852,
            "y": 0.11157026784530981
          },
          "5": {
            "x": 0.5755558412694686,
            "y": 0
          },
          "6": {
            "x": 0.46304934170133055,
            "y": 0.001957372770769913
          },
          "7": {
            "x": 0.46966735623722916,
            "y": 0.10113093976406183
          },
          "8": {
            "x": 0.4619463533041176,
            "y": 0.15854719443236193
          }
        },
        "instrument_type": "Cautery (Hook, Spatula)"
      },
      {
        "is_tti": 1,
        "interaction_type": "Energy - sharp dissection",
        "interaction_tool": "Cautery (Hook, Spatula)",
        "tti_polygon": {
          "0": {
            "x": 0.35381975639634095,
            "y": 0.27824267782426776
          },
          "1": {
            "x": 0.3560578682718781,
            "y": 0.27511963049916405
          },
          "2": {
            "x": 0.37922096122383353,
            "y": 0.20726404774961601
          },
          "3": {
            "x": 0.39797201643431646,
            "y": 0.17072641605810274
          },
          "4": {
            "x": 0.43878326035216214,
            "y": 0.17594606350587214
          },
          "5": {
            "x": 0.43106217326643004,
            "y": 0.2194432361896477
          },
          "6": {
            "x": 0.44757964739650247,
            "y": 0.27615062761506276
          },
          "7": {
            "x": 0.36074270557029176,
            "y": 0.27615062761506276
          },
          "8": {
            "x": 0.3594164456233422,
            "y": 0.27824267782426776
          },
          "9": {
            "x": 0.35381975639634095,
            "y": 0.27824267782426776
          }
        }
      }
    ],
    "124": [
      {
        "instrument_polygon": {
          "0": {
            "x": 0.42995918486921697,
            "y": 0.41953023053501526
          },
          "1": {
            "x": 0.4398862487493752,
            "y": 0.45432796868203573
          },
          "10": {
            "x": 0.48621243465328606,
            "y": 0.285558958580412
          },
          "11": {
            "x": 0.47959442011738745,
            "y": 0.34993475424097437
          },
          "12": {
            "x": 0.45863730395985797,
            "y": 0.41779037017623155
          },
          "2": {
            "x": 0.47849143172017433,
            "y": 0.48042627229230106
          },
          "3": {
            "x": 0.49613949853344413,
            "y": 0.4247498779827847
          },
          "4": {
            "x": 0.597615945824211,
            "y": 0.2577207614256538
          },
          "5": {
            "x": 0.6957834279233388,
            "y": 0.06807311175438881
          },
          "6": {
            "x": 0.7321826340997121,
            "y": 0.007177069997103033
          },
          "7": {
            "x": 0.5259206060212982,
            "y": 0.001957372770769913
          },
          "8": {
            "x": 0.49503651013623123,
            "y": 0.06633318502418682
          },
          "9": {
            "x": 0.49834547532787016,
            "y": 0.1811657441393507
          }
        },
        "instrument_type": "Cautery (Hook, Spatula)"
      },
      {
        "is_tti": 1,
        "interaction_type": "Energy - sharp dissection",
        "interaction_tool": "Cautery (Hook, Spatula)",
        "tti_polygon": {
          "0": {
            "x": 0.3753315649867374,
            "y": 0.41422594142259417
          },
          "1": {
            "x": 0.376657824933687,
            "y": 0.4121338912133891
          },
          "10": {
            "x": 0.38992042440318303,
            "y": 0.38702928870292885
          },
          "100": {
            "x": 0.40185676392572944,
            "y": 0.4707112970711297
          },
          "101": {
            "x": 0.3978779840848806,
            "y": 0.4707112970711297
          },
          "102": {
            "x": 0.39655172413793105,
            "y": 0.4686192468619247
          },
          "103": {
            "x": 0.39389920424403185,
            "y": 0.4686192468619247
          },
          "104": {
            "x": 0.3925729442970822,
            "y": 0.4665271966527197
          },
          "105": {
            "x": 0.3912466843501326,
            "y": 0.4665271966527197
          },
          "106": {
            "x": 0.38992042440318303,
            "y": 0.46443514644351463
          },
          "107": {
            "x": 0.3885941644562334,
            "y": 0.46443514644351463
          },
          "108": {
            "x": 0.38726790450928383,
            "y": 0.46234309623430964
          },
          "109": {
            "x": 0.3859416445623342,
            "y": 0.46234309623430964
          },
          "11": {
            "x": 0.3912466843501326,
            "y": 0.38493723849372385
          },
          "110": {
            "x": 0.3793103448275862,
            "y": 0.45188284518828453
          },
          "111": {
            "x": 0.3793103448275862,
            "y": 0.4497907949790795
          },
          "112": {
            "x": 0.3779840848806366,
            "y": 0.4476987447698745
          },
          "113": {
            "x": 0.3779840848806366,
            "y": 0.4456066945606695
          },
          "114": {
            "x": 0.376657824933687,
            "y": 0.4435146443514644
          },
          "115": {
            "x": 0.376657824933687,
            "y": 0.4393305439330544
          },
          "116": {
            "x": 0.3753315649867374,
            "y": 0.4372384937238494
          },
          "117": {
            "x": 0.3753315649867374,
            "y": 0.41422594142259417
          },
          "12": {
            "x": 0.3925729442970822,
            "y": 0.38493723849372385
          },
          "13": {
            "x": 0.39389920424403185,
            "y": 0.38284518828451886
          },
          "14": {
            "x": 0.3978779840848806,
            "y": 0.38284518828451886
          },
          "15": {
            "x": 0.39920424403183025,
            "y": 0.3807531380753138
          },
          "16": {
            "x": 0.40981432360742703,
            "y": 0.3807531380753138
          },
          "17": {
            "x": 0.41114058355437666,
            "y": 0.38284518828451886
          },
          "18": {
            "x": 0.4151193633952255,
            "y": 0.38284518828451886
          },
          "19": {
            "x": 0.41644562334217505,
            "y": 0.38493723849372385
          },
          "2": {
            "x": 0.376657824933687,
            "y": 0.40794979079497906
          },
          "20": {
            "x": 0.41909814323607425,
            "y": 0.38493723849372385
          },
          "21": {
            "x": 0.4204244031830239,
            "y": 0.38702928870292885
          },
          "22": {
            "x": 0.4230769230769231,
            "y": 0.38702928870292885
          },
          "23": {
            "x": 0.4244031830238727,
            "y": 0.3891213389121339
          },
          "24": {
            "x": 0.42838196286472147,
            "y": 0.3891213389121339
          },
          "25": {
            "x": 0.4297082228116711,
            "y": 0.3912133891213389
          },
          "26": {
            "x": 0.4350132625994695,
            "y": 0.3912133891213389
          },
          "27": {
            "x": 0.4363395225464191,