{
  "labels": {
    "58": [
      {
        "is_tti": 0,
        "non_interaction_tool": "Cautery (Hook, Spatula)",
        "tti_polygon": {
          "0": {
            "x": 0.947802,
            "y": 0.225941
          },
          "1": {
            "x": 0.940934,
            "y": 0.23431
          },
          "2": {
            "x": 0.931319,
            "y": 0.240586
          },
          "3": {
            "x": 0.925824,
            "y": 0.248954
          },
          "4": {
            "x": 0.884615,
            "y": 0.288703
          },
          "5": {
            "x": 0.872253,
            "y": 0.303347
          },
          "6": {
            "x": 0.868132,
            "y": 0.305439
          },
          "7": {
            "x": 0.854396,
            "y": 0.320084
          },
          "8": {
            "x": 0.850275,
            "y": 0.322176
          },
          "9": {
            "x": 0.84478,
            "y": 0.330544
          },
          "10": {
            "x": 0.836538,
            "y": 0.338912
          },
          "11": {
            "x": 0.809066,
            "y": 0.359833
          },
          "12": {
            "x": 0.802198,
            "y": 0.361925
          },
          "13": {
            "x": 0.800824,
            "y": 0.364017
          },
          "14": {
            "x": 0.796703,
            "y": 0.364017
          },
          "15": {
            "x": 0.791209,
            "y": 0.368201
          },
          "16": {
            "x": 0.788462,
            "y": 0.368201
          },
          "17": {
            "x": 0.787088,
            "y": 0.370293
          },
          "18": {
            "x": 0.782967,
            "y": 0.370293
          },
          "19": {
            "x": 0.778846,
            "y": 0.374477
          },
          "20": {
            "x": 0.773352,
            "y": 0.374477
          },
          "21": {
            "x": 0.76511,
            "y": 0.384937
          },
          "22": {
            "x": 0.762363,
            "y": 0.391213
          },
          "23": {
            "x": 0.756868,
            "y": 0.395397
          },
          "24": {
            "x": 0.747253,
            "y": 0.395397
          },
          "25": {
            "x": 0.743132,
            "y": 0.391213
          },
          "26": {
            "x": 0.740385,
            "y": 0.393305
          },
          "27": {
            "x": 0.737637,
            "y": 0.391213
          },
          "28": {
            "x": 0.733516,
            "y": 0.391213
          },
          "29": {
            "x": 0.730769,
            "y": 0.393305
          },
          "30": {
            "x": 0.729396,
            "y": 0.391213
          },
          "31": {
            "x": 0.711538,
            "y": 0.391213
          },
          "32": {
            "x": 0.710165,
            "y": 0.395397
          },
          "33": {
            "x": 0.712912,
            "y": 0.399582
          },
          "34": {
            "x": 0.715659,
            "y": 0.401674
          },
          "35": {
            "x": 0.71978,
            "y": 0.401674
          },
          "36": {
            "x": 0.723901,
            "y": 0.405858
          },
          "37": {
            "x": 0.732143,
            "y": 0.405858
          },
          "38": {
            "x": 0.73489,
            "y": 0.410042
          },
          "39": {
            "x": 0.741758,
            "y": 0.412134
          },
          "40": {
            "x": 0.743132,
            "y": 0.414226
          },
          "41": {
            "x": 0.760989,
            "y": 0.414226
          },
          "42": {
            "x": 0.776099,
            "y": 0.42887
          },
          "43": {
            "x": 0.799451,
            "y": 0.42887
          },
          "44": {
            "x": 0.800824,
            "y": 0.426778
          },
          "45": {
            "x": 0.81044,
            "y": 0.426778
          },
          "46": {
            "x": 0.811813,
            "y": 0.424686
          },
          "47": {
            "x": 0.824176,
            "y": 0.424686
          },
          "48": {
            "x": 0.825549,
            "y": 0.422594
          },
          "49": {
            "x": 0.843407,
            "y": 0.422594
          },
          "50": {
            "x": 0.84478,
            "y": 0.424686
          },
          "51": {
            "x": 0.875,
            "y": 0.424686
          },
          "52": {
            "x": 0.876374,
            "y": 0.426778
          },
          "53": {
            "x": 0.884615,
            "y": 0.426778
          },
          "54": {
            "x": 0.885989,
            "y": 0.424686
          },
          "55": {
            "x": 0.903846,
            "y": 0.424686
          },
          "56": {
            "x": 0.90522,
            "y": 0.422594
          },
          "57": {
            "x": 0.913462,
            "y": 0.422594
          },
          "58": {
            "x": 0.914835,
            "y": 0.420502
          },
          "59": {
            "x": 0.92033,
            "y": 0.420502
          },
          "60": {
            "x": 0.921703,
            "y": 0.41841
          },
          "61": {
            "x": 0.925824,
            "y": 0.41841
          },
          "62": {
            "x": 0.927198,
            "y": 0.416318
          },
          "63": {
            "x": 0.936813,
            "y": 0.416318
          },
          "64": {
            "x": 0.938187,
            "y": 0.414226
          },
          "65": {
            "x": 0.945055,
            "y": 0.414226
          },
          "66": {
            "x": 0.946429,
            "y": 0.412134
          },
          "67": {
            "x": 0.953297,
            "y": 0.412134
          },
          "68": {
            "x": 0.95467,
            "y": 0.410042
          },
          "69": {
            "x": 0.961538,
            "y": 0.410042
          },
          "70": {
            "x": 0.962912,
            "y": 0.40795
          },
          "71": {
            "x": 0.978022,
            "y": 0.405858
          },
          "72": {
            "x": 0.979396,
            "y": 0.403766
          },
          "73": {
            "x": 0.983516,
            "y": 0.403766
          },
          "74": {
            "x": 0.98489,
            "y": 0.401674
          },
          "75": {
            "x": 0.987637,
            "y": 0.401674
          },
          "76": {
            "x": 0.989011,
            "y": 0.399582
          },
          "77": {
            "x": 0.989011,
            "y": 0.387029
          },
          "78": {
            "x": 0.986264,
            "y": 0.378661
          },
          "79": {
            "x": 0.979396,
            "y": 0.332636
          },
          "80": {
            "x": 0.961538,
            "y": 0.257322
          },
          "81": {
            "x": 0.950549,
            "y": 0.225941
          }
        }
      }
    ]
  }
}