{
  "labels": {
    "34": [
      {
        "instrument_polygon": {
          "0": {
            "x": 0.816716,
            "y": 0.546025
          },
          "1": {
            "x": 0.815249,
            "y": 0.548117
          },
          "2": {
            "x": 0.806452,
            "y": 0.548117
          },
          "3": {
            "x": 0.804985,
            "y": 0.550209
          },
          "4": {
            "x": 0.79912,
            "y": 0.550209
          },
          "5": {
            "x": 0.797654,
            "y": 0.552301
          },
          "6": {
            "x": 0.790323,
            "y": 0.552301
          },
          "7": {
            "x": 0.788856,
            "y": 0.554393
          },
          "8": {
            "x": 0.778592,
            "y": 0.556485
          },
          "9": {
            "x": 0.777126,
            "y": 0.558577
          },
          "10": {
            "x": 0.771261,
            "y": 0.558577
          },
          "11": {
            "x": 0.769795,
            "y": 0.560669
          },
          "12": {
            "x": 0.750733,
            "y": 0.560669
          },
          "13": {
            "x": 0.749267,
            "y": 0.562762
          },
          "14": {
            "x": 0.711144,
            "y": 0.562762
          },
          "15": {
            "x": 0.709677,
            "y": 0.560669
          },
          "16": {
            "x": 0.70088,
            "y": 0.560669
          },
          "17": {
            "x": 0.699413,
            "y": 0.558577
          },
          "18": {
            "x": 0.687683,
            "y": 0.558577
          },
          "19": {
            "x": 0.681818,
            "y": 0.562762
          },
          "20": {
            "x": 0.678886,
            "y": 0.562762
          },
          "21": {
            "x": 0.673021,
            "y": 0.57113
          },
          "22": {
            "x": 0.668622,
            "y": 0.585774
          },
          "23": {
            "x": 0.668622,
            "y": 0.600418
          },
          "24": {
            "x": 0.670088,
            "y": 0.606695
          },
          "25": {
            "x": 0.671554,
            "y": 0.610879
          },
          "26": {
            "x": 0.681818,
            "y": 0.623431
          },
          "27": {
            "x": 0.687683,
            "y": 0.625523
          },
          "28": {
            "x": 0.690616,
            "y": 0.629707
          },
          "29": {
            "x": 0.70088,
            "y": 0.635983
          },
          "30": {
            "x": 0.703812,
            "y": 0.640167
          },
          "31": {
            "x": 0.706745,
            "y": 0.640167
          },
          "32": {
            "x": 0.709677,
            "y": 0.644351
          },
          "33": {
            "x": 0.717009,
            "y": 0.648536
          },
          "34": {
            "x": 0.739003,
            "y": 0.677824
          },
          "35": {
            "x": 0.740469,
            "y": 0.677824
          },
          "36": {
            "x": 0.746334,
            "y": 0.686192
          },
          "37": {
            "x": 0.747801,
            "y": 0.686192
          },
          "38": {
            "x": 0.752199,
            "y": 0.694561
          },
          "39": {
            "x": 0.753666,
            "y": 0.694561
          },
          "40": {
            "x": 0.772727,
            "y": 0.721757
          },
          "41": {
            "x": 0.772727,
            "y": 0.723849
          },
          "42": {
            "x": 0.774194,
            "y": 0.723849
          },
          "43": {
            "x": 0.794721,
            "y": 0.753138
          },
          "44": {
            "x": 0.794721,
            "y": 0.75523
          },
          "45": {
            "x": 0.796188,
            "y": 0.75523
          },
          "46": {
            "x": 0.803519,
            "y": 0.76569
          },
          "47": {
            "x": 0.803519,
            "y": 0.767782
          },
          "48": {
            "x": 0.81085,
            "y": 0.776151
          },
          "49": {
            "x": 0.81085,
            "y": 0.778243
          },
          "50": {
            "x": 0.828446,
            "y": 0.805439
          },
          "51": {
            "x": 0.829912,
            "y": 0.811715
          },
          "52": {
            "x": 0.832845,
            "y": 0.8159
          },
          "53": {
            "x": 0.83871,
            "y": 0.820084
          },
          "54": {
            "x": 0.843109,
            "y": 0.82636
          },
          "55": {
            "x": 0.846041,
            "y": 0.82636
          },
          "56": {
            "x": 0.869501,
            "y": 0.845188
          },
          "57": {
            "x": 0.872434,
            "y": 0.845188
          },
          "58": {
            "x": 0.8739,
            "y": 0.849372
          },
          "59": {
            "x": 0.875367,
            "y": 0.849372
          },
          "60": {
            "x": 0.882698,
            "y": 0.857741
          },
          "61": {
            "x": 0.898827,
            "y": 0.868201
          },
          "62": {
            "x": 0.90176,
            "y": 0.872385
          },
          "63": {
            "x": 0.904692,
            "y": 0.872385
          },
          "64": {
            "x": 0.906158,
            "y": 0.874477
          },
          "65": {
            "x": 0.912023,
            "y": 0.876569
          },
          "66": {
            "x": 0.919355,
            "y": 0.884937
          },
          "67": {
            "x": 0.919355,
            "y": 0.887029
          },
          "68": {
            "x": 0.922287,
            "y": 0.889121
          },
          "69": {
            "x": 0.926686,
            "y": 0.889121
          },
          "70": {
            "x": 0.939883,
            "y": 0.861925
          },
          "71": {
            "x": 0.939883,
            "y": 0.857741
          },
          "72": {
            "x": 0.942815,
            "y": 0.853556
          },
          "73": {
            "x": 0.951613,
            "y": 0.82636
          },
          "74": {
            "x": 0.954545,
            "y": 0.822176
          },
          "75": {
            "x": 0.956012,
            "y": 0.811715
          },
          "76": {
            "x": 0.970674,
            "y": 0.767782
          },
          "77": {
            "x": 0.970674,
            "y": 0.761506
          },
          "78": {
            "x": 0.980938,
            "y": 0.721757
          },
          "79": {
            "x": 0.980938,
            "y": 0.715481
          },
          "80": {
            "x": 0.986804,
            "y": 0.690377
          },
          "81": {
            "x": 0.992669,
            "y": 0.640167
          },
          "82": {
            "x": 0.995601,
            "y": 0.627615
          },
          "83": {
            "x": 0.995601,
            "y": 0.615063
          },
          "84": {
            "x": 0.998534,
            "y": 0.606695
          },
          "85": {
            "x": 0.972141,
            "y": 0.587866
          },
          "86": {
            "x": 0.960411,
            "y": 0.583682
          },
          "87": {
            "x": 0.945748,
            "y": 0.573222
          },
          "88": {
            "x": 0.939883,
            "y": 0.573222
          },
          "89": {
            "x": 0.938416,
            "y": 0.57113
          },
          "90": {
            "x": 0.926686,
            "y": 0.57113
          },
          "91": {
            "x": 0.92522,
            "y": 0.569038
          },
          "92": {
            "x": 0.903226,
            "y": 0.569038
          },
          "93": {
            "x": 0.897361,
            "y": 0.564854
          },
          "94": {
            "x": 0.891496,