{
  "labels": {
    "0": [
      {
        "instrument_polygon": {
          "0": {
            "x": 0.41385135135135137,
            "y": 0.09375
          },
          "1": {
            "x": 0.4155405405405405,
            "y": 0.09166666666666666
          },
          "2": {
            "x": 0.4155405405405405,
            "y": 0.08958333333333333
          },
          "3": {
            "x": 0.4172297297297297,
            "y": 0.0875
          },
          "4": {
            "x": 0.4189189189189189,
            "y": 0.0875
          },
          "5": {
            "x": 0.4206081081081081,
            "y": 0.08541666666666667
          },
          "6": {
            "x": 0.4206081081081081,
            "y": 0.08333333333333333
          },
          "7": {
            "x": 0.43074324324324326,
            "y": 0.07083333333333333
          },
          "8": {
            "x": 0.43243243243243246,
            "y": 0.07083333333333333
          },
          "9": {
            "x": 0.4341216216216216,
            "y": 0.06875
          },
          "10": {
            "x": 0.4358108108108108,
            "y": 0.06666666666666667
          },
          "11": {
            "x": 0.4358108108108108,
            "y": 0.06458333333333334
          },
          "12": {
            "x": 0.44256756756756754,
            "y": 0.05625
          },
          "13": {
            "x": 0.44256756756756754,
            "y": 0.05416666666666667
          },
          "14": {
            "x": 0.44763513513513514,
            "y": 0.04791666666666667
          },
          "15": {
            "x": 0.44763513513513514,
            "y": 0.04583333333333333
          },
          "16": {
            "x": 0.4543918918918919,
            "y": 0.0375
          },
          "17": {
            "x": 0.4543918918918919,
            "y": 0.035416666666666666
          },
          "18": {
            "x": 0.4560810810810811,
            "y": 0.03333333333333333
          },
          "19": {
            "x": 0.4577702702702703,
            "y": 0.03333333333333333
          },
          "20": {
            "x": 0.46452702702702703,
            "y": 0.025
          },
          "21": {
            "x": 0.46452702702702703,
            "y": 0.022916666666666665
          },
          "22": {
            "x": 0.46621621621621623,
            "y": 0.020833333333333332
          },
          "23": {
            "x": 0.46790540540540543,
            "y": 0.020833333333333332
          },
          "24": {
            "x": 0.46959459459459457,
            "y": 0.01875
          },
          "25": {
            "x": 0.46959459459459457,
            "y": 0.016666666666666666
          },
          "26": {
            "x": 0.47128378378378377,
            "y": 0.016666666666666666
          },
          "27": {
            "x": 0.47297297297297297,
            "y": 0.014583333333333334
          },
          "28": {
            "x": 0.47297297297297297,
            "y": 0.0125
          },
          "29": {
            "x": 0.47466216216216217,
            "y": 0.010416666666666666
          },
          "30": {
            "x": 0.47635135135135137,
            "y": 0.010416666666666666
          },
          "31": {
            "x": 0.4797297297297297,
            "y": 0.00625
          },
          "32": {
            "x": 0.49324324324324326,
            "y": 0.00625
          },
          "33": {
            "x": 0.4966216216216216,
            "y": 0.010416666666666666
          },
          "34": {
            "x": 0.4983108108108108,
            "y": 0.010416666666666666
          },
          "35": {
            "x": 0.5050675675675675,
            "y": 0.01875
          },
          "36": {
            "x": 0.5050675675675675,
            "y": 0.020833333333333332
          },
          "37": {
            "x": 0.5067567567567568,
            "y": 0.022916666666666665
          },
          "38": {
            "x": 0.5067567567567568,
            "y": 0.025
          },
          "39": {
            "x": 0.5084459459459459,
            "y": 0.027083333333333334
          },
          "40": {
            "x": 0.5084459459459459,
            "y": 0.035416666666666666
          },
          "41": {
            "x": 0.50732,
            "y": 0.03680533333333339
          },
          "42": {
            "x": 0.508446,
            "y": 0.039583
          },
          "43": {
            "x": 0.506757,
            "y": 0.04375
          },
          "44": {
            "x": 0.501689,
            "y": 0.05
          },
          "45": {
            "x": 0.49493232433859474,
            "y": 0.054166799982399816
          },
          "46": {
            "x": 0.4949315136535969,
            "y": 0.05416779982723053
          },
          "47": {
            "x": 0.489865,
            "y": 0.0625
          },
          "48": {
            "x": 0.488176,
            "y": 0.0625
          },
          "49": {
            "x": 0.4864864864864865,
            "y": 0.06423652316430883
          },
          "50": {
            "x": 0.4864864864864865,
            "y": 0.06458333333333334
          },
          "51": {
            "x": 0.478041,
            "y": 0.07499943333333335
          },
          "52": {
            "x": 0.478041,
            "y": 0.075
          },
          "53": {
            "x": 0.47128378378378377,
            "y": 0.08333373702914257
          },
          "54": {
            "x": 0.47128378378378377,
            "y": 0.08541666666666667
          },
          "55": {
            "x": 0.46959459459459457,
            "y": 0.0875
          },
          "56": {
            "x": 0.46959459459459457,
            "y": 0.08958333333333333
          },
          "57": {
            "x": 0.46621621621621623,
            "y": 0.09375
          },
          "58": {
            "x": 0.46452702702702703,
            "y": 0.09375
          },
          "59": {
            "x": 0.46283783783783783,
            "y": 0.09583333333333334
          },
          "60": {
            "x": 0.46283783783783783,
            "y": 0.09791666666666667
          },
          "61": {
            "x": 0.45777,
            "y": 0.104167
          },
          "62": {
            "x": 0.4510135135135135,
            "y": 0.1125
          },
          "63": {
            "x": 0.44932432432432434,
            "y": 0.1125
          },
          "64": {
            "x": 0.44594594594594594,
            "y": 0.11666666666666667
          },
          "65": {
            "x": 0.44256756756756754,
            "y": 0.11666666666666667
          },
          "66": {
            "x": 0.4408783783783784,
            "y": 0.11875
          },
          "67": {
            "x": 0.4391891891891892,
            "y": 0.11875
          },
          "68": {
            "x": 0.4375,
            "y": 0.12083333333333333
          },
          "69": {
            "x": 0.43074324324324326,
            "y": 0.12083333333333333
          },
          "70": {
            "x": 0.42905405405405406,
            "y": 0.11875
          },
          "71": {
            "x": 0.42736486486486486,
            "y": 0.11666666666666667
          },
          "72": {
            "x": 0.4222972972972973,
            "y": 0.11666666666666667
          },
          "73": {
            "x": 0.4206081081081081,
            "y": 0.11458333333333333
          },
          "74": {
            "x": 0.4189189189189189,
            "y": 0.11458333333333333
          },
          "75": {
            "x": 0.41385135135135137,
            "y": 0.10833333333333334
          },
          "76": {
            "x": 0.41385135135135137,
            "y": 0.09375
          }
        },
        "instrument_type": "Grasper"
      },
      {
        "is_tti": 1,
        "interaction_type": "Retract and grab",
        "interaction_tool": "Grasper",
        "tti_polygon": {
          "0": {
            "x": 0.38344594594594594,