{
  "labels": {
    "0": [
      {
        "instrument_polygon": {
          "0": {
            "x": 0.056402,
            "y": 0.445833
          },
          "1": {
            "x": 0.054878,
            "y": 0.447917
          },
          "2": {
            "x": 0.006098,
            "y": 0.447917
          },
          "3": {
            "x": 0.004573,
            "y": 0.45
          },
          "4": {
            "x": 0.004573,
            "y": 0.45625
          },
          "5": {
            "x": 0.003049,
            "y": 0.458333
          },
          "6": {
            "x": 0.003049,
            "y": 0.529167
          },
          "7": {
            "x": 0.001524,
            "y": 0.53125
          },
          "8": {
            "x": 0.003049,
            "y": 0.535417
          },
          "9": {
            "x": 0.001524,
            "y": 0.539583
          },
          "10": {
            "x": 0.003049,
            "y": 0.545833
          },
          "11": {
            "x": 0.001524,
            "y": 0.55
          },
          "12": {
            "x": 0.003049,
            "y": 0.552083
          },
          "13": {
            "x": 0.001524,
            "y": 0.554167
          },
          "14": {
            "x": 0.003049,
            "y": 0.55625
          },
          "15": {
            "x": 0.004573,
            "y": 0.6
          },
          "16": {
            "x": 0.006098,
            "y": 0.602083
          },
          "17": {
            "x": 0.006098,
            "y": 0.627083
          },
          "18": {
            "x": 0.015244,
            "y": 0.664583
          },
          "19": {
            "x": 0.03811,
            "y": 0.6625
          },
          "20": {
            "x": 0.039634,
            "y": 0.660417
          },
          "21": {
            "x": 0.04878,
            "y": 0.660417
          },
          "22": {
            "x": 0.050305,
            "y": 0.658333
          },
          "23": {
            "x": 0.067073,
            "y": 0.658333
          },
          "24": {
            "x": 0.068598,
            "y": 0.65625
          },
          "25": {
            "x": 0.080793,
            "y": 0.65625
          },
          "26": {
            "x": 0.083841,
            "y": 0.652083
          },
          "27": {
            "x": 0.089939,
            "y": 0.652083
          },
          "28": {
            "x": 0.091463,
            "y": 0.65
          },
          "29": {
            "x": 0.092988,
            "y": 0.652083
          },
          "30": {
            "x": 0.099085,
            "y": 0.652083
          },
          "31": {
            "x": 0.10061,
            "y": 0.65
          },
          "32": {
            "x": 0.126524,
            "y": 0.647917
          },
          "33": {
            "x": 0.128049,
            "y": 0.645833
          },
          "34": {
            "x": 0.135671,
            "y": 0.645833
          },
          "35": {
            "x": 0.137195,
            "y": 0.64375
          },
          "36": {
            "x": 0.152439,
            "y": 0.64375
          },
          "37": {
            "x": 0.153963,
            "y": 0.641667
          },
          "38": {
            "x": 0.155488,
            "y": 0.64375
          },
          "39": {
            "x": 0.16311,
            "y": 0.64375
          },
          "40": {
            "x": 0.164634,
            "y": 0.641667
          },
          "41": {
            "x": 0.172256,
            "y": 0.641667
          },
          "42": {
            "x": 0.178354,
            "y": 0.635417
          },
          "43": {
            "x": 0.190549,
            "y": 0.635417
          },
          "44": {
            "x": 0.192073,
            "y": 0.633333
          },
          "45": {
            "x": 0.196646,
            "y": 0.633333
          },
          "46": {
            "x": 0.199695,
            "y": 0.627083
          },
          "47": {
            "x": 0.195122,
            "y": 0.620833
          },
          "48": {
            "x": 0.195122,
            "y": 0.61875
          },
          "49": {
            "x": 0.189024,
            "y": 0.614583
          },
          "50": {
            "x": 0.189024,
            "y": 0.610417
          },
          "51": {
            "x": 0.184451,
            "y": 0.604167
          },
          "52": {
            "x": 0.184451,
            "y": 0.602083
          },
          "53": {
            "x": 0.189024,
            "y": 0.591667
          },
          "54": {
            "x": 0.204268,
            "y": 0.56875
          },
          "55": {
            "x": 0.207317,
            "y": 0.56875
          },
          "56": {
            "x": 0.213415,
            "y": 0.5625
          },
          "57": {
            "x": 0.216463,
            "y": 0.5625
          },
          "58": {
            "x": 0.221037,
            "y": 0.558333
          },
          "59": {
            "x": 0.228659,
            "y": 0.55625
          },
          "60": {
            "x": 0.230183,
            "y": 0.554167
          },
          "61": {
            "x": 0.23628,
            "y": 0.554167
          },
          "62": {
            "x": 0.242378,
            "y": 0.55
          },
          "63": {
            "x": 0.256098,
            "y": 0.55
          },
          "64": {
            "x": 0.257622,
            "y": 0.547917
          },
          "65": {
            "x": 0.262195,
            "y": 0.547917
          },
          "66": {
            "x": 0.26372,
            "y": 0.545833
          },
          "67": {
            "x": 0.268293,
            "y": 0.545833
          },
          "68": {
            "x": 0.277439,
            "y": 0.539583
          },
          "69": {
            "x": 0.28811,
            "y": 0.5375
          },
          "70": {
            "x": 0.289634,
            "y": 0.535417
          },
          "71": {
            "x": 0.295732,
            "y": 0.535417
          },
          "72": {
            "x": 0.307927,
            "y": 0.527083
          },
          "73": {
            "x": 0.306402,
            "y": 0.520833
          },
          "74": {
            "x": 0.303354,
            "y": 0.516667
          },
          "75": {
            "x": 0.3125,
            "y": 0.502083
          },
          "76": {
            "x": 0.309451,
            "y": 0.4875
          },
          "77": {
            "x": 0.301829,
            "y": 0.479167
          },
          "78": {
            "x": 0.297256,
            "y": 0.477083
          },
          "79": {
            "x": 0.294207,
            "y": 0.472917
          },
          "80": {
            "x": 0.28811,
            "y": 0.46875
          },
          "81": {
            "x": 0.280488,
            "y": 0.466667
          },
          "82": {
            "x": 0.275915,
            "y": 0.4625
          },
          "83": {
            "x": 0.265244,
            "y": 0.460417
          },
          "84": {
            "x": 0.256098,
            "y": 0.454167
          },
          "85": {
            "x": 0.248476,
            "y": 0.454167
          },
          "86": {
            "x": 0.246951,
            "y": 0.452083
          },
          "87": {
            "x": 0.240854,
            "y": 0.452083
          },
          "88": {
            "x": 0.239329,
            "y": 0.45
          },
          "89": {
            "x": 0.233232,
            "y": 0.45
          },
          "90": {
            "x": 0.231707,
            "y": 0.447917
          },
          "91": {
            "x": 0.221037,
            "y": 0.447917
          },
          "92": {
            "x": 0.219512,
            "y": 0.445833
          },
          "93": {
            "x": 0.217988,
            "y": 0.447917
          },
          "94": {
            "x": 0.213415,
            "y": 0.447917
          },