{
  "labels": {
    "8": [
      {
        "is_tti": 0,
        "non_interaction_tool": "Cautery (Hook, Spatula)",
        "instrument_polygon": {
          "0": {
            "x": 0.782958,
            "y": 0.22479
          },
          "1": {
            "x": 0.776527,
            "y": 0.231092
          },
          "2": {
            "x": 0.77492,
            "y": 0.239496
          },
          "3": {
            "x": 0.779743,
            "y": 0.252101
          },
          "4": {
            "x": 0.78135,
            "y": 0.252101
          },
          "5": {
            "x": 0.794212,
            "y": 0.268908
          },
          "6": {
            "x": 0.802251,
            "y": 0.27521
          },
          "7": {
            "x": 0.823151,
            "y": 0.30042
          },
          "8": {
            "x": 0.829582,
            "y": 0.304622
          },
          "9": {
            "x": 0.837621,
            "y": 0.313025
          },
          "10": {
            "x": 0.844051,
            "y": 0.315126
          },
          "11": {
            "x": 0.845659,
            "y": 0.317227
          },
          "12": {
            "x": 0.848875,
            "y": 0.317227
          },
          "13": {
            "x": 0.853698,
            "y": 0.321429
          },
          "14": {
            "x": 0.858521,
            "y": 0.321429
          },
          "15": {
            "x": 0.863344,
            "y": 0.32563
          },
          "16": {
            "x": 0.868167,
            "y": 0.32563
          },
          "17": {
            "x": 0.869775,
            "y": 0.327731
          },
          "18": {
            "x": 0.87299,
            "y": 0.327731
          },
          "19": {
            "x": 0.884244,
            "y": 0.340336
          },
          "20": {
            "x": 0.884244,
            "y": 0.342437
          },
          "21": {
            "x": 0.892283,
            "y": 0.348739
          },
          "22": {
            "x": 0.895498,
            "y": 0.348739
          },
          "23": {
            "x": 0.897106,
            "y": 0.35084
          },
          "24": {
            "x": 0.905145,
            "y": 0.35084
          },
          "25": {
            "x": 0.906752,
            "y": 0.352941
          },
          "26": {
            "x": 0.918006,
            "y": 0.352941
          },
          "27": {
            "x": 0.919614,
            "y": 0.35084
          },
          "28": {
            "x": 0.921222,
            "y": 0.352941
          },
          "29": {
            "x": 0.92926,
            "y": 0.352941
          },
          "30": {
            "x": 0.930868,
            "y": 0.35084
          },
          "31": {
            "x": 0.980707,
            "y": 0.35084
          },
          "32": {
            "x": 0.982315,
            "y": 0.348739
          },
          "33": {
            "x": 0.9791,
            "y": 0.319328
          },
          "34": {
            "x": 0.975884,
            "y": 0.308824
          },
          "35": {
            "x": 0.975884,
            "y": 0.302521
          },
          "36": {
            "x": 0.972669,
            "y": 0.294118
          },
          "37": {
            "x": 0.969453,
            "y": 0.271008
          },
          "38": {
            "x": 0.967846,
            "y": 0.268908
          },
          "39": {
            "x": 0.966238,
            "y": 0.258403
          },
          "40": {
            "x": 0.961415,
            "y": 0.247899
          },
          "41": {
            "x": 0.954984,
            "y": 0.247899
          },
          "42": {
            "x": 0.932476,
            "y": 0.262605
          },
          "43": {
            "x": 0.924437,
            "y": 0.262605
          },
          "44": {
            "x": 0.92283,
            "y": 0.264706
          },
          "45": {
            "x": 0.905145,
            "y": 0.264706
          },
          "46": {
            "x": 0.903537,
            "y": 0.266807
          },
          "47": {
            "x": 0.898714,
            "y": 0.266807
          },
          "48": {
            "x": 0.893891,
            "y": 0.271008
          },
          "49": {
            "x": 0.88746,
            "y": 0.273109
          },
          "50": {
            "x": 0.877814,
            "y": 0.285714
          },
          "51": {
            "x": 0.876206,
            "y": 0.289916
          },
          "52": {
            "x": 0.87299,
            "y": 0.289916
          },
          "53": {
            "x": 0.866559,
            "y": 0.285714
          },
          "54": {
            "x": 0.861736,
            "y": 0.285714
          },
          "55": {
            "x": 0.85209,
            "y": 0.279412
          },
          "56": {
            "x": 0.848875,
            "y": 0.27521
          },
          "57": {
            "x": 0.837621,
            "y": 0.268908
          },
          "58": {
            "x": 0.829582,
            "y": 0.260504
          },
          "59": {
            "x": 0.829582,
            "y": 0.258403
          },
          "60": {
            "x": 0.827974,
            "y": 0.258403
          },
          "61": {
            "x": 0.815113,
            "y": 0.243697
          },
          "62": {
            "x": 0.813505,
            "y": 0.243697
          },
          "63": {
            "x": 0.805466,
            "y": 0.233193
          },
          "64": {
            "x": 0.799035,
            "y": 0.228992
          },
          "65": {
            "x": 0.794212,
            "y": 0.228992
          },
          "66": {
            "x": 0.792605,
            "y": 0.226891
          },
          "67": {
            "x": 0.786174,
            "y": 0.226891
          },
          "68": {
            "x": 0.784566,
            "y": 0.22479
          }
        }
      }
    ]
  }
}