{
  "labels": {
    "86": [
      {
        "instrument_polygon": {
          "0": {
            "x": 0.8911512332430825,
            "y": 0.0014059633357522583
          },
          "1": {
            "x": 0.8876455911972528,
            "y": 0.008595338960384028
          },
          "2": {
            "x": 0.8854787484316186,
            "y": 0.01722812354621512
          },
          "3": {
            "x": 0.8833144852407052,
            "y": 0.02634050727570349
          },
          "4": {
            "x": 0.8803428151621211,
            "y": 0.03545289100519187
          },
          "5": {
            "x": 0.8780934260054151,
            "y": 0.044247079148984556
          },
          "6": {
            "x": 0.876197438585485,
            "y": 0.05423565362169296
          },
          "7": {
            "x": 0.8725112263091858,
            "y": 0.06494823834011478
          },
          "8": {
            "x": 0.8695524541042066,
            "y": 0.07282012043841267
          },
          "9": {
            "x": 0.8663047695304761,
            "y": 0.08145290502424375
          },
          "10": {
            "x": 0.862533431288384,
            "y": 0.08912649132276029
          },
          "11": {
            "x": 0.859554022485637,
            "y": 0.0968000776212768
          },
          "12": {
            "x": 0.8569925047876906,
            "y": 0.105151558863232
          },
          "13": {
            "x": 0.8541575521693191,
            "y": 0.1130234409615299
          },
          "14": {
            "x": 0.8510749603777322,
            "y": 0.12205281714692376
          },
          "15": {
            "x": 0.8463827139602457,
            "y": 0.12899317013927192
          },
          "16": {
            "x": 0.8428848106385788,
            "y": 0.13590585395025528
          },
          "17": {
            "x": 0.8395133064782407,
            "y": 0.1437777360485532
          },
          "18": {
            "x": 0.8365390568249357,
            "y": 0.15145132234706968
          },
          "19": {
            "x": 0.8339749595522684,
            "y": 0.1598028035890249
          },
          "20": {
            "x": 0.8308743107376345,
            "y": 0.1700726814056092
          },
          "21": {
            "x": 0.8280806313147989,
            "y": 0.1817444644113456
          },
          "22": {
            "x": 0.8251244386845407,
            "y": 0.19057554479695804
          },
          "23": {
            "x": 0.823102052103282,
            "y": 0.1998862243262278
          },
          "24": {
            "x": 0.8209377889123688,
            "y": 0.20919690385549755
          },
          "25": {
            "x": 0.8201252228752558,
            "y": 0.2187888867286432
          },
          "26": {
            "x": 0.8195835121838473,
            "y": 0.22857916540157025
          },
          "27": {
            "x": 0.8230710972066302,
            "y": 0.23625275170008675
          },
          "28": {
            "x": 0.8270952337713795,
            "y": 0.24248754056763144
          },
          "29": {
            "x": 0.828792593937793,
            "y": 0.2517613278550814
          },
          "30": {
            "x": 0.828792593937793,
            "y": 0.26135331072822704
          },
          "31": {
            "x": 0.828792593937793,
            "y": 0.2708622860572782
          },
          "32": {
            "x": 0.8258183442844879,
            "y": 0.27997466978676655
          },
          "33": {
            "x": 0.823109790827445,
            "y": 0.28860745437259766
          },
          "34": {
            "x": 0.8210925633956284,
            "y": 0.29743853475821014
          },
          "35": {
            "x": 0.8191965759756984,
            "y": 0.30703051763135575
          },
          "36": {
            "x": 0.8173031681304893,
            "y": 0.31614290136084416
          },
          "37": {
            "x": 0.8151956555834379,
            "y": 0.32609458359173277
          },
          "38": {
            "x": 0.812092427194083,
            "y": 0.33492566397734524
          },
          "39": {
            "x": 0.8089866192300073,
            "y": 0.3447159426502723
          },
          "40": {
            "x": 0.806425101532061,
            "y": 0.3547045171229807
          },
          "41": {
            "x": 0.8035901489136895,
            "y": 0.36353559750859316
          },
          "42": {
            "x": 0.800342464339959,
            "y": 0.3712091838071097
          },
          "43": {
            "x": 0.7969735397543419,
            "y": 0.3790810659054076
          },
          "44": {
            "x": 0.7942649862972991,
            "y": 0.3872342513475814
          },
          "45": {
            "x": 0.7916596158290959,
            "y": 0.39554884034771676
          },
          "46": {
            "x": 0.7893225211318761,
            "y": 0.4050209234349481
          },
          "47": {
            "x": 0.7855563420392261,
            "y": 0.41289280553324603
          },
          "48": {
            "x": 0.7828529477316252,
            "y": 0.42104599097541984
          },
          "49": {
            "x": 0.7806009790001981,
            "y": 0.4303197782628698
          },
          "50": {
            "x": 0.7773739310242357,
            "y": 0.43771206121751044
          },
          "51": {
            "x": 0.7743945222214884,
            "y": 0.4458652466596842
          },
          "52": {
            "x": 0.7697951404939576,
            "y": 0.450661238096257
          },
          "53": {
            "x": 0.7637666743709965,
            "y": 0.45610745529490365
          },
          "54": {
            "x": 0.7579832678465298,
            "y": 0.45825181685067906
          },
          "55": {
            "x": 0.7523056238856237,
            "y": 0.4596906142816509
          },
          "56": {
            "x": 0.7467930727068612,
            "y": 0.45872219293388133
          },
          "57": {
            "x": 0.7419254152083471,
            "y": 0.4538846977252613
          },
          "58": {
            "x": 0.7373311926302581,
            "y": 0.4485676033729839
          },
          "59": {
            "x": 0.7330207232714785,
            "y": 0.4418255461804171
          },
          "60": {
            "x": 0.7282149755662682,
            "y": 0.43631476755858584
          },
          "61": {
            "x": 0.7232389759294724,
            "y": 0.43002925185853896
          },
          "62": {
            "x": 0.7181030426599748,
            "y": 0.42761281001934265
          },
          "63": {
            "x": 0.7124279782737898,
            "y": 0.42953120659397176
          },
          "64": {
            "x": 0.7081020314666843,
            "y": 0.43528639631785915
          },
          "65": {
            "x": 0.7052877154460807,
            "y": 0.4438361733595957
          },
          "66": {
            "x": 0.7044957860067357,
            "y": 0.45314685288886547
          },
          "67": {
            "x": 0.7050323375487024,
            "y": 0.46273883576201114
          },
          "68": {
            "x": 0.7085044451231592,
            "y": 0.4701311187166517
          },
          "69": {
            "x": 0.7127968574588919,
            "y": 0.4758863084405391
          },
          "70": {
            "x": 0.7171847140593014,
            "y": 0.4818121247828431
          },
          "71": {
            "x": 0.7215880481080368,
            "y": 0.48731368034421935
          },
          "72": {
            "x": 0.7261332587664266,
            "y": 0.49230796758057355
          },
          "73": {
            "x": 0.7309622226441259,
            "y": 0.4971039590171465
          },
          "74": {
            "x": 0.735902108234828,
            "y": 0.5006871180038936
          },
          "75": {
            "x": 0.7405737180545466,
            "y": 0.5057090744216126
          },