{
  "labels": {
    "65": [
      {
        "is_tti": 0,
        "non_interaction_tool": "Cautery (Hook, Spatula)",
        "instrument_polygon": {
          "0": {
            "x": 0.950195,
            "y": 0
          },
          "1": {
            "x": 0.948242,
            "y": 0.004687
          },
          "2": {
            "x": 0.9375,
            "y": 0.015625
          },
          "3": {
            "x": 0.933594,
            "y": 0.021875
          },
          "4": {
            "x": 0.920898,
            "y": 0.032813
          },
          "5": {
            "x": 0.911133,
            "y": 0.045312
          },
          "6": {
            "x": 0.907227,
            "y": 0.046875
          },
          "7": {
            "x": 0.895508,
            "y": 0.059375
          },
          "8": {
            "x": 0.878906,
            "y": 0.082812
          },
          "9": {
            "x": 0.873047,
            "y": 0.0875
          },
          "10": {
            "x": 0.856445,
            "y": 0.107813
          },
          "11": {
            "x": 0.844727,
            "y": 0.126562
          },
          "12": {
            "x": 0.847656,
            "y": 0.140625
          },
          "13": {
            "x": 0.861328,
            "y": 0.18125
          },
          "14": {
            "x": 0.890625,
            "y": 0.248438
          },
          "15": {
            "x": 0.892578,
            "y": 0.254688
          },
          "16": {
            "x": 0.890625,
            "y": 0.257812
          },
          "17": {
            "x": 0.888672,
            "y": 0.257812
          },
          "18": {
            "x": 0.883789,
            "y": 0.2625
          },
          "19": {
            "x": 0.87793,
            "y": 0.271875
          },
          "20": {
            "x": 0.857422,
            "y": 0.296875
          },
          "21": {
            "x": 0.837891,
            "y": 0.314063
          },
          "22": {
            "x": 0.833984,
            "y": 0.320312
          },
          "23": {
            "x": 0.826172,
            "y": 0.326562
          },
          "24": {
            "x": 0.822266,
            "y": 0.334375
          },
          "25": {
            "x": 0.817383,
            "y": 0.3375
          },
          "26": {
            "x": 0.791992,
            "y": 0.365625
          },
          "27": {
            "x": 0.787109,
            "y": 0.36875
          },
          "28": {
            "x": 0.775391,
            "y": 0.370312
          },
          "29": {
            "x": 0.774414,
            "y": 0.36875
          },
          "30": {
            "x": 0.770508,
            "y": 0.36875
          },
          "31": {
            "x": 0.761719,
            "y": 0.364063
          },
          "32": {
            "x": 0.753906,
            "y": 0.353125
          },
          "33": {
            "x": 0.751953,
            "y": 0.3375
          },
          "34": {
            "x": 0.744141,
            "y": 0.328125
          },
          "35": {
            "x": 0.735352,
            "y": 0.326562
          },
          "36": {
            "x": 0.730469,
            "y": 0.321875
          },
          "37": {
            "x": 0.723633,
            "y": 0.323437
          },
          "38": {
            "x": 0.72168,
            "y": 0.326562
          },
          "39": {
            "x": 0.71875,
            "y": 0.335938
          },
          "40": {
            "x": 0.71875,
            "y": 0.346875
          },
          "41": {
            "x": 0.723633,
            "y": 0.359375
          },
          "42": {
            "x": 0.731445,
            "y": 0.370312
          },
          "43": {
            "x": 0.736328,
            "y": 0.370312
          },
          "44": {
            "x": 0.740234,
            "y": 0.379688
          },
          "45": {
            "x": 0.744141,
            "y": 0.385937
          },
          "46": {
            "x": 0.74707,
            "y": 0.3875
          },
          "47": {
            "x": 0.75,
            "y": 0.39375
          },
          "48": {
            "x": 0.763672,
            "y": 0.40625
          },
          "49": {
            "x": 0.776367,
            "y": 0.407813
          },
          "50": {
            "x": 0.777344,
            "y": 0.40625
          },
          "51": {
            "x": 0.782227,
            "y": 0.40625
          },
          "52": {
            "x": 0.799805,
            "y": 0.395313
          },
          "53": {
            "x": 0.80957,
            "y": 0.384375
          },
          "54": {
            "x": 0.813477,
            "y": 0.382812
          },
          "55": {
            "x": 0.823242,
            "y": 0.370312
          },
          "56": {
            "x": 0.828125,
            "y": 0.367188
          },
          "57": {
            "x": 0.841797,
            "y": 0.351562
          },
          "58": {
            "x": 0.844727,
            "y": 0.35
          },
          "59": {
            "x": 0.87207,
            "y": 0.31875
          },
          "60": {
            "x": 0.878906,
            "y": 0.314063
          },
          "61": {
            "x": 0.904297,
            "y": 0.285938
          },
          "62": {
            "x": 0.90918,
            "y": 0.284375
          },
          "63": {
            "x": 0.912109,
            "y": 0.2875
          },
          "64": {
            "x": 0.919922,
            "y": 0.290625
          },
          "65": {
            "x": 0.931641,
            "y": 0.282813
          },
          "66": {
            "x": 0.941406,
            "y": 0.271875
          },
          "67": {
            "x": 0.943359,
            "y": 0.271875
          },
          "68": {
            "x": 0.945312,
            "y": 0.26875
          },
          "69": {
            "x": 0.951172,
            "y": 0.265625
          },
          "70": {
            "x": 0.958984,
            "y": 0.253125
          },
          "71": {
            "x": 0.961914,
            "y": 0.251563
          },
          "72": {
            "x": 0.96582,
            "y": 0.245312
          },
          "73": {
            "x": 0.99707,
            "y": 0.209375
          },
          "74": {
            "x": 0.999023,
            "y": 0.209375
          },
          "75": {
            "x": 0.999023,
            "y": 0
          }
        }
      }
    ]
  }
}