{
  "labels": {
    "0": [
      {
        "instrument_polygon": {
          "0": {
            "x": 0.141602,
            "y": 0.099057
          },
          "1": {
            "x": 0.135742,
            "y": 0.106132
          },
          "2": {
            "x": 0.128906,
            "y": 0.10967
          },
          "3": {
            "x": 0.125,
            "y": 0.114387
          },
          "4": {
            "x": 0.12207,
            "y": 0.121462
          },
          "5": {
            "x": 0.116211,
            "y": 0.127358
          },
          "6": {
            "x": 0.108398,
            "y": 0.141509
          },
          "7": {
            "x": 0.09375,
            "y": 0.160377
          },
          "8": {
            "x": 0.09082,
            "y": 0.167453
          },
          "9": {
            "x": 0.079102,
            "y": 0.183962
          },
          "10": {
            "x": 0.076172,
            "y": 0.193396
          },
          "11": {
            "x": 0.072266,
            "y": 0.199292
          },
          "12": {
            "x": 0.072266,
            "y": 0.205189
          },
          "13": {
            "x": 0.083008,
            "y": 0.20283
          },
          "14": {
            "x": 0.100586,
            "y": 0.20283
          },
          "15": {
            "x": 0.105469,
            "y": 0.205189
          },
          "16": {
            "x": 0.117188,
            "y": 0.205189
          },
          "17": {
            "x": 0.118164,
            "y": 0.206368
          },
          "18": {
            "x": 0.129883,
            "y": 0.205189
          },
          "19": {
            "x": 0.130859,
            "y": 0.206368
          },
          "20": {
            "x": 0.141602,
            "y": 0.206368
          },
          "21": {
            "x": 0.142578,
            "y": 0.205189
          },
          "22": {
            "x": 0.174805,
            "y": 0.204009
          },
          "23": {
            "x": 0.18457,
            "y": 0.201651
          },
          "24": {
            "x": 0.199219,
            "y": 0.201651
          },
          "25": {
            "x": 0.214844,
            "y": 0.196934
          },
          "26": {
            "x": 0.230469,
            "y": 0.188679
          },
          "27": {
            "x": 0.232422,
            "y": 0.186321
          },
          "28": {
            "x": 0.233398,
            "y": 0.161557
          },
          "29": {
            "x": 0.230469,
            "y": 0.146226
          },
          "30": {
            "x": 0.229492,
            "y": 0.142689
          },
          "31": {
            "x": 0.213867,
            "y": 0.119104
          },
          "32": {
            "x": 0.200195,
            "y": 0.108491
          },
          "33": {
            "x": 0.188477,
            "y": 0.106132
          },
          "34": {
            "x": 0.18457,
            "y": 0.102594
          },
          "35": {
            "x": 0.161133,
            "y": 0.101415
          },
          "36": {
            "x": 0.160156,
            "y": 0.100236
          },
          "37": {
            "x": 0.145508,
            "y": 0.101415
          },
          "38": {
            "x": 0.142578,
            "y": 0.099057
          }
        },
        "instrument_type": "Grasper"
      },
      {
        "is_tti": 1,
        "interaction_type": "Retract and grab",
        "interaction_tool": "Grasper",
        "tti_polygon": {
          "0": {
            "x": 0.06710047914267588,
            "y": 0.22215045703306938
          },
          "1": {
            "x": 0.06806863947875617,
            "y": 0.21205279168607358
          },
          "2": {
            "x": 0.07060393872460072,
            "y": 0.20282388943875176
          },
          "3": {
            "x": 0.0737382165441292,
            "y": 0.19406803097345132
          },
          "4": {
            "x": 0.07828517967894992,
            "y": 0.18422053301117838
          },
          "5": {
            "x": 0.08191672272946128,
            "y": 0.17485062732883092
          },
          "6": {
            "x": 0.0863883426474664,
            "y": 0.16543523666744292
          },
          "7": {
            "x": 0.09164353202035369,
            "y": 0.15813034903353515
          },
          "8": {
            "x": 0.09595316402220533,
            "y": 0.14860579442244995
          },
          "9": {
            "x": 0.10238370757741577,
            "y": 0.14055950163018163
          },
          "10": {
            "x": 0.10646354276797984,
            "y": 0.13094852555891942
          },
          "11": {
            "x": 0.11174133510591182,
            "y": 0.1222017640894271
          },
          "12": {
            "x": 0.11759550305248297,
            "y": 0.11296831334420118
          },
          "13": {
            "x": 0.12464762814642198,
            "y": 0.10136509519096411
          },
          "14": {
            "x": 0.13052439905803792,
            "y": 0.09326876892175127
          },
          "15": {
            "x": 0.1364011699696538,
            "y": 0.08706916627852816
          },
          "16": {
            "x": 0.14283171352486418,
            "y": 0.08137899540055892
          },
          "17": {
            "x": 0.15004582653495677,
            "y": 0.0751884897531439
          },
          "18": {
            "x": 0.15631438217401372,
            "y": 0.06946193089194223
          },
          "19": {
            "x": 0.1637582919953938,
            "y": 0.06660092571029341
          },
          "20": {
            "x": 0.1714960403623547,
            "y": 0.06660092571029341
          },
          "21": {
            "x": 0.1792036514425893,
            "y": 0.06660092571029341
          },
          "22": {
            "x": 0.1872955129285835,
            "y": 0.06799276606893338
          },
          "23": {
            "x": 0.19522538649842408,
            "y": 0.06938460642757334
          },
          "24": {
            "x": 0.20276347534082367,
            "y": 0.0719454107475547
          },
          "25": {
            "x": 0.20942381570732171,
            "y": 0.07714889234979039
          },
          "26": {
            "x": 0.2169995761581291,
            "y": 0.08298006666278526
          },
          "27": {
            "x": 0.22568288189612556,
            "y": 0.08736481864229156
          },
          "28": {
            "x": 0.2328442546544472,
            "y": 0.09355077579180249
          },
          "29": {
            "x": 0.23888301348221658,
            "y": 0.0996730539706567
          },
          "30": {
            "x": 0.24642110232461623,
            "y": 0.10551787377736374
          },
          "31": {
            "x": 0.25173279911011515,
            "y": 0.1132821596995808
          },
          "32": {
            "x": 0.2549951603982301,
            "y": 0.1224291889846297
          },
          "33": {
            "x": 0.25750785667903,
            "y": 0.13338652043549137
          },
          "34": {
            "x": 0.2580842322876692,
            "y": 0.14390719608756405
          },
          "35": {
            "x": 0.2580842322876692,
            "y": 0.15581061510246857
          },
          "36": {
            "x": 0.25561297477611794,
            "y": 0.16838266330926874
          },
          "37": {
            "x": 0.24784885628327155,
            "y": 0.1857306343153237
          },
          "38": {
            "x": 0.2451025960303434,
            "y": 0.19456381724499303
          },
          "39": {
            "x": 0.24001692889529122,
            "y": 0.20232810316721006
          },
          "40": {
            "x": 0.23415522662703844,
            "y": 0.2112340620633442
          },
          "41": {
            "x": 0.2277284502326688,
            "y": 0.2167513900209595
          },
          "42": {
            "x": 0.21853281062032626,