{
  "labels": {
    "103": [
      {
        "is_tti": 0,
        "non_interaction_tool": "Suction",
        "tti_polygon": {
          "0": {
            "x": 0.443359,
            "y": 0.880208
          },
          "1": {
            "x": 0.447266,
            "y": 0.786458
          },
          "2": {
            "x": 0.447266,
            "y": 0.751736
          },
          "3": {
            "x": 0.44997585165972914,
            "y": 0.7204200772994078
          },
          "4": {
            "x": 0.4499478623566215,
            "y": 0.7203703703703703
          },
          "5": {
            "x": 0.4499478623566215,
            "y": 0.7194444444444444
          },
          "6": {
            "x": 0.4494264859228363,
            "y": 0.7185185185185186
          },
          "7": {
            "x": 0.4494264859228363,
            "y": 0.7175925925925926
          },
          "8": {
            "x": 0.4489051094890511,
            "y": 0.7166666666666667
          },
          "9": {
            "x": 0.4489051094890511,
            "y": 0.7157407407407408
          },
          "10": {
            "x": 0.4483837330552659,
            "y": 0.7148148148148148
          },
          "11": {
            "x": 0.4483837330552659,
            "y": 0.7129629629629629
          },
          "12": {
            "x": 0.4478623566214807,
            "y": 0.712037037037037
          },
          "13": {
            "x": 0.4478623566214807,
            "y": 0.7101851851851851
          },
          "14": {
            "x": 0.4473409801876955,
            "y": 0.7092592592592593
          },
          "15": {
            "x": 0.4473409801876955,
            "y": 0.7064814814814815
          },
          "16": {
            "x": 0.44681960375391033,
            "y": 0.7055555555555556
          },
          "17": {
            "x": 0.44681960375391033,
            "y": 0.6981481481481482
          },
          "18": {
            "x": 0.44629822732012514,
            "y": 0.6972222222222222
          },
          "19": {
            "x": 0.44629822732012514,
            "y": 0.6925925925925925
          },
          "20": {
            "x": 0.44577685088633995,
            "y": 0.6916666666666667
          },
          "21": {
            "x": 0.44577685088633995,
            "y": 0.6851851851851852
          },
          "22": {
            "x": 0.44525547445255476,
            "y": 0.6842592592592592
          },
          "23": {
            "x": 0.44525547445255476,
            "y": 0.6694444444444444
          },
          "24": {
            "x": 0.44473409801876956,
            "y": 0.6685185185185185
          },
          "25": {
            "x": 0.44473409801876956,
            "y": 0.6092592592592593
          },
          "26": {
            "x": 0.44525547445255476,
            "y": 0.6083333333333333
          },
          "27": {
            "x": 0.44525547445255476,
            "y": 0.6037037037037037
          },
          "28": {
            "x": 0.44577685088633995,
            "y": 0.6027777777777777
          },
          "29": {
            "x": 0.44577685088633995,
            "y": 0.600925925925926
          },
          "30": {
            "x": 0.44629822732012514,
            "y": 0.6
          },
          "31": {
            "x": 0.44629822732012514,
            "y": 0.5962962962962963
          },
          "32": {
            "x": 0.44681960375391033,
            "y": 0.5953703703703703
          },
          "33": {
            "x": 0.44681960375391033,
            "y": 0.5935185185185186
          },
          "34": {
            "x": 0.4473409801876955,
            "y": 0.5925925925925926
          },
          "35": {
            "x": 0.4473409801876955,
            "y": 0.5907407407407408
          },
          "36": {
            "x": 0.4478623566214807,
            "y": 0.5898148148148148
          },
          "37": {
            "x": 0.4478623566214807,
            "y": 0.5888888888888889
          },
          "38": {
            "x": 0.4483837330552659,
            "y": 0.5879629629629629
          },
          "39": {
            "x": 0.4483837330552659,
            "y": 0.587037037037037
          },
          "40": {
            "x": 0.4489051094890511,
            "y": 0.5861111111111111
          },
          "41": {
            "x": 0.4489051094890511,
            "y": 0.5851851851851851
          },
          "42": {
            "x": 0.4494264859228363,
            "y": 0.5842592592592593
          },
          "43": {
            "x": 0.4494264859228363,
            "y": 0.5833333333333334
          },
          "44": {
            "x": 0.4504692387904067,
            "y": 0.5814814814814815
          },
          "45": {
            "x": 0.4504692387904067,
            "y": 0.5805555555555556
          },
          "46": {
            "x": 0.45203336809176226,
            "y": 0.5777777777777777
          },
          "47": {
            "x": 0.45203336809176226,
            "y": 0.5768518518518518
          },
          "48": {
            "x": 0.45828988529718456,
            "y": 0.5657407407407408
          },
          "49": {
            "x": 0.45828988529718456,
            "y": 0.5648148148148148
          },
          "50": {
            "x": 0.46268701114932115,
            "y": 0.5570058450144463
          },
          "51": {
            "x": 0.462891,
            "y": 0.555556
          },
          "52": {
            "x": 0.46582,
            "y": 0.550347
          },
          "53": {
            "x": 0.46875,
            "y": 0.548611
          },
          "54": {
            "x": 0.471112168931666,
            "y": 0.5494507962861709
          },
          "55": {
            "x": 0.47132429614181437,
            "y": 0.549074074074074
          },
          "56": {
            "x": 0.47340980187695514,
            "y": 0.549074074074074
          },
          "57": {
            "x": 0.47393117831074033,
            "y": 0.5481481481481482
          },
          "58": {
            "x": 0.47486985416666666,
            "y": 0.5481481481481482
          },
          "59": {
            "x": 0.475586,
            "y": 0.546875
          },
          "60": {
            "x": 0.473633,
            "y": 0.543403
          },
          "61": {
            "x": 0.475586,
            "y": 0.543403
          },
          "62": {
            "x": 0.481445,
            "y": 0.534722
          },
          "63": {
            "x": 0.483398,
            "y": 0.534722
          },
          "64": {
            "x": 0.486328,
            "y": 0.53125
          },
          "65": {
            "x": 0.487305,
            "y": 0.53125
          },
          "66": {
            "x": 0.488281,
            "y": 0.532986
          },
          "67": {
            "x": 0.491211,
            "y": 0.53125
          },
          "68": {
            "x": 0.501953,
            "y": 0.53125
          },
          "69": {
            "x": 0.503906,
            "y": 0.534722
          },
          "70": {
            "x": 0.505859,
            "y": 0.534722
          },
          "71": {
            "x": 0.515625,
            "y": 0.543403
          },
          "72": {
            "x": 0.525391,
            "y": 0.555556
          },
          "73": {
            "x": 0.5262743092312675,
            "y": 0.5586982639866399
          },
          "74": {
            "x": 0.5265065295471659,
            "y": 0.5591106700661707
          },
          "75": {
            "x": 0.529297,
            "y": 0.560764
          },
          "76": {
            "x": 0.530273,
            "y": 0.564236
          },
          "77": {
            "x": 0.5304651986739392,
            "y": 0.5679928250524215
          },
          "78": {
            "x": 0.5307612095933264,
            "y": 0.5685185185185185
          },
          "79": {
            "x": 0.5307612095933264,
            "y": 0.5694444444444444
          },