{
  "labels": {
    "0": [
      {
        "instrument_polygon": {
          "0": {
            "x": 0.405273,
            "y": 0
          },
          "1": {
            "x": 0.40918,
            "y": 0.011725
          },
          "2": {
            "x": 0.418945,
            "y": 0.01675
          },
          "3": {
            "x": 0.425781,
            "y": 0.025126
          },
          "4": {
            "x": 0.427734,
            "y": 0.025126
          },
          "5": {
            "x": 0.435547,
            "y": 0.033501
          },
          "6": {
            "x": 0.445312,
            "y": 0.036851
          },
          "7": {
            "x": 0.446289,
            "y": 0.038526
          },
          "8": {
            "x": 0.449219,
            "y": 0.038526
          },
          "9": {
            "x": 0.450195,
            "y": 0.040201
          },
          "10": {
            "x": 0.458008,
            "y": 0.041876
          },
          "11": {
            "x": 0.475586,
            "y": 0.023451
          },
          "12": {
            "x": 0.477539,
            "y": 0.020101
          },
          "13": {
            "x": 0.477539,
            "y": 0.015075
          },
          "14": {
            "x": 0.482422,
            "y": 0.01675
          },
          "15": {
            "x": 0.485352,
            "y": 0.0134
          },
          "16": {
            "x": 0.490234,
            "y": 0.0134
          },
          "17": {
            "x": 0.494141,
            "y": 0.008375
          },
          "18": {
            "x": 0.49707,
            "y": 0.008375
          },
          "19": {
            "x": 0.498047,
            "y": 0
          }
        },
        "instrument_type": "Grasper"
      },
      {
        "is_tti": 1,
        "interaction_type": "Retract and grab",
        "interaction_tool": "Grasper",
        "tti_polygon": {
          "0": {
            "x": 0.39091600551995875,
            "y": 0.003399547333488569
          },
          "1": {
            "x": 0.3940678932891905,
            "y": 0.012300957731718657
          },
          "2": {
            "x": 0.39830847017837584,
            "y": 0.01839594492314856
          },
          "3": {
            "x": 0.4027269548017976,
            "y": 0.02549160165346994
          },
          "4": {
            "x": 0.406170929895895,
            "y": 0.03278284379366557
          },
          "5": {
            "x": 0.4111417250972444,
            "y": 0.03845936917792266
          },
          "6": {
            "x": 0.4161125202985939,
            "y": 0.043662850780158344
          },
          "7": {
            "x": 0.4210355193922381,
            "y": 0.04858887401024685
          },
          "8": {
            "x": 0.4261204941842169,
            "y": 0.05376506462505821
          },
          "9": {
            "x": 0.4314603815506237,
            "y": 0.06022848014671634
          },
          "10": {
            "x": 0.4369356912221956,
            "y": 0.06445858319748486
          },
          "11": {
            "x": 0.4426659134681958,
            "y": 0.06672828365160689
          },
          "12": {
            "x": 0.44867229100315964,
            "y": 0.06789724761294828
          },
          "13": {
            "x": 0.45511679952542206,
            "y": 0.06789724761294828
          },
          "14": {
            "x": 0.4641422978637697,
            "y": 0.06971664677456917
          },
          "15": {
            "x": 0.47042483068769747,
            "y": 0.06901617809734513
          },
          "16": {
            "x": 0.4770791110159997,
            "y": 0.06696480554261759
          },
          "17": {
            "x": 0.48280933326199976,
            "y": 0.06388547246157429
          },
          "18": {
            "x": 0.48800848764460786,
            "y": 0.059405202026082904
          },
          "19": {
            "x": 0.49242697226802956,
            "y": 0.05320105088495573
          },
          "20": {
            "x": 0.49760488393610197,
            "y": 0.050121717803912426
          },
          "21": {
            "x": 0.5018613928611891,
            "y": 0.0441813795412203
          },
          "22": {
            "x": 0.5057275669066831,
            "y": 0.037049334827666494
          },
          "23": {
            "x": 0.5095937409521771,
            "y": 0.02992183861201675
          },
          "24": {
            "x": 0.5129076044197435,
            "y": 0.020392735503027466
          },
          "25": {
            "x": 0.5149708030690215,
            "y": 0.011627780041918938
          },
          "26": {
            "x": 0.516075424224877,
            "y": 0.0023761353050768277
          }
        }
      }
    ]
  }
}