{
  "labels": {
    "30": [
      {
        "is_tti": 0,
        "non_interaction_tool": "Cautery (Hook, Spatula)",
        "instrument_polygon": {
          "0": {
            "x": 0.868164,
            "y": 0.419411
          },
          "1": {
            "x": 0.867188,
            "y": 0.421144
          },
          "2": {
            "x": 0.860352,
            "y": 0.421144
          },
          "3": {
            "x": 0.854492,
            "y": 0.42461
          },
          "4": {
            "x": 0.850586,
            "y": 0.42461
          },
          "5": {
            "x": 0.849609,
            "y": 0.426343
          },
          "6": {
            "x": 0.84375,
            "y": 0.426343
          },
          "7": {
            "x": 0.839844,
            "y": 0.429809
          },
          "8": {
            "x": 0.831055,
            "y": 0.431542
          },
          "9": {
            "x": 0.826172,
            "y": 0.435009
          },
          "10": {
            "x": 0.820312,
            "y": 0.435009
          },
          "11": {
            "x": 0.817383,
            "y": 0.440208
          },
          "12": {
            "x": 0.814453,
            "y": 0.441941
          },
          "13": {
            "x": 0.807617,
            "y": 0.443674
          },
          "14": {
            "x": 0.803711,
            "y": 0.44714
          },
          "15": {
            "x": 0.793945,
            "y": 0.448873
          },
          "16": {
            "x": 0.786133,
            "y": 0.455806
          },
          "17": {
            "x": 0.783203,
            "y": 0.455806
          },
          "18": {
            "x": 0.77832,
            "y": 0.461005
          },
          "19": {
            "x": 0.773438,
            "y": 0.461005
          },
          "20": {
            "x": 0.769531,
            "y": 0.464471
          },
          "21": {
            "x": 0.762695,
            "y": 0.466205
          },
          "22": {
            "x": 0.755859,
            "y": 0.473137
          },
          "23": {
            "x": 0.751953,
            "y": 0.473137
          },
          "24": {
            "x": 0.737305,
            "y": 0.481802
          },
          "25": {
            "x": 0.732422,
            "y": 0.481802
          },
          "26": {
            "x": 0.729492,
            "y": 0.487002
          },
          "27": {
            "x": 0.723633,
            "y": 0.490468
          },
          "28": {
            "x": 0.719727,
            "y": 0.490468
          },
          "29": {
            "x": 0.717773,
            "y": 0.493934
          },
          "30": {
            "x": 0.713867,
            "y": 0.493934
          },
          "31": {
            "x": 0.709961,
            "y": 0.4974
          },
          "32": {
            "x": 0.707031,
            "y": 0.4974
          },
          "33": {
            "x": 0.701172,
            "y": 0.5026
          },
          "34": {
            "x": 0.695312,
            "y": 0.504333
          },
          "35": {
            "x": 0.691406,
            "y": 0.507799
          },
          "36": {
            "x": 0.674805,
            "y": 0.511265
          },
          "37": {
            "x": 0.673828,
            "y": 0.512998
          },
          "38": {
            "x": 0.666016,
            "y": 0.512998
          },
          "39": {
            "x": 0.665039,
            "y": 0.514731
          },
          "40": {
            "x": 0.660156,
            "y": 0.514731
          },
          "41": {
            "x": 0.65918,
            "y": 0.516464
          },
          "42": {
            "x": 0.623047,
            "y": 0.516464
          },
          "43": {
            "x": 0.62207,
            "y": 0.514731
          },
          "44": {
            "x": 0.617188,
            "y": 0.514731
          },
          "45": {
            "x": 0.616211,
            "y": 0.512998
          },
          "46": {
            "x": 0.599609,
            "y": 0.512998
          },
          "47": {
            "x": 0.59375,
            "y": 0.516464
          },
          "48": {
            "x": 0.591797,
            "y": 0.519931
          },
          "49": {
            "x": 0.586914,
            "y": 0.519931
          },
          "50": {
            "x": 0.583008,
            "y": 0.526863
          },
          "51": {
            "x": 0.580078,
            "y": 0.528596
          },
          "52": {
            "x": 0.577148,
            "y": 0.535529
          },
          "53": {
            "x": 0.572266,
            "y": 0.533795
          },
          "54": {
            "x": 0.570312,
            "y": 0.528596
          },
          "55": {
            "x": 0.56543,
            "y": 0.523397
          },
          "56": {
            "x": 0.5625,
            "y": 0.523397
          },
          "57": {
            "x": 0.561523,
            "y": 0.52513
          },
          "58": {
            "x": 0.554688,
            "y": 0.52513
          },
          "59": {
            "x": 0.550781,
            "y": 0.518198
          },
          "60": {
            "x": 0.542969,
            "y": 0.518198
          },
          "61": {
            "x": 0.541992,
            "y": 0.512998
          },
          "62": {
            "x": 0.535156,
            "y": 0.504333
          },
          "63": {
            "x": 0.533203,
            "y": 0.5026
          },
          "64": {
            "x": 0.52832,
            "y": 0.5026
          },
          "65": {
            "x": 0.52832,
            "y": 0.4974
          },
          "66": {
            "x": 0.524414,
            "y": 0.493934
          },
          "67": {
            "x": 0.518555,
            "y": 0.483536
          },
          "68": {
            "x": 0.516602,
            "y": 0.483536
          },
          "69": {
            "x": 0.514648,
            "y": 0.478336
          },
          "70": {
            "x": 0.508789,
            "y": 0.476603
          },
          "71": {
            "x": 0.504883,
            "y": 0.471404
          },
          "72": {
            "x": 0.49707,
            "y": 0.471404
          },
          "73": {
            "x": 0.493164,
            "y": 0.47487
          },
          "74": {
            "x": 0.491211,
            "y": 0.488735
          },
          "75": {
            "x": 0.491211,
            "y": 0.493934
          },
          "76": {
            "x": 0.495117,
            "y": 0.507799
          },
          "77": {
            "x": 0.490234,
            "y": 0.535529
          },
          "78": {
            "x": 0.491211,
            "y": 0.540728
          },
          "79": {
            "x": 0.494141,
            "y": 0.54766
          },
          "80": {
            "x": 0.498047,
            "y": 0.551127
          },
          "81": {
            "x": 0.504883,
            "y": 0.551127
          },
          "82": {
            "x": 0.505859,
            "y": 0.55286
          },
          "83": {
            "x": 0.508789,
            "y": 0.551127
          },
          "84": {
            "x": 0.509766,
            "y": 0.55286
          },
          "85": {
            "x": 0.518555,
            "y": 0.55286
          },
          "86": {
            "x": 0.524414,
            "y": 0.558059
          },
          "87": {
            "x": 0.529297,
            "y": 0.558059
          },
          "88": {
            "x": 0.53418,
            "y": 0.54766
          },
          "89": {
            "x": 0.53125,
            "y": 0.544194
          },
          "90": {
            "x": 0.532227,
            "y": 0.542461
          },
          "91": {
            "x": 0.536133,
            "y": 0.542461
          },
          "92": {
            "x": 0.544922,
            "y": 0.554593
          },
          "93": {
            "x": 0.551758,
            "y": 0.556326
          },