{
  "labels": {
    "0": [
      {
        "instrument_polygon": {
          "0": {
            "x": 0.014648,
            "y": 0.356882
          },
          "1": {
            "x": 0.012695,
            "y": 0.359318
          },
          "2": {
            "x": 0.006836,
            "y": 0.384896
          },
          "3": {
            "x": 0.006836,
            "y": 0.403167
          },
          "4": {
            "x": 0.004883,
            "y": 0.409257
          },
          "5": {
            "x": 0.00293,
            "y": 0.448234
          },
          "6": {
            "x": 0.001953,
            "y": 0.451888
          },
          "7": {
            "x": 0,
            "y": 0.453106
          },
          "8": {
            "x": 0,
            "y": 0.464068
          },
          "9": {
            "x": 0.00293,
            "y": 0.466504
          },
          "10": {
            "x": 0.058594,
            "y": 0.467722
          },
          "11": {
            "x": 0.05957,
            "y": 0.46894
          },
          "12": {
            "x": 0.078125,
            "y": 0.470158
          },
          "13": {
            "x": 0.079102,
            "y": 0.471376
          },
          "14": {
            "x": 0.108398,
            "y": 0.471376
          },
          "15": {
            "x": 0.109375,
            "y": 0.472594
          },
          "16": {
            "x": 0.118164,
            "y": 0.470158
          },
          "17": {
            "x": 0.15625,
            "y": 0.470158
          },
          "18": {
            "x": 0.165039,
            "y": 0.466504
          },
          "19": {
            "x": 0.168945,
            "y": 0.466504
          },
          "20": {
            "x": 0.183594,
            "y": 0.459196
          },
          "21": {
            "x": 0.196289,
            "y": 0.443362
          },
          "22": {
            "x": 0.200195,
            "y": 0.431181
          },
          "23": {
            "x": 0.201172,
            "y": 0.421437
          },
          "24": {
            "x": 0.199219,
            "y": 0.404385
          },
          "25": {
            "x": 0.194336,
            "y": 0.392205
          },
          "26": {
            "x": 0.180664,
            "y": 0.37637
          },
          "27": {
            "x": 0.166992,
            "y": 0.371498
          },
          "28": {
            "x": 0.15918,
            "y": 0.371498
          },
          "29": {
            "x": 0.152344,
            "y": 0.369062
          },
          "30": {
            "x": 0.126953,
            "y": 0.366626
          },
          "31": {
            "x": 0.125977,
            "y": 0.365408
          },
          "32": {
            "x": 0.078125,
            "y": 0.362972
          },
          "33": {
            "x": 0.067383,
            "y": 0.360536
          },
          "34": {
            "x": 0.050781,
            "y": 0.360536
          },
          "35": {
            "x": 0.049805,
            "y": 0.359318
          },
          "36": {
            "x": 0.038086,
            "y": 0.359318
          },
          "37": {
            "x": 0.037109,
            "y": 0.3581
          },
          "38": {
            "x": 0.019531,
            "y": 0.3581
          },
          "39": {
            "x": 0.018555,
            "y": 0.356882
          }
        },
        "instrument_type": "Grasper"
      },
      {
        "is_tti": 1,
        "interaction_type": "Retract and grab",
        "interaction_tool": "Grasper",
        "tti_polygon": {
          "0": {
            "x": 0.07622641494699912,
            "y": 0.4818105568816953
          },
          "1": {
            "x": 0.06947594243466602,
            "y": 0.477248413483931
          },
          "2": {
            "x": 0.06154021677997299,
            "y": 0.47251342716581274
          },
          "3": {
            "x": 0.054745981074691266,
            "y": 0.4677784408476945
          },
          "4": {
            "x": 0.048104916544729835,
            "y": 0.46088746652305546
          },
          "5": {
            "x": 0.0424120545286564,
            "y": 0.45356893339543547
          },
          "6": {
            "x": 0.03668272318512572,
            "y": 0.4468962869701909
          },
          "7": {
            "x": 0.030818455330003297,
            "y": 0.44093320621797855
          },
          "8": {
            "x": 0.025464758059282087,
            "y": 0.434260559792734
          },
          "9": {
            "x": 0.01881639966382924,
            "y": 0.4271421605728924
          },
          "10": {
            "x": 0.012733315843963465,
            "y": 0.4202784772356776
          },
          "11": {
            "x": 0.006347536606202659,
            "y": 0.4117500436655799
          },
          "12": {
            "x": 0.0006327929936548959,
            "y": 0.4046225474499301
          },
          "13": {
            "x": 0.0014497059286968082,
            "y": 0.3824850081509082
          },
          "14": {
            "x": 0.006358477404439822,
            "y": 0.3751482810316721
          },
          "15": {
            "x": 0.010556096994766891,
            "y": 0.36347683540987424
          },
          "16": {
            "x": 0.015844149476065078,
            "y": 0.35424338466464833
          },
          "17": {
            "x": 0.020953502252822866,
            "y": 0.3450053854215183
          },
          "18": {
            "x": 0.026799535444216673,
            "y": 0.3388421707615277
          },
          "19": {
            "x": 0.0326674502320848,
            "y": 0.33245607970423846
          },
          "20": {
            "x": 0.0401655439572911,
            "y": 0.3284852410340009
          },
          "21": {
            "x": 0.04784233738703779,
            "y": 0.32753005647414996
          },
          "22": {
            "x": 0.05609169925786302,
            "y": 0.32682958779692595
          },
          "23": {
            "x": 0.0691513654202967,
            "y": 0.32682958779692595
          },
          "24": {
            "x": 0.07775447976745703,
            "y": 0.32682958779692595
          },
          "25": {
            "x": 0.08559903210350696,
            "y": 0.32682958779692595
          },
          "26": {
            "x": 0.09326123780227079,
            "y": 0.32682958779692595
          },
          "27": {
            "x": 0.10408533419157634,
            "y": 0.32845795004657663
          },
          "28": {
            "x": 0.11249151417046764,
            "y": 0.32984979040521656
          },
          "29": {
            "x": 0.1222032960723277,
            "y": 0.33229688227759663
          },
          "30": {
            "x": 0.12985091404010862,
            "y": 0.33393889002095944
          },
          "31": {
            "x": 0.1376954663761586,
            "y": 0.33393889002095944
          },
          "32": {
            "x": 0.14702796727246342,
            "y": 0.3363859818933395
          },
          "33": {
            "x": 0.1582313446673242,
            "y": 0.33773233727293894
          },
          "34": {
            "x": 0.16812547320647045,
            "y": 0.33890130123428036
          },
          "35": {
            "x": 0.17524428592612148,
            "y": 0.3416849819515603
          },
          "36": {
            "x": 0.18238498024224695,
            "y": 0.3447188300535631
          },
          "37": {
            "x": 0.1903498813589058,
            "y": 0.3522875305659059
          },
          "38": {
            "x": 0.19844242512166485,
            "y": 0.358750946087564
          },
          "39": {
            "x": 0.20466773931861384,
            "y": 0.36534626804843967
          },
          "40": {
            "x": 0.2105137725100077,
            "y": 0.3712456698299953
          },
          "41": {
            "x": 0.21531678293612477,