{
  "labels": {
    "78": [
      {
        "instrument_polygon": {
          "0": {
            "x": 0.004633758149862969,
            "y": 0.22855025945699076
          },
          "1": {
            "x": 0.010978692242275327,
            "y": 0.2233575242746053
          },
          "2": {
            "x": 0.015260323159784539,
            "y": 0.21473352397800805
          },
          "3": {
            "x": 0.019198685391665863,
            "y": 0.20815911524772435
          },
          "4": {
            "x": 0.02497150500803173,
            "y": 0.20534338242499328
          },
          "5": {
            "x": 0.030305088349239322,
            "y": 0.20388967850255998
          },
          "6": {
            "x": 0.035590687895681726,
            "y": 0.20388967850255998
          },
          "7": {
            "x": 0.04091319805348198,
            "y": 0.20388967850255998
          },
          "8": {
            "x": 0.046353822167627304,
            "y": 0.20388967850255998
          },
          "9": {
            "x": 0.052229991495795124,
            "y": 0.20388967850255998
          },
          "10": {
            "x": 0.05840144571482563,
            "y": 0.20111978319089666
          },
          "11": {
            "x": 0.0644474038552395,
            "y": 0.19754445732761486
          },
          "12": {
            "x": 0.07016485755456862,
            "y": 0.19412628864513667
          },
          "13": {
            "x": 0.07501491188698854,
            "y": 0.18880913736128171
          },
          "14": {
            "x": 0.08045184493999809,
            "y": 0.18397000583570436
          },
          "15": {
            "x": 0.08545323277898513,
            "y": 0.17857427596144762
          },
          "16": {
            "x": 0.09115223117263534,
            "y": 0.17207844582156567
          },
          "17": {
            "x": 0.09550030119058865,
            "y": 0.16663033022037438
          },
          "18": {
            "x": 0.10049061584616835,
            "y": 0.16056668232770235
          },
          "19": {
            "x": 0.10521517409997162,
            "y": 0.15521678996451335
          },
          "20": {
            "x": 0.10964075640177641,
            "y": 0.14915969028770812
          },
          "21": {
            "x": 0.11215436903524516,
            "y": 0.14066665430844716
          },
          "22": {
            "x": 0.10807943754133985,
            "y": 0.132645089871597
          },
          "23": {
            "x": 0.10315187092506847,
            "y": 0.12770118689215057
          },
          "24": {
            "x": 0.09848267858830197,
            "y": 0.12221378199575841
          },
          "25": {
            "x": 0.09474732471888876,
            "y": 0.11423150685410918
          },
          "26": {
            "x": 0.09068346640839078,
            "y": 0.10548309045604239
          },
          "27": {
            "x": 0.08690751086648396,
            "y": 0.09735020634945635
          },
          "28": {
            "x": 0.08292485590097323,
            "y": 0.0893286419126062
          },
          "29": {
            "x": 0.0791710467258811,
            "y": 0.08262981708085297
          },
          "30": {
            "x": 0.07334655225361425,
            "y": 0.07840621784675636
          },
          "31": {
            "x": 0.06621173107814417,
            "y": 0.07471302409787188
          },
          "32": {
            "x": 0.05966747968439948,
            "y": 0.07413678110159203
          },
          "33": {
            "x": 0.0536473589719361,
            "y": 0.07413678110159203
          },
          "34": {
            "x": 0.04752757960880655,
            "y": 0.07365221312744762
          },
          "35": {
            "x": 0.04179905272607008,
            "y": 0.07365221312744762
          },
          "36": {
            "x": 0.035874899603137084,
            "y": 0.07365221312744762
          },
          "37": {
            "x": 0.030257104554474137,
            "y": 0.07316764515330319
          },
          "38": {
            "x": 0.023487698431446637,
            "y": 0.07316764515330319
          },
          "39": {
            "x": 0.015736470046300653,
            "y": 0.07316764515330319
          },
          "40": {
            "x": 0.010007943163564187,
            "y": 0.07316764515330319
          },
          "41": {
            "x": 0.0047666363507511845,
            "y": 0.07446419189493284
          },
          "42": {
            "x": 0,
            "y": 0.0761929208837724
          }
        },
        "instrument_type": "Grasper"
      },
      {
        "is_tti": 1,
        "interaction_type": "Retract and grab",
        "interaction_tool": "Grasper",
        "tti_polygon": {
          "0": {
            "x": 0.00219027567797409,
            "y": 0.23935481563723793
          },
          "1": {
            "x": 0.00219027567797409,
            "y": 0.22964381150674915
          },
          "2": {
            "x": 0.003153642634413662,
            "y": 0.21793560153688132
          },
          "3": {
            "x": 0.003718374988188584,
            "y": 0.20811982595252343
          },
          "4": {
            "x": 0.003718374988188584,
            "y": 0.19778674131468707
          },
          "5": {
            "x": 0.003718374988188584,
            "y": 0.18718517982631128
          },
          "6": {
            "x": 0.002950634271945555,
            "y": 0.1779063579430323
          },
          "7": {
            "x": 0.002208730983653009,
            "y": 0.16799890733653905
          },
          "8": {
            "x": 0.0019614298875554937,
            "y": 0.15766582269870266
          },
          "9": {
            "x": 0.0016882913635074923,
            "y": 0.14654695215684832
          },
          "10": {
            "x": 0.0011420143154114895,
            "y": 0.136213867519012
          },
          "11": {
            "x": 0.000843038363413002,
            "y": 0.12543550420223212
          },
          "12": {
            "x": 0.0002709238873665132,
            "y": 0.11466368910131905
          },
          "13": {
            "x": 0.0002709238873665132,
            "y": 0.1029030934045167
          },
          "14": {
            "x": 0.0002709238873665132,
            "y": 0.09335579467069831
          },
          "15": {
            "x": 0.000510842861192458,
            "y": 0.07352124881011128
          },
          "16": {
            "x": 0.00492535197958989,
            "y": 0.06768678847277781
          },
          "17": {
            "x": 0.00958347113294905,
            "y": 0.06329293562614399
          },
          "18": {
            "x": 0.015123753897760538,
            "y": 0.05884669705257562
          },
          "19": {
            "x": 0.021346882972692036,
            "y": 0.05598512671877683
          },
          "20": {
            "x": 0.027392841113105904,
            "y": 0.05492431574835257
          },
          "21": {
            "x": 0.03324686407445902,
            "y": 0.05337893680378389
          },
          "22": {
            "x": 0.038598902721345536,
            "y": 0.051348989885070764
          },
          "23": {
            "x": 0.0446448608617594,
            "y": 0.04975777342943437
          },
          "24": {
            "x": 0.050690819002173274,
            "y": 0.049227367944222236
          },
          "25": {
            "x": 0.056544841963526375,
            "y": 0.049227367944222236
          },
          "26": {
            "x": 0.0626277107152981,
            "y": 0.049227367944222236
          },
          "27": {
            "x": 0.06801665997354245,
            "y": 0.049227367944222236
          },
          "28": {
            "x": 0.0739075935462534,
            "y": 0.05070726473012277
          },
          "29": {
            "x": 0.07960659193990359,
            "y": 0.05323487605471391
          },