{
  "labels": {
    "0": [],
    "1": [],
    "2": [],
    "3": [],
    "4": [],
    "5": [],
    "6": [],
    "7": [],
    "8": [],
    "9": [],
    "10": [],
    "11": [],
    "12": [],
    "13": [],
    "14": [],
    "15": [],
    "16": [],
    "17": [],
    "18": [],
    "19": [],
    "20": [],
    "21": [],
    "22": [],
    "23": [],
    "24": [],
    "25": [],
    "26": [],
    "27": [],
    "28": [
      {
        "is_tti": 0,
        "non_interaction_tool": "Cautery (Hook, Spatula)",
        "tti_polygon": {
          "0": {
            "x": 0.475586,
            "y": 0.777778
          },
          "1": {
            "x": 0.474609,
            "y": 0.779514
          },
          "2": {
            "x": 0.469727,
            "y": 0.779514
          },
          "3": {
            "x": 0.46875,
            "y": 0.78125
          },
          "4": {
            "x": 0.460938,
            "y": 0.782986
          },
          "5": {
            "x": 0.454102,
            "y": 0.788194
          },
          "6": {
            "x": 0.4375,
            "y": 0.788194
          },
          "7": {
            "x": 0.436523,
            "y": 0.786458
          },
          "8": {
            "x": 0.427734,
            "y": 0.786458
          },
          "9": {
            "x": 0.426758,
            "y": 0.788194
          },
          "10": {
            "x": 0.413086,
            "y": 0.789931
          },
          "11": {
            "x": 0.40332,
            "y": 0.798611
          },
          "12": {
            "x": 0.402344,
            "y": 0.810764
          },
          "13": {
            "x": 0.407227,
            "y": 0.819444
          },
          "14": {
            "x": 0.412109,
            "y": 0.821181
          },
          "15": {
            "x": 0.421875,
            "y": 0.829861
          },
          "16": {
            "x": 0.426758,
            "y": 0.829861
          },
          "17": {
            "x": 0.4375,
            "y": 0.836806
          },
          "18": {
            "x": 0.450195,
            "y": 0.836806
          },
          "19": {
            "x": 0.451172,
            "y": 0.835069
          },
          "20": {
            "x": 0.452148,
            "y": 0.836806
          },
          "21": {
            "x": 0.455078,
            "y": 0.836806
          },
          "22": {
            "x": 0.460938,
            "y": 0.833333
          },
          "23": {
            "x": 0.462891,
            "y": 0.835069
          },
          "24": {
            "x": 0.466797,
            "y": 0.835069
          },
          "25": {
            "x": 0.475586,
            "y": 0.842014
          },
          "26": {
            "x": 0.477539,
            "y": 0.845486
          },
          "27": {
            "x": 0.479492,
            "y": 0.845486
          },
          "28": {
            "x": 0.484375,
            "y": 0.852431
          },
          "29": {
            "x": 0.487305,
            "y": 0.854167
          },
          "30": {
            "x": 0.492188,
            "y": 0.866319
          },
          "31": {
            "x": 0.495117,
            "y": 0.880208
          },
          "32": {
            "x": 0.500977,
            "y": 0.894097
          },
          "33": {
            "x": 0.517578,
            "y": 0.916667
          },
          "34": {
            "x": 0.543945,
            "y": 0.963542
          },
          "35": {
            "x": 0.546875,
            "y": 0.972222
          },
          "36": {
            "x": 0.560547,
            "y": 0.996528
          },
          "37": {
            "x": 0.563477,
            "y": 0.998264
          },
          "38": {
            "x": 0.578125,
            "y": 0.998264
          },
          "39": {
            "x": 0.579102,
            "y": 0.996528
          },
          "40": {
            "x": 0.588867,
            "y": 0.996528
          },
          "41": {
            "x": 0.591797,
            "y": 0.998264
          },
          "42": {
            "x": 0.592773,
            "y": 0.996528
          },
          "43": {
            "x": 0.746094,
            "y": 0.996528
          },
          "44": {
            "x": 0.74707,
            "y": 0.998264
          },
          "45": {
            "x": 0.751953,
            "y": 0.998264
          },
          "46": {
            "x": 0.750977,
            "y": 0.993056
          },
          "47": {
            "x": 0.743164,
            "y": 0.979167
          },
          "48": {
            "x": 0.725586,
            "y": 0.958333
          },
          "49": {
            "x": 0.683594,
            "y": 0.918403
          },
          "50": {
            "x": 0.676758,
            "y": 0.914931
          },
          "51": {
            "x": 0.662109,
            "y": 0.902778
          },
          "52": {
            "x": 0.65918,
            "y": 0.902778
          },
          "53": {
            "x": 0.651367,
            "y": 0.895833
          },
          "54": {
            "x": 0.645508,
            "y": 0.894097
          },
          "55": {
            "x": 0.636719,
            "y": 0.887153
          },
          "56": {
            "x": 0.633789,
            "y": 0.887153
          },
          "57": {
            "x": 0.625,
            "y": 0.881944
          },
          "58": {
            "x": 0.617188,
            "y": 0.875
          },
          "59": {
            "x": 0.612305,
            "y": 0.873264
          },
          "60": {
            "x": 0.603516,
            "y": 0.864583
          },
          "61": {
            "x": 0.598633,
            "y": 0.862847
          },
          "62": {
            "x": 0.579102,
            "y": 0.845486
          },
          "63": {
            "x": 0.560547,
            "y": 0.824653
          },
          "64": {
            "x": 0.541992,
            "y": 0.807292
          },
          "65": {
            "x": 0.527344,
            "y": 0.798611
          },
          "66": {
            "x": 0.519531,
            "y": 0.798611
          },
          "67": {
            "x": 0.514648,
            "y": 0.802083
          },
          "68": {
            "x": 0.507812,
            "y": 0.802083
          },
          "69": {
            "x": 0.494141,
            "y": 0.782986
          },
          "70": {
            "x": 0.492188,
            "y": 0.782986
          },
          "71": {
            "x": 0.486328,
            "y": 0.777778
          }
        }
      }
    ],
    "29": [],
    "30": [],
    "31": [],
    "32": [],
    "33": [],
    "34": [],
    "35": [],
    "36": [],
    "37": [],
    "38": [],
    "39": [],
    "40": [],
    "41": [],
    "42": [],
    "43": [],
    "44": [],
    "45": [],
    "46": [],
    "47": [],
    "48": [],
    "49": [],
    "50": [],
    "51": [],
    "52": [],
    "53": [],
    "54": [],
    "55": [],
    "56": [],
    "57": [],
    "58": [],
    "59": [],
    "60": [],
    "61": [],
    "62": [],
    "63": [],
    "64": [],
    "65": [],
    "66": [],
    "67": [],
    "68": [],
    "69": [],
    "70": [],
    "71": [],
    "72": [],
    "73": [],
    "74": [],
    "75": [],
    "76": [],
    "77": [],
    "78": [],
    "79": [],
    "80": [],
    "81": [],
    "82": [],
    "83": [],
    "84": [],
    "85": [],
    "86": [],
    "87": [],
    "88": [],
    "89": [],
    "90": [],
    "91": [],
    "92": [],
    "93": [],
    "94": [],
    "95": [],
    "96": [],
    "97": [],
    "98": [],
    "99": [],
    "100": [],
    "101": [],
    "102": [],
    "103": [],
    "104": [],
    "105": [],
    "106": [],
    "107": [],
    "108": [],
    "109": [],
    "110": [],
    "111": [],
    "112": [],
    "113": [],
    "114": [],
    "115": [],
    "116": [],
    "117": [],
    "118": [],
    "119": [],
    "120": [],
    "121": [],
    "122": [],
    "123": [],
    "124": [],
    "125": [],
    "126": [],
    "127": [],
    "128": [],