{
  "labels": {
    "149": [
      {
        "instrument_polygon": {
          "0": {
            "x": 0.338867,
            "y": 0.318865
          },
          "1": {
            "x": 0.326172,
            "y": 0.330551
          },
          "10": {
            "x": 0.282227,
            "y": 0.419032
          },
          "11": {
            "x": 0.27832,
            "y": 0.427379
          },
          "12": {
            "x": 0.270508,
            "y": 0.45576
          },
          "13": {
            "x": 0.260742,
            "y": 0.479132
          },
          "14": {
            "x": 0.255859,
            "y": 0.495826
          },
          "15": {
            "x": 0.24707,
            "y": 0.512521
          },
          "16": {
            "x": 0.237305,
            "y": 0.54424
          },
          "17": {
            "x": 0.21582,
            "y": 0.594324
          },
          "18": {
            "x": 0.206055,
            "y": 0.63606
          },
          "19": {
            "x": 0.200195,
            "y": 0.646077
          },
          "2": {
            "x": 0.318359,
            "y": 0.345576
          },
          "20": {
            "x": 0.200195,
            "y": 0.649416
          },
          "21": {
            "x": 0.195312,
            "y": 0.659432
          },
          "22": {
            "x": 0.176758,
            "y": 0.717863
          },
          "23": {
            "x": 0.169922,
            "y": 0.731219
          },
          "24": {
            "x": 0.166016,
            "y": 0.747913
          },
          "25": {
            "x": 0.163086,
            "y": 0.751252
          },
          "26": {
            "x": 0.158203,
            "y": 0.766277
          },
          "27": {
            "x": 0.151367,
            "y": 0.779633
          },
          "28": {
            "x": 0.126953,
            "y": 0.853088
          },
          "29": {
            "x": 0.121094,
            "y": 0.864775
          },
          "3": {
            "x": 0.307617,
            "y": 0.357262
          },
          "30": {
            "x": 0.112305,
            "y": 0.896494
          },
          "31": {
            "x": 0.101562,
            "y": 0.923205
          },
          "32": {
            "x": 0.092773,
            "y": 0.954925
          },
          "33": {
            "x": 0.091797,
            "y": 0.966611
          },
          "34": {
            "x": 0.088867,
            "y": 0.973289
          },
          "35": {
            "x": 0.089844,
            "y": 0.986644
          },
          "36": {
            "x": 0.094727,
            "y": 0.994992
          },
          "37": {
            "x": 0.22168,
            "y": 0.994992
          },
          "38": {
            "x": 0.224609,
            "y": 0.989983
          },
          "39": {
            "x": 0.224609,
            "y": 0.983306
          },
          "4": {
            "x": 0.304688,
            "y": 0.367279
          },
          "40": {
            "x": 0.228516,
            "y": 0.964942
          },
          "41": {
            "x": 0.237305,
            "y": 0.9399
          },
          "42": {
            "x": 0.237305,
            "y": 0.933222
          },
          "43": {
            "x": 0.239258,
            "y": 0.928214
          },
          "44": {
            "x": 0.240234,
            "y": 0.914858
          },
          "45": {
            "x": 0.242188,
            "y": 0.911519
          },
          "46": {
            "x": 0.24707,
            "y": 0.876461
          },
          "47": {
            "x": 0.25,
            "y": 0.873122
          },
          "48": {
            "x": 0.253906,
            "y": 0.859766
          },
          "49": {
            "x": 0.259766,
            "y": 0.826377
          },
          "5": {
            "x": 0.297852,
            "y": 0.377295
          },
          "50": {
            "x": 0.267578,
            "y": 0.799666
          },
          "51": {
            "x": 0.268555,
            "y": 0.789649
          },
          "52": {
            "x": 0.270508,
            "y": 0.786311
          },
          "53": {
            "x": 0.271484,
            "y": 0.774624
          },
          "54": {
            "x": 0.273438,
            "y": 0.771285
          },
          "55": {
            "x": 0.274414,
            "y": 0.754591
          },
          "56": {
            "x": 0.27832,
            "y": 0.741235
          },
          "57": {
            "x": 0.282227,
            "y": 0.734558
          },
          "58": {
            "x": 0.286133,
            "y": 0.711185
          },
          "59": {
            "x": 0.293945,
            "y": 0.681135
          },
          "6": {
            "x": 0.297852,
            "y": 0.380634
          },
          "60": {
            "x": 0.298828,
            "y": 0.672788
          },
          "61": {
            "x": 0.300781,
            "y": 0.657763
          },
          "62": {
            "x": 0.304688,
            "y": 0.647746
          },
          "63": {
            "x": 0.308594,
            "y": 0.624374
          },
          "64": {
            "x": 0.313477,
            "y": 0.612688
          },
          "65": {
            "x": 0.317383,
            "y": 0.590985
          },
          "66": {
            "x": 0.324219,
            "y": 0.567613
          },
          "67": {
            "x": 0.324219,
            "y": 0.562604
          },
          "68": {
            "x": 0.328125,
            "y": 0.554257
          },
          "69": {
            "x": 0.337891,
            "y": 0.504174
          },
          "7": {
            "x": 0.293945,
            "y": 0.387312
          },
          "70": {
            "x": 0.341797,
            "y": 0.492487
          },
          "71": {
            "x": 0.34375,
            "y": 0.492487
          },
          "72": {
            "x": 0.352539,
            "y": 0.477462
          },
          "73": {
            "x": 0.356445,
            "y": 0.477462
          },
          "74": {
            "x": 0.360352,
            "y": 0.467446
          },
          "75": {
            "x": 0.363281,
            "y": 0.465776
          },
          "76": {
            "x": 0.365234,
            "y": 0.460768
          },
          "77": {
            "x": 0.369141,
            "y": 0.457429
          },
          "78": {
            "x": 0.380859,
            "y": 0.437396
          },
          "79": {
            "x": 0.384766,
            "y": 0.422371
          },
          "8": {
            "x": 0.294922,
            "y": 0.392321
          },
          "80": {
            "x": 0.384766,
            "y": 0.398998
          },
          "81": {
            "x": 0.376953,
            "y": 0.390651
          },
          "82": {
            "x": 0.374023,
            "y": 0.392321
          },
          "83": {
            "x": 0.368164,
            "y": 0.392321
          },
          "84": {
            "x": 0.367188,
            "y": 0.395659
          },
          "85": {
            "x": 0.359375,
            "y": 0.398998
          },
          "86": {
            "x": 0.357422,
            "y": 0.404007
          },
          "87": {
            "x": 0.358398,
            "y": 0.407346
          },
          "88": {
            "x": 0.356445,
            "y": 0.410684
          },
          "89": {
            "x": 0.355469,
            "y": 0.409015
          },
          "9": {
            "x": 0.289062,
            "y": 0.410684
          },
          "90": {
            "x": 0.355469,
            "y": 0.402337
          },
          "91": {
            "x": 0.352539,
            "y": 0.395659
          },
          "92": {
            "x": 0.356445,
            "y": 0.375626
          },
          "93": {
            "x": 0.361328,
            "y": 0.360601
          },
          "94": {
            "x": 0.363281,