{
  "labels": {
    "0": [
      {
        "instrument_polygon": {
          "0": {
            "x": 0.130859,
            "y": 0.116319
          },
          "1": {
            "x": 0.129883,
            "y": 0.118056
          },
          "10": {
            "x": 0.055664,
            "y": 0.125
          },
          "11": {
            "x": 0.049805,
            "y": 0.125
          },
          "12": {
            "x": 0.048828,
            "y": 0.126736
          },
          "13": {
            "x": 0.037109,
            "y": 0.126736
          },
          "14": {
            "x": 0.033203,
            "y": 0.130208
          },
          "15": {
            "x": 0.03125,
            "y": 0.135417
          },
          "16": {
            "x": 0.03125,
            "y": 0.142361
          },
          "17": {
            "x": 0.027344,
            "y": 0.152778
          },
          "18": {
            "x": 0.027344,
            "y": 0.159722
          },
          "19": {
            "x": 0.023438,
            "y": 0.168403
          },
          "2": {
            "x": 0.111328,
            "y": 0.118056
          },
          "20": {
            "x": 0.023438,
            "y": 0.177083
          },
          "21": {
            "x": 0.016602,
            "y": 0.201389
          },
          "22": {
            "x": 0.014648,
            "y": 0.21875
          },
          "23": {
            "x": 0.010742,
            "y": 0.227431
          },
          "24": {
            "x": 0.010742,
            "y": 0.236111
          },
          "25": {
            "x": 0.007812,
            "y": 0.244792
          },
          "26": {
            "x": 0.010742,
            "y": 0.255208
          },
          "27": {
            "x": 0.009766,
            "y": 0.262153
          },
          "28": {
            "x": 0.006836,
            "y": 0.267361
          },
          "29": {
            "x": 0.008789,
            "y": 0.279514
          },
          "3": {
            "x": 0.110352,
            "y": 0.119792
          },
          "30": {
            "x": 0.013672,
            "y": 0.279514
          },
          "31": {
            "x": 0.025391,
            "y": 0.272569
          },
          "32": {
            "x": 0.040039,
            "y": 0.272569
          },
          "33": {
            "x": 0.041016,
            "y": 0.270833
          },
          "34": {
            "x": 0.046875,
            "y": 0.270833
          },
          "35": {
            "x": 0.047852,
            "y": 0.269097
          },
          "36": {
            "x": 0.050781,
            "y": 0.269097
          },
          "37": {
            "x": 0.051758,
            "y": 0.267361
          },
          "38": {
            "x": 0.057617,
            "y": 0.267361
          },
          "39": {
            "x": 0.058594,
            "y": 0.265625
          },
          "4": {
            "x": 0.088867,
            "y": 0.119792
          },
          "40": {
            "x": 0.0625,
            "y": 0.265625
          },
          "41": {
            "x": 0.064453,
            "y": 0.267361
          },
          "42": {
            "x": 0.070312,
            "y": 0.260417
          },
          "43": {
            "x": 0.082031,
            "y": 0.260417
          },
          "44": {
            "x": 0.086914,
            "y": 0.256944
          },
          "45": {
            "x": 0.095703,
            "y": 0.256944
          },
          "46": {
            "x": 0.100586,
            "y": 0.251736
          },
          "47": {
            "x": 0.107422,
            "y": 0.25
          },
          "48": {
            "x": 0.114258,
            "y": 0.244792
          },
          "49": {
            "x": 0.123047,
            "y": 0.243056
          },
          "5": {
            "x": 0.087891,
            "y": 0.121528
          },
          "50": {
            "x": 0.134766,
            "y": 0.236111
          },
          "51": {
            "x": 0.139648,
            "y": 0.236111
          },
          "52": {
            "x": 0.145508,
            "y": 0.229167
          },
          "53": {
            "x": 0.149414,
            "y": 0.229167
          },
          "54": {
            "x": 0.150391,
            "y": 0.227431
          },
          "55": {
            "x": 0.158203,
            "y": 0.227431
          },
          "56": {
            "x": 0.164062,
            "y": 0.223958
          },
          "57": {
            "x": 0.166992,
            "y": 0.220486
          },
          "58": {
            "x": 0.165039,
            "y": 0.217014
          },
          "59": {
            "x": 0.166992,
            "y": 0.213542
          },
          "6": {
            "x": 0.06543,
            "y": 0.123264
          },
          "60": {
            "x": 0.168945,
            "y": 0.213542
          },
          "61": {
            "x": 0.173828,
            "y": 0.206597
          },
          "62": {
            "x": 0.179688,
            "y": 0.203125
          },
          "63": {
            "x": 0.183594,
            "y": 0.196181
          },
          "64": {
            "x": 0.1875,
            "y": 0.192708
          },
          "65": {
            "x": 0.189453,
            "y": 0.185764
          },
          "66": {
            "x": 0.188477,
            "y": 0.154514
          },
          "67": {
            "x": 0.186523,
            "y": 0.144097
          },
          "68": {
            "x": 0.181641,
            "y": 0.137153
          },
          "69": {
            "x": 0.181641,
            "y": 0.133681
          },
          "7": {
            "x": 0.064453,
            "y": 0.125
          },
          "70": {
            "x": 0.179688,
            "y": 0.133681
          },
          "71": {
            "x": 0.176758,
            "y": 0.128472
          },
          "72": {
            "x": 0.162109,
            "y": 0.119792
          },
          "73": {
            "x": 0.15918,
            "y": 0.119792
          },
          "74": {
            "x": 0.158203,
            "y": 0.118056
          },
          "75": {
            "x": 0.151367,
            "y": 0.118056
          },
          "76": {
            "x": 0.150391,
            "y": 0.116319
          },
          "8": {
            "x": 0.0625,
            "y": 0.123264
          },
          "9": {
            "x": 0.056641,
            "y": 0.123264
          }
        },
        "instrument_type": "Grasper"
      },
      {
        "is_tti": 0,
        "non_interaction_tool": "Cautery (Hook, Spatula)",
        "instrument_polygon": {
          "0": {
            "x": 0.657227,
            "y": 0.602431
          },
          "1": {
            "x": 0.660156,
            "y": 0.616319
          },
          "10": {
            "x": 0.71875,
            "y": 0.711806
          },
          "11": {
            "x": 0.759766,
            "y": 0.772569
          },
          "12": {
            "x": 0.777344,
            "y": 0.788194
          },
          "13": {
            "x": 0.78418,
            "y": 0.791667
          },
          "14": {
            "x": 0.794922,
            "y": 0.802083
          },
          "15": {
            "x": 0.796875,
            "y": 0.802083
          },
          "16": {
            "x": 0.802734,
            "y": 0.809028
          },
          "17": {
            "x": 0.808594,
            "y": 0.8125
          },
          "18": {
            "x": 0.826172,
            "y": 0.828125
          },
          "19": {
            "x": 0.828125,
            "y": 0.831597
          },
          "2": {
            "x": 0.665039,
            "y": 0.625
          },
          "20": {
            "x": 0.830078,
            "y": 0.831597
          },
          "21": {
            "x": 0.839844,
            "y": 0.840278
          },
          "22": {
            "x": 0.84375,