{
  "labels": {
    "67": [
      {
        "instrument_polygon": {
          "0": {
            "x": 0.188477,
            "y": 0
          },
          "1": {
            "x": 0.189453,
            "y": 0.003466
          },
          "2": {
            "x": 0.192383,
            "y": 0.003466
          },
          "3": {
            "x": 0.193359,
            "y": 0.005199
          },
          "4": {
            "x": 0.199219,
            "y": 0.005199
          },
          "5": {
            "x": 0.205078,
            "y": 0.013865
          },
          "6": {
            "x": 0.209961,
            "y": 0.013865
          },
          "7": {
            "x": 0.210938,
            "y": 0.015598
          },
          "8": {
            "x": 0.216797,
            "y": 0.017331
          },
          "9": {
            "x": 0.219727,
            "y": 0.020797
          },
          "10": {
            "x": 0.227539,
            "y": 0.02253
          },
          "11": {
            "x": 0.235352,
            "y": 0.029463
          },
          "12": {
            "x": 0.25,
            "y": 0.036395
          },
          "13": {
            "x": 0.258789,
            "y": 0.043328
          },
          "14": {
            "x": 0.261719,
            "y": 0.043328
          },
          "15": {
            "x": 0.268555,
            "y": 0.05026
          },
          "16": {
            "x": 0.27832,
            "y": 0.053726
          },
          "17": {
            "x": 0.285156,
            "y": 0.058925
          },
          "18": {
            "x": 0.288086,
            "y": 0.058925
          },
          "19": {
            "x": 0.291992,
            "y": 0.064125
          },
          "20": {
            "x": 0.301758,
            "y": 0.064125
          },
          "21": {
            "x": 0.304688,
            "y": 0.067591
          },
          "22": {
            "x": 0.30957,
            "y": 0.069324
          },
          "23": {
            "x": 0.318359,
            "y": 0.07799
          },
          "24": {
            "x": 0.323242,
            "y": 0.07799
          },
          "25": {
            "x": 0.328125,
            "y": 0.083189
          },
          "26": {
            "x": 0.333008,
            "y": 0.083189
          },
          "27": {
            "x": 0.333984,
            "y": 0.084922
          },
          "28": {
            "x": 0.341797,
            "y": 0.086655
          },
          "29": {
            "x": 0.344727,
            "y": 0.091854
          },
          "30": {
            "x": 0.351562,
            "y": 0.093588
          },
          "31": {
            "x": 0.352539,
            "y": 0.095321
          },
          "32": {
            "x": 0.356445,
            "y": 0.095321
          },
          "33": {
            "x": 0.359375,
            "y": 0.098787
          },
          "34": {
            "x": 0.365234,
            "y": 0.102253
          },
          "35": {
            "x": 0.368164,
            "y": 0.102253
          },
          "36": {
            "x": 0.369141,
            "y": 0.103986
          },
          "37": {
            "x": 0.37207,
            "y": 0.103986
          },
          "38": {
            "x": 0.375,
            "y": 0.10052
          },
          "39": {
            "x": 0.401367,
            "y": 0.10052
          },
          "40": {
            "x": 0.40332,
            "y": 0.098787
          },
          "41": {
            "x": 0.40625,
            "y": 0.102253
          },
          "42": {
            "x": 0.420898,
            "y": 0.103986
          },
          "43": {
            "x": 0.423828,
            "y": 0.107452
          },
          "44": {
            "x": 0.423828,
            "y": 0.110919
          },
          "45": {
            "x": 0.426758,
            "y": 0.109185
          },
          "46": {
            "x": 0.431641,
            "y": 0.112652
          },
          "47": {
            "x": 0.432617,
            "y": 0.110919
          },
          "48": {
            "x": 0.435547,
            "y": 0.110919
          },
          "49": {
            "x": 0.439453,
            "y": 0.116118
          },
          "50": {
            "x": 0.445312,
            "y": 0.116118
          },
          "51": {
            "x": 0.446289,
            "y": 0.117851
          },
          "52": {
            "x": 0.460938,
            "y": 0.117851
          },
          "53": {
            "x": 0.461914,
            "y": 0.116118
          },
          "54": {
            "x": 0.466797,
            "y": 0.116118
          },
          "55": {
            "x": 0.467773,
            "y": 0.102253
          },
          "56": {
            "x": 0.464844,
            "y": 0.090121
          },
          "57": {
            "x": 0.46582,
            "y": 0.071057
          },
          "58": {
            "x": 0.463867,
            "y": 0.055459
          },
          "59": {
            "x": 0.462891,
            "y": 0.053726
          },
          "60": {
            "x": 0.458008,
            "y": 0.053726
          },
          "61": {
            "x": 0.447266,
            "y": 0.032929
          },
          "62": {
            "x": 0.441406,
            "y": 0.029463
          },
          "63": {
            "x": 0.43457,
            "y": 0.017331
          },
          "64": {
            "x": 0.431641,
            "y": 0.017331
          },
          "65": {
            "x": 0.423828,
            "y": 0.012132
          },
          "66": {
            "x": 0.418945,
            "y": 0
          }
        },
        "instrument_type": "Grasper"
      },
      {
        "is_tti": 1,
        "interaction_type": "Retract and grab",
        "interaction_tool": "Grasper",
        "tti_polygon": {
          "0": {
            "x": 0.36694401284779804,
            "y": 0.11467503628676004
          },
          "1": {
            "x": 0.36449588060948707,
            "y": 0.10645135207623374
          },
          "2": {
            "x": 0.3633469276385524,
            "y": 0.09551602139341155
          },
          "3": {
            "x": 0.3613717300371879,
            "y": 0.08107527136185787
          },
          "4": {
            "x": 0.35954675873226516,
            "y": 0.06690075571122046
          },
          "5": {
            "x": 0.356675767289155,
            "y": 0.04869821248264543
          },
          "6": {
            "x": 0.3560915539141035,
            "y": 0.0390053089107661
          },
          "7": {
            "x": 0.3547895926782745,
            "y": 0.028996868294837788
          },
          "8": {
            "x": 0.3544974859907487,
            "y": 0.015946453363624862
          },
          "9": {
            "x": 0.3544974859907487,
            "y": 0.0063077827211914395
          },
          "10": {
            "x": 0.35710140846240684,
            "y": 0
          },
          "11": {
            "x": 0.4488284722823952,
            "y": 0
          },
          "12": {
            "x": 0.45328796771195484,
            "y": 0
          },
          "13": {
            "x": 0.45861543729873383,
            "y": 0.004237070869620068
          },
          "14": {
            "x": 0.46307493272829353,
            "y": 0.009093383188186265
          },
          "15": {
            "x": 0.46720337391199074,
            "y": 0.021271140981951254
          },
          "16": {
            "x": 0.47054729999204736,
            "y": 0.02917435788211533
          },
          "17": {
            "x": 0.472900845302969,
            "y": 0.03827562949640285
          },
          "18": {
            "x": 0.4751820594341224,
            "y": 0.0476283446926669
          },
          "19": {
            "x": 0.47658417153424604,
            "y": 0.05853409377760946
          },
          "20": {
            "x": 0.47793342623376966,