{
  "labels": {
    "100": [
      {
        "is_tti": 0,
        "non_interaction_tool": "Cautery (Hook, Spatula)",
        "tti_polygon": {
          "0": {
            "x": 0.96875,
            "y": 0.1536
          },
          "1": {
            "x": 0.967773,
            "y": 0.1552
          },
          "2": {
            "x": 0.954102,
            "y": 0.1552
          },
          "3": {
            "x": 0.951172,
            "y": 0.1584
          },
          "4": {
            "x": 0.935547,
            "y": 0.1616
          },
          "5": {
            "x": 0.927734,
            "y": 0.168
          },
          "6": {
            "x": 0.922852,
            "y": 0.168
          },
          "7": {
            "x": 0.921875,
            "y": 0.1696
          },
          "8": {
            "x": 0.924805,
            "y": 0.1696
          },
          "9": {
            "x": 0.928711,
            "y": 0.1728
          },
          "10": {
            "x": 0.925781,
            "y": 0.176
          },
          "11": {
            "x": 0.916992,
            "y": 0.1744
          },
          "12": {
            "x": 0.911133,
            "y": 0.1792
          },
          "13": {
            "x": 0.902344,
            "y": 0.1808
          },
          "14": {
            "x": 0.896484,
            "y": 0.1856
          },
          "15": {
            "x": 0.893555,
            "y": 0.1856
          },
          "16": {
            "x": 0.889648,
            "y": 0.1904
          },
          "17": {
            "x": 0.881836,
            "y": 0.1936
          },
          "18": {
            "x": 0.875977,
            "y": 0.1984
          },
          "19": {
            "x": 0.873047,
            "y": 0.1984
          },
          "20": {
            "x": 0.866211,
            "y": 0.2064
          },
          "21": {
            "x": 0.859375,
            "y": 0.2096
          },
          "22": {
            "x": 0.856445,
            "y": 0.2128
          },
          "23": {
            "x": 0.852539,
            "y": 0.2128
          },
          "24": {
            "x": 0.848633,
            "y": 0.216
          },
          "25": {
            "x": 0.845703,
            "y": 0.216
          },
          "26": {
            "x": 0.84082,
            "y": 0.2208
          },
          "27": {
            "x": 0.836914,
            "y": 0.2208
          },
          "28": {
            "x": 0.832031,
            "y": 0.224
          },
          "29": {
            "x": 0.829102,
            "y": 0.224
          },
          "30": {
            "x": 0.825195,
            "y": 0.2304
          },
          "31": {
            "x": 0.820312,
            "y": 0.232
          },
          "32": {
            "x": 0.8125,
            "y": 0.2384
          },
          "33": {
            "x": 0.80957,
            "y": 0.2432
          },
          "34": {
            "x": 0.803711,
            "y": 0.248
          },
          "35": {
            "x": 0.798828,
            "y": 0.256
          },
          "36": {
            "x": 0.794922,
            "y": 0.2512
          },
          "37": {
            "x": 0.789062,
            "y": 0.2544
          },
          "38": {
            "x": 0.782227,
            "y": 0.2544
          },
          "39": {
            "x": 0.777344,
            "y": 0.2608
          },
          "40": {
            "x": 0.771484,
            "y": 0.2624
          },
          "41": {
            "x": 0.765625,
            "y": 0.2704
          },
          "42": {
            "x": 0.754883,
            "y": 0.2768
          },
          "43": {
            "x": 0.749023,
            "y": 0.2784
          },
          "44": {
            "x": 0.742188,
            "y": 0.2848
          },
          "45": {
            "x": 0.735352,
            "y": 0.288
          },
          "46": {
            "x": 0.724609,
            "y": 0.3008
          },
          "47": {
            "x": 0.714844,
            "y": 0.3088
          },
          "48": {
            "x": 0.707031,
            "y": 0.32
          },
          "49": {
            "x": 0.705078,
            "y": 0.32
          },
          "50": {
            "x": 0.700195,
            "y": 0.3248
          },
          "51": {
            "x": 0.700195,
            "y": 0.328
          },
          "52": {
            "x": 0.696289,
            "y": 0.3344
          },
          "53": {
            "x": 0.689453,
            "y": 0.3408
          },
          "54": {
            "x": 0.685547,
            "y": 0.3504
          },
          "55": {
            "x": 0.678711,
            "y": 0.3568
          },
          "56": {
            "x": 0.678711,
            "y": 0.36
          },
          "57": {
            "x": 0.675781,
            "y": 0.3648
          },
          "58": {
            "x": 0.670898,
            "y": 0.368
          },
          "59": {
            "x": 0.665039,
            "y": 0.3792
          },
          "60": {
            "x": 0.658203,
            "y": 0.3856
          },
          "61": {
            "x": 0.65332,
            "y": 0.3968
          },
          "62": {
            "x": 0.642578,
            "y": 0.4032
          },
          "63": {
            "x": 0.634766,
            "y": 0.4112
          },
          "64": {
            "x": 0.630859,
            "y": 0.4112
          },
          "65": {
            "x": 0.624023,
            "y": 0.4176
          },
          "66": {
            "x": 0.619141,
            "y": 0.4192
          },
          "67": {
            "x": 0.613281,
            "y": 0.4256
          },
          "68": {
            "x": 0.610352,
            "y": 0.4256
          },
          "69": {
            "x": 0.604492,
            "y": 0.4304
          },
          "70": {
            "x": 0.600586,
            "y": 0.4368
          },
          "71": {
            "x": 0.597656,
            "y": 0.4464
          },
          "72": {
            "x": 0.594727,
            "y": 0.4464
          },
          "73": {
            "x": 0.592773,
            "y": 0.4496
          },
          "74": {
            "x": 0.588867,
            "y": 0.4496
          },
          "75": {
            "x": 0.586914,
            "y": 0.4512
          },
          "76": {
            "x": 0.585938,
            "y": 0.4496
          },
          "77": {
            "x": 0.582031,
            "y": 0.4496
          },
          "78": {
            "x": 0.581055,
            "y": 0.4512
          },
          "79": {
            "x": 0.577148,
            "y": 0.4512
          },
          "80": {
            "x": 0.575195,
            "y": 0.4496
          },
          "81": {
            "x": 0.571289,
            "y": 0.4528
          },
          "82": {
            "x": 0.560547,
            "y": 0.4528
          },
          "83": {
            "x": 0.554688,
            "y": 0.456
          },
          "84": {
            "x": 0.548828,
            "y": 0.456
          },
          "85": {
            "x": 0.547852,
            "y": 0.4576
          },
          "86": {
            "x": 0.542969,
            "y": 0.4576
          },
          "87": {
            "x": 0.541992,
            "y": 0.4592
          },
          "88": {
            "x": 0.537109,
            "y": 0.4592
          },
          "89": {
            "x": 0.53418,
            "y": 0.4656
          },
          "90": {
            "x": 0.535156,
            "y": 0.4704
          },
          "91": {
            "x": 0.538086,
            "y": 0.472
          },
          "92": {
            "x": 0.539062,
            "y": 0.4704
          },
          "93": {
            "x": 0.544922,
            "y": 0.4704
          },
          "94": {
            "x": 0.550781,
            "y": 0.4736
          },
          "95": {
            "x": 0.561523,
            "y": 0.4736
          },