{
  "labels": {
    "131": [
      {
        "is_tti": 0,
        "non_interaction_tool": "Cautery (Hook, Spatula)",
        "tti_polygon": {
          "0": {
            "x": 0.668945,
            "y": 0.012132
          },
          "1": {
            "x": 0.666992,
            "y": 0.015598
          },
          "2": {
            "x": 0.662109,
            "y": 0.017331
          },
          "3": {
            "x": 0.660156,
            "y": 0.020797
          },
          "4": {
            "x": 0.650391,
            "y": 0.043328
          },
          "5": {
            "x": 0.647461,
            "y": 0.055459
          },
          "6": {
            "x": 0.638672,
            "y": 0.07279
          },
          "7": {
            "x": 0.637695,
            "y": 0.098787
          },
          "8": {
            "x": 0.634766,
            "y": 0.119584
          },
          "9": {
            "x": 0.642578,
            "y": 0.143847
          },
          "10": {
            "x": 0.648438,
            "y": 0.149047
          },
          "11": {
            "x": 0.651367,
            "y": 0.149047
          },
          "12": {
            "x": 0.657227,
            "y": 0.155979
          },
          "13": {
            "x": 0.65918,
            "y": 0.155979
          },
          "14": {
            "x": 0.666016,
            "y": 0.162912
          },
          "15": {
            "x": 0.668945,
            "y": 0.162912
          },
          "16": {
            "x": 0.681641,
            "y": 0.17331
          },
          "17": {
            "x": 0.683594,
            "y": 0.17331
          },
          "18": {
            "x": 0.688477,
            "y": 0.180243
          },
          "19": {
            "x": 0.692383,
            "y": 0.180243
          },
          "20": {
            "x": 0.704102,
            "y": 0.190641
          },
          "21": {
            "x": 0.712891,
            "y": 0.195841
          },
          "22": {
            "x": 0.71582,
            "y": 0.195841
          },
          "23": {
            "x": 0.720703,
            "y": 0.20104
          },
          "24": {
            "x": 0.726562,
            "y": 0.202773
          },
          "25": {
            "x": 0.737305,
            "y": 0.211438
          },
          "26": {
            "x": 0.744141,
            "y": 0.213172
          },
          "27": {
            "x": 0.75293,
            "y": 0.221837
          },
          "28": {
            "x": 0.765625,
            "y": 0.228769
          },
          "29": {
            "x": 0.770508,
            "y": 0.235702
          },
          "30": {
            "x": 0.775391,
            "y": 0.237435
          },
          "31": {
            "x": 0.78125,
            "y": 0.244367
          },
          "32": {
            "x": 0.787109,
            "y": 0.246101
          },
          "33": {
            "x": 0.794922,
            "y": 0.254766
          },
          "34": {
            "x": 0.797852,
            "y": 0.254766
          },
          "35": {
            "x": 0.806641,
            "y": 0.259965
          },
          "36": {
            "x": 0.8125,
            "y": 0.266898
          },
          "37": {
            "x": 0.818359,
            "y": 0.270364
          },
          "38": {
            "x": 0.820312,
            "y": 0.27383
          },
          "39": {
            "x": 0.825195,
            "y": 0.275563
          },
          "40": {
            "x": 0.831055,
            "y": 0.280763
          },
          "41": {
            "x": 0.839844,
            "y": 0.282496
          },
          "42": {
            "x": 0.845703,
            "y": 0.292894
          },
          "43": {
            "x": 0.851562,
            "y": 0.29636
          },
          "44": {
            "x": 0.854492,
            "y": 0.29636
          },
          "45": {
            "x": 0.864258,
            "y": 0.305026
          },
          "46": {
            "x": 0.868164,
            "y": 0.310225
          },
          "47": {
            "x": 0.867188,
            "y": 0.313692
          },
          "48": {
            "x": 0.871094,
            "y": 0.318891
          },
          "49": {
            "x": 0.873047,
            "y": 0.318891
          },
          "50": {
            "x": 0.875,
            "y": 0.313692
          },
          "51": {
            "x": 0.87793,
            "y": 0.313692
          },
          "52": {
            "x": 0.883789,
            "y": 0.320624
          },
          "53": {
            "x": 0.887695,
            "y": 0.322357
          },
          "54": {
            "x": 0.888672,
            "y": 0.325823
          },
          "55": {
            "x": 0.895508,
            "y": 0.327556
          },
          "56": {
            "x": 0.899414,
            "y": 0.332756
          },
          "57": {
            "x": 0.904297,
            "y": 0.334489
          },
          "58": {
            "x": 0.905273,
            "y": 0.332756
          },
          "59": {
            "x": 0.90918,
            "y": 0.332756
          },
          "60": {
            "x": 0.914062,
            "y": 0.336222
          },
          "61": {
            "x": 0.927734,
            "y": 0.337955
          },
          "62": {
            "x": 0.942383,
            "y": 0.348354
          },
          "63": {
            "x": 0.946289,
            "y": 0.348354
          },
          "64": {
            "x": 0.947266,
            "y": 0.350087
          },
          "65": {
            "x": 0.951172,
            "y": 0.350087
          },
          "66": {
            "x": 0.954102,
            "y": 0.353553
          },
          "67": {
            "x": 0.962891,
            "y": 0.355286
          },
          "68": {
            "x": 0.967773,
            "y": 0.358752
          },
          "69": {
            "x": 0.969727,
            "y": 0.362218
          },
          "70": {
            "x": 0.980469,
            "y": 0.363951
          },
          "71": {
            "x": 0.984375,
            "y": 0.367418
          },
          "72": {
            "x": 0.999023,
            "y": 0.367418
          },
          "73": {
            "x": 0.999023,
            "y": 0.136915
          },
          "74": {
            "x": 0.995117,
            "y": 0.136915
          },
          "75": {
            "x": 0.990234,
            "y": 0.131716
          },
          "76": {
            "x": 0.987305,
            "y": 0.131716
          },
          "77": {
            "x": 0.986328,
            "y": 0.129983
          },
          "78": {
            "x": 0.980469,
            "y": 0.129983
          },
          "79": {
            "x": 0.973633,
            "y": 0.12305
          },
          "80": {
            "x": 0.962891,
            "y": 0.121317
          },
          "81": {
            "x": 0.956055,
            "y": 0.116118
          },
          "82": {
            "x": 0.946289,
            "y": 0.117851
          },
          "83": {
            "x": 0.941406,
            "y": 0.110919
          },
          "84": {
            "x": 0.9375,
            "y": 0.110919
          },
          "85": {
            "x": 0.936523,
            "y": 0.112652
          },
          "86": {
            "x": 0.921875,
            "y": 0.112652
          },
          "87": {
            "x": 0.920898,
            "y": 0.114385
          },
          "88": {
            "x": 0.90918,
            "y": 0.114385
          },
          "89": {
            "x": 0.908203,
            "y": 0.112652
          },
          "90": {
            "x": 0.895508,
            "y": 0.110919
          },
          "91": {
            "x": 0.894531,
            "y": 0.109185
          },
          "92": {
            "x": 0.875,
            "y": 0.107452
          },
          "93": {
            "x": 0.874023,