{
  "labels": {
    "0": [],
    "23": [
      {
        "instrument_polygon": {
          "0": {
            "x": 0.7041804590462369,
            "y": 0.26642019596240896
          },
          "1": {
            "x": 0.6854685398998733,
            "y": 0.3029578276539222
          },
          "2": {
            "x": 0.7063818316598154,
            "y": 0.34993475424097437
          },
          "3": {
            "x": 0.8153515395485766,
            "y": 0.374293197492456
          },
          "4": {
            "x": 1,
            "y": 0.42822966507177035
          },
          "5": {
            "x": 0.9892624953307427,
            "y": 0.2646803687893344
          },
          "6": {
            "x": 0.959543545162522,
            "y": 0.1602870879768548
          },
          "7": {
            "x": 0.8846957006231028,
            "y": 0.17594606350587214
          },
          "8": {
            "x": 0.8087472537538768,
            "y": 0.22988263064231396
          },
          "9": {
            "x": 0.7493093534174358,
            "y": 0.27859938440244064
          },
          "10": {
            "x": 0.7206910055790221,
            "y": 0.2716398434101783
          },
          "11": {
            "x": 0.7372015521118074,
            "y": 0.217703375830864
          },
          "12": {
            "x": 0.7239931484763721,
            "y": 0.20900394129410885
          }
        },
        "instrument_type": "Cautery (Hook, Spatula)"
      },
      {
        "is_tti": 1,
        "interaction_type": "Energy - sharp dissection",
        "interaction_tool": "Cautery (Hook, Spatula)",
        "tti_polygon": {
          "0": {
            "x": 0.728395893703529,
            "y": 0.19508489249529348
          },
          "1": {
            "x": 0.6920726577406086,
            "y": 0.20552415420512318
          },
          "2": {
            "x": 0.6810656267187517,
            "y": 0.2681600895069018
          },
          "3": {
            "x": 0.7195902352952507,
            "y": 0.2838190650359192
          },
          "4": {
            "x": 0.7691218748936063,
            "y": 0.2368421052631579
          },
          "5": {
            "x": 0.7548128689283642,
            "y": 0.19856461321286092
          }
        }
      }
    ],
    "64": [
      {
        "instrument_polygon": {
          "0": {
            "x": 0.7140867197843221,
            "y": 0.17594606350587214
          },
          "1": {
            "x": 0.7460072105200858,
            "y": 0.19508489249529348
          },
          "2": {
            "x": 0.8351640610247472,
            "y": 0.10287083330855469
          },
          "3": {
            "x": 0.903407787723431,
            "y": 0.03327537360736837
          },
          "4": {
            "x": 0.9254218497671448,
            "y": 0.08373205409769705
          },
          "5": {
            "x": 0.9925646382280927,
            "y": 0.26642019596240896
          },
          "6": {
            "x": 0.821955657389312,
            "y": 0.2316224578153885
          },
          "7": {
            "x": 0.7118853471707437,
            "y": 0.23336235135988137
          },
          "8": {
            "x": 0.700878316148887,
            "y": 0.20552415420512318
          }
        },
        "instrument_type": "Cautery (Hook, Spatula)"
      },
      {
        "is_tti": 1,
        "interaction_type": "Energy - sharp dissection",
        "interaction_tool": "Cautery (Hook, Spatula)",
        "tti_polygon": {
          "0": {
            "x": 0.697576173251537,
            "y": 0.14636800599233024
          },
          "1": {
            "x": 0.6744615088780164,
            "y": 0.217703375830864
          },
          "2": {
            "x": 0.6920726577406086,
            "y": 0.2681600895069018
          },
          "3": {
            "x": 0.7162882603518652,
            "y": 0.2681600895069018
          },
          "4": {
            "x": 0.7471078128498927,
            "y": 0.18290563768384355
          },
          "5": {
            "x": 0.7327988068846504,
            "y": 0.15506744052908536
          }
        }
      }
    ],
    "99": [
      {
        "instrument_polygon": {
          "0": {
            "x": 0.6854685398998733,
            "y": 0.16898652251360988
          },
          "1": {
            "x": 0.728395893703529,
            "y": 0.1602870879768548
          },
          "2": {
            "x": 0.8043445085267198,
            "y": 0.06285341452805569
          },
          "3": {
            "x": 0.8670845517605108,
            "y": 0
          },
          "4": {
            "x": 0.9001056448260811,
            "y": 0.008916930355886747
          },
          "5": {
            "x": 0.9804570048764288,
            "y": 0.23336235135988137
          },
          "6": {
            "x": 0.8681851540903176,
            "y": 0.24554153979991306
          },
          "7": {
            "x": 0.6876699125134517,
            "y": 0.23510224490437423
          },
          "8": {
            "x": 0.6689579933670879,
            "y": 0.21248376156880372
          }
        },
        "instrument_type": "Cautery (Hook, Spatula)"
      },
      {
        "is_tti": 1,
        "interaction_type": "Energy - sharp dissection",
        "interaction_tool": "Cautery (Hook, Spatula)",
        "tti_polygon": {
          "0": {
            "x": 0.6755621112078233,
            "y": 0.15158765344009964
          },
          "1": {
            "x": 0.6205270400755215,
            "y": 0.1602870879768548
          },
          "2": {
            "x": 0.6007143506453864,
            "y": 0.21422358874187827
          },
          "3": {
            "x": 0.6304333847905891,
            "y": 0.28903871248368856
          },
          "4": {
            "x": 0.6887706827972232,
            "y": 0.2803392779469335
          },
          "5": {
            "x": 0.6832671672862948,
            "y": 0.18986517867610578
          },
          "6": {
            "x": 0.7019790864326585,
            "y": 0.1533275469845925
          }
        }
      }
    ],
    "146": [
      {
        "is_tti": 0,
        "non_interaction_tool": "Cautery (Hook, Spatula)",
        "instrument_polygon": {
          "0": {
            "x": 0.5302693353101062,
            "y": 0.2768595240436569
          },
          "1": {
            "x": 0.5247658197991778,
            "y": 0.34471510679320494
          },
          "2": {
            "x": 0.5071545869596034,
            "y": 0.4177903701762315
          },
          "3": {
            "x": 0.5621897420688875,
            "y": 0.47694648520331534
          },
          "4": {
            "x": 0.7449064402363141,
            "y": 0.6248368723281522
          },
          "5": {
            "x": 1,
            "y": 0.7814266939897442
          },
          "6": {
            "x": 0.9969675514092141,
            "y": 0.31339712254946106
          },
          "7": {
            "x": 0.9760540916953074,
            "y": 0.24206178589663646
          },
          "8": {
            "x": 0.7129861174545153,
            "y": 0.2594606549701467
          },
          "9": {
            "x": 0.6161242108713824,
            "y": 0.32209655708621615
          },
          "10": {
            "x": 0.5588875991715375,
            "y": 0.38473249238799484
          },
          "11": {
            "x": 0.5335714782074562,
            "y": 0.34471510679320494
          },
          "12": {
            "x": 0.5467798818428915,
            "y": 0.2959982534759508
          }
        }
      },
      {
        "instrument_polygon": {
          "0": {
            "x": 0.0030325325677681807,
            "y": 0.4995650680960132
          },
          "1": {
            "x": 0.4102926803764705,
            "y": 0.12896913691882003
          },
          "2": {
            "x": 0.46312646287217607,
            "y": 0.06633318502418684
          },