{
  "labels": {
    "75": [
      {
        "instrument_polygon": {
          "0": {
            "x": 0.111328,
            "y": 0.45092
          },
          "1": {
            "x": 0.109375,
            "y": 0.455521
          },
          "10": {
            "x": 0.035156,
            "y": 0.476994
          },
          "11": {
            "x": 0.025391,
            "y": 0.483129
          },
          "12": {
            "x": 0.014648,
            "y": 0.484663
          },
          "13": {
            "x": 0,
            "y": 0.492331
          },
          "14": {
            "x": 0,
            "y": 0.518405
          },
          "15": {
            "x": 0.001953,
            "y": 0.519939
          },
          "16": {
            "x": 0.00293,
            "y": 0.529141
          },
          "17": {
            "x": 0.001953,
            "y": 0.532209
          },
          "18": {
            "x": 0.004883,
            "y": 0.569018
          },
          "19": {
            "x": 0.008789,
            "y": 0.579755
          },
          "2": {
            "x": 0.106445,
            "y": 0.455521
          },
          "20": {
            "x": 0.012695,
            "y": 0.579755
          },
          "21": {
            "x": 0.016602,
            "y": 0.575153
          },
          "22": {
            "x": 0.029297,
            "y": 0.570552
          },
          "23": {
            "x": 0.033203,
            "y": 0.567485
          },
          "24": {
            "x": 0.037109,
            "y": 0.567485
          },
          "25": {
            "x": 0.040039,
            "y": 0.564417
          },
          "26": {
            "x": 0.042969,
            "y": 0.564417
          },
          "27": {
            "x": 0.045898,
            "y": 0.56135
          },
          "28": {
            "x": 0.051758,
            "y": 0.559816
          },
          "29": {
            "x": 0.055664,
            "y": 0.556748
          },
          "3": {
            "x": 0.105469,
            "y": 0.457055
          },
          "30": {
            "x": 0.076172,
            "y": 0.556748
          },
          "31": {
            "x": 0.077148,
            "y": 0.555215
          },
          "32": {
            "x": 0.084961,
            "y": 0.555215
          },
          "33": {
            "x": 0.09082,
            "y": 0.552147
          },
          "34": {
            "x": 0.095703,
            "y": 0.552147
          },
          "35": {
            "x": 0.104492,
            "y": 0.547546
          },
          "36": {
            "x": 0.110352,
            "y": 0.541411
          },
          "37": {
            "x": 0.114258,
            "y": 0.539877
          },
          "38": {
            "x": 0.121094,
            "y": 0.529141
          },
          "39": {
            "x": 0.12207,
            "y": 0.521472
          },
          "4": {
            "x": 0.097656,
            "y": 0.457055
          },
          "40": {
            "x": 0.124023,
            "y": 0.523006
          },
          "41": {
            "x": 0.124023,
            "y": 0.527607
          },
          "42": {
            "x": 0.126953,
            "y": 0.527607
          },
          "43": {
            "x": 0.12793,
            "y": 0.52454
          },
          "44": {
            "x": 0.125977,
            "y": 0.516871
          },
          "45": {
            "x": 0.12207,
            "y": 0.51227
          },
          "46": {
            "x": 0.123047,
            "y": 0.504601
          },
          "47": {
            "x": 0.120117,
            "y": 0.496933
          },
          "48": {
            "x": 0.120117,
            "y": 0.492331
          },
          "49": {
            "x": 0.124023,
            "y": 0.483129
          },
          "5": {
            "x": 0.092773,
            "y": 0.460123
          },
          "50": {
            "x": 0.124023,
            "y": 0.466258
          },
          "51": {
            "x": 0.123047,
            "y": 0.461656
          },
          "52": {
            "x": 0.115234,
            "y": 0.452454
          },
          "53": {
            "x": 0.112305,
            "y": 0.452454
          },
          "6": {
            "x": 0.068359,
            "y": 0.46319
          },
          "7": {
            "x": 0.056641,
            "y": 0.469325
          },
          "8": {
            "x": 0.047852,
            "y": 0.469325
          },
          "9": {
            "x": 0.042969,
            "y": 0.47546
          }
        },
        "instrument_type": "Grasper"
      },
      {
        "is_tti": 1,
        "interaction_type": "Retract and grab",
        "interaction_tool": "Grasper",
        "tti_polygon": {
          "0": {
            "x": 0.010505930680795602,
            "y": 0.6061584942572258
          },
          "1": {
            "x": 0.01002186817003867,
            "y": 0.5960021456518996
          },
          "10": {
            "x": 0.002059982847003987,
            "y": 0.5054824561403509
          },
          "11": {
            "x": 0.002059982847003987,
            "y": 0.49526694433926544
          },
          "12": {
            "x": 0.002059982847003987,
            "y": 0.48459291777104635
          },
          "13": {
            "x": 0.002059982847003987,
            "y": 0.4744365691657201
          },
          "14": {
            "x": 0.003040680920745319,
            "y": 0.4626630932096428
          },
          "15": {
            "x": 0.006771734169242029,
            "y": 0.4539956850309227
          },
          "16": {
            "x": 0.014705330124764942,
            "y": 0.4464227959737473
          },
          "17": {
            "x": 0.021513637905930808,
            "y": 0.4438344061592831
          },
          "18": {
            "x": 0.031352051273912857,
            "y": 0.441527041524675
          },
          "19": {
            "x": 0.0376417206506963,
            "y": 0.4392492584879465
          },
          "2": {
            "x": 0.00925805524722088,
            "y": 0.584499834343052
          },
          "20": {
            "x": 0.04507868104323481,
            "y": 0.4370158478480373
          },
          "21": {
            "x": 0.05104145106210442,
            "y": 0.4349845781269721
          },
          "22": {
            "x": 0.058780164708101816,
            "y": 0.4320707907358324
          },
          "23": {
            "x": 0.06537158733834411,
            "y": 0.43087273602170895
          },
          "24": {
            "x": 0.07390240327467106,
            "y": 0.4274264798687366
          },
          "25": {
            "x": 0.08483152892338468,
            "y": 0.42591288811056416
          },
          "26": {
            "x": 0.09174985091154073,
            "y": 0.42487753218477853
          },
          "27": {
            "x": 0.09916166519962433,
            "y": 0.42435985422188566
          },
          "28": {
            "x": 0.1069035221086786,
            "y": 0.42435985422188566
          },
          "29": {
            "x": 0.11543433804500554,
            "y": 0.42435985422188566
          },
          "3": {
            "x": 0.008113907494522652,
            "y": 0.5750140019563297
          },
          "30": {
            "x": 0.12158884711034382,
            "y": 0.42435985422188566
          },
          "31": {
            "x": 0.1277433561756821,
            "y": 0.43021208033573144
          },
          "32": {
            "x": 0.1354820698216795,
            "y": 0.43482187933863437
          },
          "33": {
            "x": 0.14003980125413126,
            "y": 0.4427250962387984
          },
          "34": {
            "x": 0.14425177375032805,
            "y": 0.4539168007699104
          },
          "35": {
            "x": 0.14767478721925217,
            "y": 0.4618200176700745
          },
          "36": {
            "x": 0.1498530685176584,