{
  "labels": {
    "14": [
      {
        "is_tti": 0,
        "non_interaction_tool": "Cautery (Hook, Spatula)",
        "tti_polygon": {
          "0": {
            "x": 0.429688,
            "y": 0.450479
          },
          "1": {
            "x": 0.428711,
            "y": 0.455272
          },
          "2": {
            "x": 0.43457,
            "y": 0.468051
          },
          "3": {
            "x": 0.453125,
            "y": 0.488818
          },
          "4": {
            "x": 0.462891,
            "y": 0.504792
          },
          "5": {
            "x": 0.46582,
            "y": 0.50639
          },
          "6": {
            "x": 0.476562,
            "y": 0.523962
          },
          "7": {
            "x": 0.477539,
            "y": 0.530351
          },
          "8": {
            "x": 0.493164,
            "y": 0.554313
          },
          "9": {
            "x": 0.501953,
            "y": 0.563898
          },
          "10": {
            "x": 0.507812,
            "y": 0.565495
          },
          "11": {
            "x": 0.511719,
            "y": 0.571885
          },
          "12": {
            "x": 0.508789,
            "y": 0.578275
          },
          "13": {
            "x": 0.508789,
            "y": 0.584665
          },
          "14": {
            "x": 0.509766,
            "y": 0.594249
          },
          "15": {
            "x": 0.514648,
            "y": 0.610224
          },
          "16": {
            "x": 0.520508,
            "y": 0.619808
          },
          "17": {
            "x": 0.546875,
            "y": 0.645367
          },
          "18": {
            "x": 0.557617,
            "y": 0.658147
          },
          "19": {
            "x": 0.56543,
            "y": 0.670927
          },
          "20": {
            "x": 0.573242,
            "y": 0.678914
          },
          "21": {
            "x": 0.59375,
            "y": 0.71246
          },
          "22": {
            "x": 0.635742,
            "y": 0.801917
          },
          "23": {
            "x": 0.667969,
            "y": 0.854633
          },
          "24": {
            "x": 0.689453,
            "y": 0.884984
          },
          "25": {
            "x": 0.705078,
            "y": 0.902556
          },
          "26": {
            "x": 0.71582,
            "y": 0.912141
          },
          "27": {
            "x": 0.722656,
            "y": 0.921725
          },
          "28": {
            "x": 0.724609,
            "y": 0.921725
          },
          "29": {
            "x": 0.726562,
            "y": 0.926518
          },
          "30": {
            "x": 0.730469,
            "y": 0.928115
          },
          "31": {
            "x": 0.734375,
            "y": 0.934505
          },
          "32": {
            "x": 0.745117,
            "y": 0.944089
          },
          "33": {
            "x": 0.751953,
            "y": 0.955272
          },
          "34": {
            "x": 0.763672,
            "y": 0.966454
          },
          "35": {
            "x": 0.767578,
            "y": 0.972843
          },
          "36": {
            "x": 0.772461,
            "y": 0.976038
          },
          "37": {
            "x": 0.775391,
            "y": 0.980831
          },
          "38": {
            "x": 0.780273,
            "y": 0.984026
          },
          "39": {
            "x": 0.785156,
            "y": 0.992013
          },
          "40": {
            "x": 0.791016,
            "y": 0.995208
          },
          "41": {
            "x": 0.822266,
            "y": 0.995208
          },
          "42": {
            "x": 0.823242,
            "y": 0.996805
          },
          "43": {
            "x": 0.826172,
            "y": 0.996805
          },
          "44": {
            "x": 0.827148,
            "y": 0.995208
          },
          "45": {
            "x": 0.832031,
            "y": 0.995208
          },
          "46": {
            "x": 0.833008,
            "y": 0.996805
          },
          "47": {
            "x": 0.859375,
            "y": 0.995208
          },
          "48": {
            "x": 0.860352,
            "y": 0.996805
          },
          "49": {
            "x": 0.873047,
            "y": 0.996805
          },
          "50": {
            "x": 0.874023,
            "y": 0.995208
          },
          "51": {
            "x": 0.892578,
            "y": 0.995208
          },
          "52": {
            "x": 0.895508,
            "y": 0.998403
          },
          "53": {
            "x": 0.921875,
            "y": 0.998403
          },
          "54": {
            "x": 0.924805,
            "y": 0.995208
          },
          "55": {
            "x": 0.927734,
            "y": 0.998403
          },
          "56": {
            "x": 0.950195,
            "y": 0.998403
          },
          "57": {
            "x": 0.951172,
            "y": 0.995208
          },
          "58": {
            "x": 0.954102,
            "y": 0.99361
          },
          "59": {
            "x": 0.957031,
            "y": 0.988818
          },
          "60": {
            "x": 0.959961,
            "y": 0.980831
          },
          "61": {
            "x": 0.962891,
            "y": 0.977636
          },
          "62": {
            "x": 0.967773,
            "y": 0.963259
          },
          "63": {
            "x": 0.974609,
            "y": 0.952077
          },
          "64": {
            "x": 0.984375,
            "y": 0.92492
          },
          "65": {
            "x": 0.994141,
            "y": 0.904153
          },
          "66": {
            "x": 0.996094,
            "y": 0.888179
          },
          "67": {
            "x": 0.999023,
            "y": 0.883387
          },
          "68": {
            "x": 0.999023,
            "y": 0.685304
          },
          "69": {
            "x": 0.996094,
            "y": 0.683706
          },
          "70": {
            "x": 0.996094,
            "y": 0.677316
          },
          "71": {
            "x": 0.993164,
            "y": 0.672524
          },
          "72": {
            "x": 0.986328,
            "y": 0.670927
          },
          "73": {
            "x": 0.981445,
            "y": 0.662939
          },
          "74": {
            "x": 0.954102,
            "y": 0.648562
          },
          "75": {
            "x": 0.948242,
            "y": 0.642173
          },
          "76": {
            "x": 0.94043,
            "y": 0.640575
          },
          "77": {
            "x": 0.928711,
            "y": 0.632588
          },
          "78": {
            "x": 0.922852,
            "y": 0.63099
          },
          "79": {
            "x": 0.916992,
            "y": 0.624601
          },
          "80": {
            "x": 0.907227,
            "y": 0.623003
          },
          "81": {
            "x": 0.901367,
            "y": 0.616613
          },
          "82": {
            "x": 0.894531,
            "y": 0.615016
          },
          "83": {
            "x": 0.882812,
            "y": 0.608626
          },
          "84": {
            "x": 0.875977,
            "y": 0.608626
          },
          "85": {
            "x": 0.873047,
            "y": 0.605431
          },
          "86": {
            "x": 0.868164,
            "y": 0.605431
          },
          "87": {
            "x": 0.867188,
            "y": 0.603834
          },
          "88": {
            "x": 0.863281,
            "y": 0.603834
          },
          "89": {
            "x": 0.858398,
            "y": 0.600639
          },
          "90": {
            "x": 0.854492,
            "y": 0.600639
          },
          "91": {
            "x": 0.853516,
            "y": 0.599042
          },
          "92": {
            "x": 0.848633,
            "y": 0.599042
          },
          "93": {
            "x": 0.847656,