{
  "labels": {
    "0": [
      {
        "instrument_polygon": {
          "0": {
            "x": 0.683594,
            "y": 0.451389
          },
          "1": {
            "x": 0.680664,
            "y": 0.454861
          },
          "2": {
            "x": 0.678711,
            "y": 0.461806
          },
          "3": {
            "x": 0.678711,
            "y": 0.470486
          },
          "4": {
            "x": 0.68457,
            "y": 0.480903
          },
          "5": {
            "x": 0.685547,
            "y": 0.486111
          },
          "6": {
            "x": 0.6875,
            "y": 0.489583
          },
          "7": {
            "x": 0.697266,
            "y": 0.498264
          },
          "8": {
            "x": 0.701172,
            "y": 0.498264
          },
          "9": {
            "x": 0.704102,
            "y": 0.505208
          },
          "10": {
            "x": 0.706055,
            "y": 0.505208
          },
          "11": {
            "x": 0.716797,
            "y": 0.522569
          },
          "12": {
            "x": 0.720703,
            "y": 0.53125
          },
          "13": {
            "x": 0.731445,
            "y": 0.543403
          },
          "14": {
            "x": 0.733398,
            "y": 0.543403
          },
          "15": {
            "x": 0.737305,
            "y": 0.548611
          },
          "16": {
            "x": 0.743164,
            "y": 0.552083
          },
          "17": {
            "x": 0.751953,
            "y": 0.560764
          },
          "18": {
            "x": 0.753906,
            "y": 0.560764
          },
          "19": {
            "x": 0.758789,
            "y": 0.567708
          },
          "20": {
            "x": 0.768555,
            "y": 0.576389
          },
          "21": {
            "x": 0.789062,
            "y": 0.588542
          },
          "22": {
            "x": 0.791992,
            "y": 0.592014
          },
          "23": {
            "x": 0.805664,
            "y": 0.598958
          },
          "24": {
            "x": 0.814453,
            "y": 0.607639
          },
          "25": {
            "x": 0.835938,
            "y": 0.619792
          },
          "26": {
            "x": 0.837891,
            "y": 0.623264
          },
          "27": {
            "x": 0.858398,
            "y": 0.635417
          },
          "28": {
            "x": 0.863281,
            "y": 0.640625
          },
          "29": {
            "x": 0.873047,
            "y": 0.645833
          },
          "30": {
            "x": 0.875977,
            "y": 0.649306
          },
          "31": {
            "x": 0.881836,
            "y": 0.651042
          },
          "32": {
            "x": 0.90918,
            "y": 0.673611
          },
          "33": {
            "x": 0.935547,
            "y": 0.689236
          },
          "34": {
            "x": 0.9375,
            "y": 0.692708
          },
          "35": {
            "x": 0.944336,
            "y": 0.696181
          },
          "36": {
            "x": 0.953125,
            "y": 0.704861
          },
          "37": {
            "x": 0.958984,
            "y": 0.708333
          },
          "38": {
            "x": 0.961914,
            "y": 0.708333
          },
          "39": {
            "x": 0.967773,
            "y": 0.713542
          },
          "40": {
            "x": 0.970703,
            "y": 0.713542
          },
          "41": {
            "x": 0.978516,
            "y": 0.720486
          },
          "42": {
            "x": 0.989258,
            "y": 0.723958
          },
          "43": {
            "x": 0.994141,
            "y": 0.730903
          },
          "44": {
            "x": 0.999023,
            "y": 0.723958
          },
          "45": {
            "x": 0.999023,
            "y": 0.633681
          },
          "46": {
            "x": 0.99707,
            "y": 0.631944
          },
          "47": {
            "x": 0.99707,
            "y": 0.626736
          },
          "48": {
            "x": 0.999023,
            "y": 0.625
          },
          "49": {
            "x": 0.999023,
            "y": 0.607639
          },
          "50": {
            "x": 0.99707,
            "y": 0.605903
          },
          "51": {
            "x": 0.99707,
            "y": 0.583333
          },
          "52": {
            "x": 0.995117,
            "y": 0.576389
          },
          "53": {
            "x": 0.993164,
            "y": 0.574653
          },
          "54": {
            "x": 0.987305,
            "y": 0.574653
          },
          "55": {
            "x": 0.986328,
            "y": 0.572917
          },
          "56": {
            "x": 0.983398,
            "y": 0.572917
          },
          "57": {
            "x": 0.978516,
            "y": 0.567708
          },
          "58": {
            "x": 0.973633,
            "y": 0.567708
          },
          "59": {
            "x": 0.969727,
            "y": 0.564236
          },
          "60": {
            "x": 0.966797,
            "y": 0.564236
          },
          "61": {
            "x": 0.963867,
            "y": 0.560764
          },
          "62": {
            "x": 0.955078,
            "y": 0.557292
          },
          "63": {
            "x": 0.947266,
            "y": 0.550347
          },
          "64": {
            "x": 0.943359,
            "y": 0.550347
          },
          "65": {
            "x": 0.94043,
            "y": 0.546875
          },
          "66": {
            "x": 0.9375,
            "y": 0.546875
          },
          "67": {
            "x": 0.929688,
            "y": 0.541667
          },
          "68": {
            "x": 0.926758,
            "y": 0.541667
          },
          "69": {
            "x": 0.922852,
            "y": 0.538194
          },
          "70": {
            "x": 0.918945,
            "y": 0.538194
          },
          "71": {
            "x": 0.910156,
            "y": 0.53125
          },
          "72": {
            "x": 0.894531,
            "y": 0.527778
          },
          "73": {
            "x": 0.879883,
            "y": 0.519097
          },
          "74": {
            "x": 0.876953,
            "y": 0.519097
          },
          "75": {
            "x": 0.874023,
            "y": 0.515625
          },
          "76": {
            "x": 0.870117,
            "y": 0.515625
          },
          "77": {
            "x": 0.869141,
            "y": 0.513889
          },
          "78": {
            "x": 0.862305,
            "y": 0.512153
          },
          "79": {
            "x": 0.861328,
            "y": 0.510417
          },
          "80": {
            "x": 0.857422,
            "y": 0.510417
          },
          "81": {
            "x": 0.845703,
            "y": 0.503472
          },
          "82": {
            "x": 0.831055,
            "y": 0.498264
          },
          "83": {
            "x": 0.825195,
            "y": 0.493056
          },
          "84": {
            "x": 0.822266,
            "y": 0.493056
          },
          "85": {
            "x": 0.819336,
            "y": 0.489583
          },
          "86": {
            "x": 0.817383,
            "y": 0.489583
          },
          "87": {
            "x": 0.814453,
            "y": 0.486111
          },
          "88": {
            "x": 0.80957,
            "y": 0.486111
          },
          "89": {
            "x": 0.792969,
            "y": 0.475694
          },
          "90": {
            "x": 0.790039,
            "y": 0.475694
          },
          "91": {
            "x": 0.77832,
            "y": 0.46875
          },
          "92": {
            "x": 0.774414,
            "y": 0.46875
          },
          "93": {
            "x": 0.760742,
            "y": 0.460069
          },
          "94": {
            "x": 0.751953,