{
  "labels": {
    "14": [
      {
        "instrument_polygon": {
          "0": {
            "x": 0.192383,
            "y": 0.380048
          },
          "1": {
            "x": 0.19043,
            "y": 0.382423
          },
          "2": {
            "x": 0.180664,
            "y": 0.381235
          },
          "3": {
            "x": 0.176758,
            "y": 0.38361
          },
          "4": {
            "x": 0.175781,
            "y": 0.382423
          },
          "5": {
            "x": 0.165039,
            "y": 0.382423
          },
          "6": {
            "x": 0.164062,
            "y": 0.38361
          },
          "7": {
            "x": 0.152344,
            "y": 0.38361
          },
          "8": {
            "x": 0.146484,
            "y": 0.385986
          },
          "9": {
            "x": 0.133789,
            "y": 0.385986
          },
          "10": {
            "x": 0.128906,
            "y": 0.389549
          },
          "11": {
            "x": 0.12207,
            "y": 0.388361
          },
          "12": {
            "x": 0.118164,
            "y": 0.384798
          },
          "13": {
            "x": 0.113281,
            "y": 0.389549
          },
          "14": {
            "x": 0.104492,
            "y": 0.389549
          },
          "15": {
            "x": 0.09375,
            "y": 0.394299
          },
          "16": {
            "x": 0.085938,
            "y": 0.394299
          },
          "17": {
            "x": 0.077148,
            "y": 0.397862
          },
          "18": {
            "x": 0.06543,
            "y": 0.39905
          },
          "19": {
            "x": 0.05957,
            "y": 0.402613
          },
          "20": {
            "x": 0.041992,
            "y": 0.4038
          },
          "21": {
            "x": 0.038086,
            "y": 0.406176
          },
          "22": {
            "x": 0.013672,
            "y": 0.409739
          },
          "23": {
            "x": 0.008789,
            "y": 0.425178
          },
          "24": {
            "x": 0.008789,
            "y": 0.451306
          },
          "25": {
            "x": 0.004883,
            "y": 0.461995
          },
          "26": {
            "x": 0.004883,
            "y": 0.491686
          },
          "27": {
            "x": 0.00293,
            "y": 0.502375
          },
          "28": {
            "x": 0.004883,
            "y": 0.555819
          },
          "29": {
            "x": 0.007812,
            "y": 0.562945
          },
          "30": {
            "x": 0.011719,
            "y": 0.562945
          },
          "31": {
            "x": 0.02832,
            "y": 0.554632
          },
          "32": {
            "x": 0.029297,
            "y": 0.555819
          },
          "33": {
            "x": 0.037109,
            "y": 0.555819
          },
          "34": {
            "x": 0.039062,
            "y": 0.552257
          },
          "35": {
            "x": 0.054688,
            "y": 0.548694
          },
          "36": {
            "x": 0.055664,
            "y": 0.547506
          },
          "37": {
            "x": 0.053711,
            "y": 0.543943
          },
          "38": {
            "x": 0.055664,
            "y": 0.541568
          },
          "39": {
            "x": 0.061523,
            "y": 0.541568
          },
          "40": {
            "x": 0.068359,
            "y": 0.539192
          },
          "41": {
            "x": 0.079102,
            "y": 0.529691
          },
          "42": {
            "x": 0.083984,
            "y": 0.528504
          },
          "43": {
            "x": 0.091797,
            "y": 0.522565
          },
          "44": {
            "x": 0.106445,
            "y": 0.517815
          },
          "45": {
            "x": 0.113281,
            "y": 0.517815
          },
          "46": {
            "x": 0.12793,
            "y": 0.514252
          },
          "47": {
            "x": 0.138672,
            "y": 0.508314
          },
          "48": {
            "x": 0.143555,
            "y": 0.508314
          },
          "49": {
            "x": 0.152344,
            "y": 0.504751
          },
          "50": {
            "x": 0.158203,
            "y": 0.504751
          },
          "51": {
            "x": 0.161133,
            "y": 0.502375
          },
          "52": {
            "x": 0.174805,
            "y": 0.501188
          },
          "53": {
            "x": 0.198242,
            "y": 0.494062
          },
          "54": {
            "x": 0.208008,
            "y": 0.492874
          },
          "55": {
            "x": 0.227539,
            "y": 0.482185
          },
          "56": {
            "x": 0.232422,
            "y": 0.473872
          },
          "57": {
            "x": 0.232422,
            "y": 0.467933
          },
          "58": {
            "x": 0.229492,
            "y": 0.456057
          },
          "59": {
            "x": 0.228516,
            "y": 0.434679
          },
          "60": {
            "x": 0.225586,
            "y": 0.427553
          },
          "61": {
            "x": 0.225586,
            "y": 0.422803
          },
          "62": {
            "x": 0.214844,
            "y": 0.4038
          },
          "63": {
            "x": 0.206055,
            "y": 0.395487
          },
          "64": {
            "x": 0.202148,
            "y": 0.389549
          },
          "65": {
            "x": 0.200195,
            "y": 0.381235
          },
          "66": {
            "x": 0.194336,
            "y": 0.380048
          }
        },
        "instrument_type": "Grasper"
      },
      {
        "is_tti": 1,
        "interaction_type": "Retract and grab",
        "interaction_tool": "Grasper",
        "tti_polygon": {
          "0": {
            "x": 0.09642358120884548,
            "y": 0.5797371970844377
          },
          "1": {
            "x": 0.09006804705465407,
            "y": 0.5712620692919349
          },
          "2": {
            "x": 0.08227176282080884,
            "y": 0.5623037754007321
          },
          "3": {
            "x": 0.07497060960025302,
            "y": 0.5582363056922883
          },
          "4": {
            "x": 0.06901686208799328,
            "y": 0.5520340306702006
          },
          "5": {
            "x": 0.06646409645390233,
            "y": 0.5432482960999621
          },
          "6": {
            "x": 0.06708503944597852,
            "y": 0.5327271077874542
          },
          "7": {
            "x": 0.06877335503227712,
            "y": 0.5234286255206361
          },
          "8": {
            "x": 0.07130582841172504,
            "y": 0.5126905054903446
          },
          "9": {
            "x": 0.07257206510144898,
            "y": 0.5026820648744162
          },
          "10": {
            "x": 0.07257206510144898,
            "y": 0.4932406048845135
          },
          "11": {
            "x": 0.07257206510144898,
            "y": 0.48205383061971474
          },
          "12": {
            "x": 0.07341622289459832,
            "y": 0.47254827716773956
          },
          "13": {
            "x": 0.07594869627404625,
            "y": 0.46171648207749594
          },
          "14": {
            "x": 0.08014513453422116,
            "y": 0.45273846712104
          },
          "15": {
            "x": 0.08521008129311702,
            "y": 0.4444802710463209
          },
          "16": {
            "x": 0.08876122585564412,
            "y": 0.43530504543733434
          },
          "17": {
            "x": 0.09002746254536804,
            "y": 0.42580935251798563
          },
          "18": {
            "x": 0.09002746254536804,
            "y": 0.4163087293323236
          },
          "19": {
            "x": 0.09002746254536804,
            "y": 0.40563470276410446
          },