{
  "labels": {
    "7": [],
    "31": [],
    "42": [
      {
        "is_tti": 0,
        "non_interaction_tool": "Cautery (Hook, Spatula)",
        "tti_polygon": {
          "0": {
            "x": 0.926758,
            "y": 0.166185
          },
          "1": {
            "x": 0.922852,
            "y": 0.169075
          },
          "2": {
            "x": 0.913086,
            "y": 0.171965
          },
          "3": {
            "x": 0.907227,
            "y": 0.176301
          },
          "4": {
            "x": 0.904297,
            "y": 0.176301
          },
          "5": {
            "x": 0.891602,
            "y": 0.182081
          },
          "6": {
            "x": 0.885742,
            "y": 0.186416
          },
          "7": {
            "x": 0.856445,
            "y": 0.200867
          },
          "8": {
            "x": 0.839844,
            "y": 0.205202
          },
          "9": {
            "x": 0.833984,
            "y": 0.209538
          },
          "10": {
            "x": 0.829102,
            "y": 0.209538
          },
          "11": {
            "x": 0.824219,
            "y": 0.213873
          },
          "12": {
            "x": 0.8125,
            "y": 0.219653
          },
          "13": {
            "x": 0.804688,
            "y": 0.221098
          },
          "14": {
            "x": 0.78125,
            "y": 0.232659
          },
          "15": {
            "x": 0.775391,
            "y": 0.236994
          },
          "16": {
            "x": 0.770508,
            "y": 0.236994
          },
          "17": {
            "x": 0.766602,
            "y": 0.239884
          },
          "18": {
            "x": 0.761719,
            "y": 0.239884
          },
          "19": {
            "x": 0.745117,
            "y": 0.248555
          },
          "20": {
            "x": 0.742188,
            "y": 0.248555
          },
          "21": {
            "x": 0.737305,
            "y": 0.25289
          },
          "22": {
            "x": 0.723633,
            "y": 0.258671
          },
          "23": {
            "x": 0.720703,
            "y": 0.261561
          },
          "24": {
            "x": 0.714844,
            "y": 0.263006
          },
          "25": {
            "x": 0.711914,
            "y": 0.265896
          },
          "26": {
            "x": 0.688477,
            "y": 0.277457
          },
          "27": {
            "x": 0.682617,
            "y": 0.289017
          },
          "28": {
            "x": 0.680664,
            "y": 0.306358
          },
          "29": {
            "x": 0.669922,
            "y": 0.32948
          },
          "30": {
            "x": 0.665039,
            "y": 0.346821
          },
          "31": {
            "x": 0.655273,
            "y": 0.404624
          },
          "32": {
            "x": 0.657227,
            "y": 0.413295
          },
          "33": {
            "x": 0.666016,
            "y": 0.416185
          },
          "34": {
            "x": 0.668945,
            "y": 0.41185
          },
          "35": {
            "x": 0.676758,
            "y": 0.388728
          },
          "36": {
            "x": 0.676758,
            "y": 0.382948
          },
          "37": {
            "x": 0.681641,
            "y": 0.362717
          },
          "38": {
            "x": 0.681641,
            "y": 0.355491
          },
          "39": {
            "x": 0.689453,
            "y": 0.333815
          },
          "40": {
            "x": 0.692383,
            "y": 0.330925
          },
          "41": {
            "x": 0.699219,
            "y": 0.333815
          },
          "42": {
            "x": 0.708984,
            "y": 0.333815
          },
          "43": {
            "x": 0.709961,
            "y": 0.33237
          },
          "44": {
            "x": 0.714844,
            "y": 0.33237
          },
          "45": {
            "x": 0.720703,
            "y": 0.32948
          },
          "46": {
            "x": 0.725586,
            "y": 0.32948
          },
          "47": {
            "x": 0.726562,
            "y": 0.328035
          },
          "48": {
            "x": 0.732422,
            "y": 0.328035
          },
          "49": {
            "x": 0.733398,
            "y": 0.32659
          },
          "50": {
            "x": 0.739258,
            "y": 0.32659
          },
          "51": {
            "x": 0.740234,
            "y": 0.325145
          },
          "52": {
            "x": 0.770508,
            "y": 0.325145
          },
          "53": {
            "x": 0.771484,
            "y": 0.32659
          },
          "54": {
            "x": 0.790039,
            "y": 0.328035
          },
          "55": {
            "x": 0.791016,
            "y": 0.32948
          },
          "56": {
            "x": 0.796875,
            "y": 0.32948
          },
          "57": {
            "x": 0.797852,
            "y": 0.330925
          },
          "58": {
            "x": 0.810547,
            "y": 0.33237
          },
          "59": {
            "x": 0.817383,
            "y": 0.33526
          },
          "60": {
            "x": 0.824219,
            "y": 0.33526
          },
          "61": {
            "x": 0.825195,
            "y": 0.336705
          },
          "62": {
            "x": 0.834961,
            "y": 0.33815
          },
          "63": {
            "x": 0.835938,
            "y": 0.339595
          },
          "64": {
            "x": 0.844727,
            "y": 0.339595
          },
          "65": {
            "x": 0.851562,
            "y": 0.342486
          },
          "66": {
            "x": 0.864258,
            "y": 0.343931
          },
          "67": {
            "x": 0.871094,
            "y": 0.346821
          },
          "68": {
            "x": 0.875977,
            "y": 0.346821
          },
          "69": {
            "x": 0.876953,
            "y": 0.348266
          },
          "70": {
            "x": 0.889648,
            "y": 0.349711
          },
          "71": {
            "x": 0.896484,
            "y": 0.352601
          },
          "72": {
            "x": 0.90332,
            "y": 0.352601
          },
          "73": {
            "x": 0.904297,
            "y": 0.354046
          },
          "74": {
            "x": 0.916016,
            "y": 0.355491
          },
          "75": {
            "x": 0.916992,
            "y": 0.356936
          },
          "76": {
            "x": 0.923828,
            "y": 0.356936
          },
          "77": {
            "x": 0.930664,
            "y": 0.359827
          },
          "78": {
            "x": 0.936523,
            "y": 0.359827
          },
          "79": {
            "x": 0.9375,
            "y": 0.361272
          },
          "80": {
            "x": 0.951172,
            "y": 0.362717
          },
          "81": {
            "x": 0.958008,
            "y": 0.365607
          },
          "82": {
            "x": 0.966797,
            "y": 0.365607
          },
          "83": {
            "x": 0.967773,
            "y": 0.367052
          },
          "84": {
            "x": 0.975586,
            "y": 0.367052
          },
          "85": {
            "x": 0.976562,
            "y": 0.368497
          },
          "86": {
            "x": 0.983398,
            "y": 0.368497
          },
          "87": {
            "x": 0.985352,
            "y": 0.367052
          },
          "88": {
            "x": 0.984375,
            "y": 0.349711
          },
          "89": {
            "x": 0.977539,
            "y": 0.313584
          },
          "90": {
            "x": 0.963867,
            "y": 0.258671
          },
          "91": {
            "x": 0.944336,
            "y": 0.196532
          },
          "92": {
            "x": 0.936523,
            "y": 0.176301
          },
          "93": {
            "x": 0.930664,