{
  "labels": {
    "0": [
      {
        "instrument_polygon": {
          "0": {
            "x": 0.015625,
            "y": 0.34662
          },
          "1": {
            "x": 0.014648,
            "y": 0.348354
          },
          "2": {
            "x": 0.005859,
            "y": 0.348354
          },
          "3": {
            "x": 0.003906,
            "y": 0.353553
          },
          "4": {
            "x": 0.001953,
            "y": 0.469671
          },
          "5": {
            "x": 0.00293,
            "y": 0.483536
          },
          "6": {
            "x": 0.004883,
            "y": 0.488735
          },
          "7": {
            "x": 0.012695,
            "y": 0.481802
          },
          "8": {
            "x": 0.016602,
            "y": 0.481802
          },
          "9": {
            "x": 0.020508,
            "y": 0.478336
          },
          "10": {
            "x": 0.025391,
            "y": 0.478336
          },
          "11": {
            "x": 0.032227,
            "y": 0.471404
          },
          "12": {
            "x": 0.040039,
            "y": 0.471404
          },
          "13": {
            "x": 0.041016,
            "y": 0.469671
          },
          "14": {
            "x": 0.044922,
            "y": 0.469671
          },
          "15": {
            "x": 0.047852,
            "y": 0.466205
          },
          "16": {
            "x": 0.049805,
            "y": 0.466205
          },
          "17": {
            "x": 0.058594,
            "y": 0.454073
          },
          "18": {
            "x": 0.071289,
            "y": 0.445407
          },
          "19": {
            "x": 0.076172,
            "y": 0.438475
          },
          "20": {
            "x": 0.083008,
            "y": 0.421144
          },
          "21": {
            "x": 0.084961,
            "y": 0.419411
          },
          "22": {
            "x": 0.088867,
            "y": 0.419411
          },
          "23": {
            "x": 0.098633,
            "y": 0.407279
          },
          "24": {
            "x": 0.108398,
            "y": 0.400347
          },
          "25": {
            "x": 0.110352,
            "y": 0.39688
          },
          "26": {
            "x": 0.138672,
            "y": 0.372617
          },
          "27": {
            "x": 0.140625,
            "y": 0.369151
          },
          "28": {
            "x": 0.140625,
            "y": 0.363951
          },
          "29": {
            "x": 0.137695,
            "y": 0.363951
          },
          "30": {
            "x": 0.136719,
            "y": 0.362218
          },
          "31": {
            "x": 0.12207,
            "y": 0.362218
          },
          "32": {
            "x": 0.121094,
            "y": 0.360485
          },
          "33": {
            "x": 0.073242,
            "y": 0.362218
          },
          "34": {
            "x": 0.072266,
            "y": 0.360485
          },
          "35": {
            "x": 0.067383,
            "y": 0.360485
          },
          "36": {
            "x": 0.066406,
            "y": 0.358752
          },
          "37": {
            "x": 0.05957,
            "y": 0.358752
          },
          "38": {
            "x": 0.052734,
            "y": 0.35182
          },
          "39": {
            "x": 0.046875,
            "y": 0.348354
          },
          "40": {
            "x": 0.042969,
            "y": 0.348354
          },
          "41": {
            "x": 0.041992,
            "y": 0.34662
          }
        },
        "instrument_type": "Grasper"
      },
      {
        "is_tti": 1,
        "interaction_type": "Retract and grab",
        "interaction_tool": "Grasper",
        "tti_polygon": {
          "0": {
            "x": 0.03571571656544266,
            "y": 0.4756792790758822
          },
          "1": {
            "x": 0.07255860165244216,
            "y": 0.5273608527164507
          },
          "2": {
            "x": 0.13167855116367705,
            "y": 0.5167205219098469
          },
          "3": {
            "x": 0.1650941151152968,
            "y": 0.45743872026243804
          },
          "4": {
            "x": 0.17194862664712307,
            "y": 0.4103173298140839
          },
          "5": {
            "x": 0.16338051991707359,
            "y": 0.3738362121871957
          },
          "6": {
            "x": 0.14795790165519782,
            "y": 0.3449554095448547
          },
          "7": {
            "x": 0.11282867713588816,
            "y": 0.3312749469459182
          },
          "8": {
            "x": 0.06913134588652904,
            "y": 0.3251947703389598
          },
          "9": {
            "x": 0.02886123771834972,
            "y": 0.32063461613931427
          },
          "10": {
            "x": 0.012581821857362317,
            "y": 0.3358350721529947
          },
          "11": {
            "x": 0.008297768492337565,
            "y": 0.38751664579356326
          },
          "12": {
            "x": 0.028004440119238094,
            "y": 0.4467983894558341
          }
        }
      }
    ],
    "85": [],
    "149": []
  }
}