{
  "labels": {
    "0": [
      {
        "instrument_polygon": {
          "0": {
            "x": 0,
            "y": 0.500609
          },
          "1": {
            "x": 0,
            "y": 0.52497
          },
          "2": {
            "x": 0.001953,
            "y": 0.526188
          },
          "3": {
            "x": 0.001953,
            "y": 0.529842
          },
          "4": {
            "x": 0,
            "y": 0.53106
          },
          "5": {
            "x": 0,
            "y": 0.540804
          },
          "6": {
            "x": 0.001953,
            "y": 0.542022
          },
          "7": {
            "x": 0.001953,
            "y": 0.551766
          },
          "8": {
            "x": 0.004883,
            "y": 0.560292
          },
          "9": {
            "x": 0.004883,
            "y": 0.583435
          },
          "10": {
            "x": 0.007812,
            "y": 0.589525
          },
          "11": {
            "x": 0.010742,
            "y": 0.61754
          },
          "12": {
            "x": 0.012695,
            "y": 0.621194
          },
          "13": {
            "x": 0.015625,
            "y": 0.622412
          },
          "14": {
            "x": 0.042969,
            "y": 0.621194
          },
          "15": {
            "x": 0.043945,
            "y": 0.619976
          },
          "16": {
            "x": 0.055664,
            "y": 0.619976
          },
          "17": {
            "x": 0.056641,
            "y": 0.618758
          },
          "18": {
            "x": 0.068359,
            "y": 0.619976
          },
          "19": {
            "x": 0.069336,
            "y": 0.618758
          },
          "20": {
            "x": 0.100586,
            "y": 0.618758
          },
          "21": {
            "x": 0.101562,
            "y": 0.61754
          },
          "22": {
            "x": 0.113281,
            "y": 0.618758
          },
          "23": {
            "x": 0.114258,
            "y": 0.61754
          },
          "24": {
            "x": 0.128906,
            "y": 0.61754
          },
          "25": {
            "x": 0.129883,
            "y": 0.616322
          },
          "26": {
            "x": 0.175781,
            "y": 0.615104
          },
          "27": {
            "x": 0.176758,
            "y": 0.613886
          },
          "28": {
            "x": 0.189453,
            "y": 0.613886
          },
          "29": {
            "x": 0.19043,
            "y": 0.612667
          },
          "30": {
            "x": 0.222656,
            "y": 0.611449
          },
          "31": {
            "x": 0.223633,
            "y": 0.610231
          },
          "32": {
            "x": 0.234375,
            "y": 0.610231
          },
          "33": {
            "x": 0.235352,
            "y": 0.609013
          },
          "34": {
            "x": 0.240234,
            "y": 0.610231
          },
          "35": {
            "x": 0.244141,
            "y": 0.609013
          },
          "36": {
            "x": 0.24707,
            "y": 0.605359
          },
          "37": {
            "x": 0.251953,
            "y": 0.609013
          },
          "38": {
            "x": 0.274414,
            "y": 0.595615
          },
          "39": {
            "x": 0.279297,
            "y": 0.588307
          },
          "40": {
            "x": 0.28125,
            "y": 0.578563
          },
          "41": {
            "x": 0.286133,
            "y": 0.5676
          },
          "42": {
            "x": 0.287109,
            "y": 0.546894
          },
          "43": {
            "x": 0.279297,
            "y": 0.526188
          },
          "44": {
            "x": 0.271484,
            "y": 0.520097
          },
          "45": {
            "x": 0.262695,
            "y": 0.517661
          },
          "46": {
            "x": 0.244141,
            "y": 0.516443
          },
          "47": {
            "x": 0.236328,
            "y": 0.514007
          },
          "48": {
            "x": 0.176758,
            "y": 0.512789
          },
          "49": {
            "x": 0.171875,
            "y": 0.514007
          },
          "50": {
            "x": 0.170898,
            "y": 0.512789
          },
          "51": {
            "x": 0.158203,
            "y": 0.512789
          },
          "52": {
            "x": 0.157227,
            "y": 0.511571
          },
          "53": {
            "x": 0.142578,
            "y": 0.511571
          },
          "54": {
            "x": 0.133789,
            "y": 0.509135
          },
          "55": {
            "x": 0.125977,
            "y": 0.509135
          },
          "56": {
            "x": 0.119141,
            "y": 0.504263
          },
          "57": {
            "x": 0.114258,
            "y": 0.505481
          },
          "58": {
            "x": 0.113281,
            "y": 0.504263
          },
          "59": {
            "x": 0.097656,
            "y": 0.504263
          },
          "60": {
            "x": 0.09668,
            "y": 0.503045
          },
          "61": {
            "x": 0.040039,
            "y": 0.503045
          },
          "62": {
            "x": 0.039062,
            "y": 0.501827
          },
          "63": {
            "x": 0.017578,
            "y": 0.503045
          },
          "64": {
            "x": 0.016602,
            "y": 0.501827
          },
          "65": {
            "x": 0.013672,
            "y": 0.503045
          },
          "66": {
            "x": 0.009766,
            "y": 0.500609
          }
        },
        "instrument_type": "Grasper"
      },
      {
        "is_tti": 1,
        "interaction_type": "Retract and grab",
        "interaction_tool": "Grasper",
        "tti_polygon": {
          "0": {
            "x": 0.19391499547072874,
            "y": 0.6312190379275527
          },
          "1": {
            "x": 0.18695510285850267,
            "y": 0.6261211425596366
          },
          "2": {
            "x": 0.17933876582944175,
            "y": 0.6212253881105642
          },
          "3": {
            "x": 0.17262405125241914,
            "y": 0.6160436782153226
          },
          "4": {
            "x": 0.1658381559554988,
            "y": 0.6119416966426859
          },
          "5": {
            "x": 0.15660838927542176,
            "y": 0.605063975135681
          },
          "6": {
            "x": 0.1508071606037539,
            "y": 0.5988666303799067
          },
          "7": {
            "x": 0.1441833991688229,
            "y": 0.5921565379275527
          },
          "8": {
            "x": 0.13780481576909528,
            "y": 0.5849583491101856
          },
          "9": {
            "x": 0.13269562187421122,
            "y": 0.5775629496402878
          },
          "10": {
            "x": 0.12731356855305231,
            "y": 0.570852857187934
          },
          "11": {
            "x": 0.1210931645308753,
            "y": 0.5646456518995331
          },
          "12": {
            "x": 0.11611842310690926,
            "y": 0.5563825255585007
          },
          "13": {
            "x": 0.11528798137476864,
            "y": 0.5470840432916825
          },
          "14": {
            "x": 0.11528798137476864,
            "y": 0.5376968162312256
          },
          "15": {
            "x": 0.11671555025716275,
            "y": 0.526455809036981
          },
          "16": {
            "x": 0.11947182591098178,
            "y": 0.5165509040136312
          },
          "17": {
            "x": 0.12331953926989991,
            "y": 0.5068875820396315
          },
          "18": {
            "x": 0.12811632889412158,
            "y": 0.4974510523160419
          },
          "19": {
            "x": 0.13169513731120372,
            "y": 0.4885765729521646
          },
          "20": {
            "x": 0.13721164310328055,