{
  "labels": {
    "31": [
      {
        "is_tti": 0,
        "non_interaction_tool": "Grasper",
        "instrument_polygon": {
          "0": {
            "x": 0.501953,
            "y": 0.711783
          },
          "1": {
            "x": 0.498047,
            "y": 0.714968
          },
          "2": {
            "x": 0.492188,
            "y": 0.714968
          },
          "3": {
            "x": 0.486328,
            "y": 0.718153
          },
          "4": {
            "x": 0.480469,
            "y": 0.732484
          },
          "5": {
            "x": 0.470703,
            "y": 0.748408
          },
          "6": {
            "x": 0.46582,
            "y": 0.770701
          },
          "7": {
            "x": 0.46582,
            "y": 0.778662
          },
          "8": {
            "x": 0.460938,
            "y": 0.789809
          },
          "9": {
            "x": 0.458984,
            "y": 0.807325
          },
          "10": {
            "x": 0.453125,
            "y": 0.826433
          },
          "11": {
            "x": 0.454102,
            "y": 0.828025
          },
          "12": {
            "x": 0.452148,
            "y": 0.832803
          },
          "13": {
            "x": 0.452148,
            "y": 0.840764
          },
          "14": {
            "x": 0.443359,
            "y": 0.869427
          },
          "15": {
            "x": 0.444336,
            "y": 0.872611
          },
          "16": {
            "x": 0.439453,
            "y": 0.88535
          },
          "17": {
            "x": 0.4375,
            "y": 0.904459
          },
          "18": {
            "x": 0.43457,
            "y": 0.907643
          },
          "19": {
            "x": 0.431641,
            "y": 0.923567
          },
          "20": {
            "x": 0.427734,
            "y": 0.934713
          },
          "21": {
            "x": 0.426758,
            "y": 0.944268
          },
          "22": {
            "x": 0.423828,
            "y": 0.950637
          },
          "23": {
            "x": 0.422852,
            "y": 0.963376
          },
          "24": {
            "x": 0.417969,
            "y": 0.984076
          },
          "25": {
            "x": 0.417969,
            "y": 0.992038
          },
          "26": {
            "x": 0.422852,
            "y": 0.995223
          },
          "27": {
            "x": 0.457031,
            "y": 0.995223
          },
          "28": {
            "x": 0.458008,
            "y": 0.996815
          },
          "29": {
            "x": 0.463867,
            "y": 0.998408
          },
          "30": {
            "x": 0.467773,
            "y": 0.995223
          },
          "31": {
            "x": 0.519531,
            "y": 0.995223
          },
          "32": {
            "x": 0.520508,
            "y": 0.993631
          },
          "33": {
            "x": 0.525391,
            "y": 0.993631
          },
          "34": {
            "x": 0.529297,
            "y": 0.988854
          },
          "35": {
            "x": 0.532227,
            "y": 0.974522
          },
          "36": {
            "x": 0.530273,
            "y": 0.929936
          },
          "37": {
            "x": 0.53418,
            "y": 0.882166
          },
          "38": {
            "x": 0.533203,
            "y": 0.867834
          },
          "39": {
            "x": 0.535156,
            "y": 0.859873
          },
          "40": {
            "x": 0.538086,
            "y": 0.855096
          },
          "41": {
            "x": 0.541016,
            "y": 0.840764
          },
          "42": {
            "x": 0.541016,
            "y": 0.807325
          },
          "43": {
            "x": 0.543945,
            "y": 0.789809
          },
          "44": {
            "x": 0.541016,
            "y": 0.781847
          },
          "45": {
            "x": 0.541016,
            "y": 0.765924
          },
          "46": {
            "x": 0.538086,
            "y": 0.759554
          },
          "47": {
            "x": 0.540039,
            "y": 0.754777
          },
          "48": {
            "x": 0.536133,
            "y": 0.746815
          },
          "49": {
            "x": 0.537109,
            "y": 0.735669
          },
          "50": {
            "x": 0.533203,
            "y": 0.730892
          },
          "51": {
            "x": 0.533203,
            "y": 0.727707
          },
          "52": {
            "x": 0.52832,
            "y": 0.727707
          },
          "53": {
            "x": 0.520508,
            "y": 0.716561
          },
          "54": {
            "x": 0.513672,
            "y": 0.711783
          }
        }
      }
    ]
  }
}