{
  "labels": {
    "51": [
      {
        "is_tti": 0,
        "non_interaction_tool": "Cautery (Hook, Spatula)",
        "instrument_polygon": {
          "0": {
            "x": 0.992188,
            "y": 0.3936
          },
          "1": {
            "x": 0.988281,
            "y": 0.3968
          },
          "2": {
            "x": 0.978516,
            "y": 0.3984
          },
          "3": {
            "x": 0.972656,
            "y": 0.4016
          },
          "4": {
            "x": 0.967773,
            "y": 0.4016
          },
          "5": {
            "x": 0.962891,
            "y": 0.4048
          },
          "6": {
            "x": 0.954102,
            "y": 0.4064
          },
          "7": {
            "x": 0.949219,
            "y": 0.4096
          },
          "8": {
            "x": 0.941406,
            "y": 0.4112
          },
          "9": {
            "x": 0.94043,
            "y": 0.4128
          },
          "10": {
            "x": 0.936523,
            "y": 0.4128
          },
          "11": {
            "x": 0.925781,
            "y": 0.4192
          },
          "12": {
            "x": 0.919922,
            "y": 0.4208
          },
          "13": {
            "x": 0.917969,
            "y": 0.424
          },
          "14": {
            "x": 0.90918,
            "y": 0.4288
          },
          "15": {
            "x": 0.888672,
            "y": 0.4464
          },
          "16": {
            "x": 0.886719,
            "y": 0.4496
          },
          "17": {
            "x": 0.884766,
            "y": 0.4496
          },
          "18": {
            "x": 0.878906,
            "y": 0.4544
          },
          "19": {
            "x": 0.855469,
            "y": 0.48
          },
          "20": {
            "x": 0.850586,
            "y": 0.4832
          },
          "21": {
            "x": 0.848633,
            "y": 0.4864
          },
          "22": {
            "x": 0.84668,
            "y": 0.4864
          },
          "23": {
            "x": 0.832031,
            "y": 0.4976
          },
          "24": {
            "x": 0.828125,
            "y": 0.5024
          },
          "25": {
            "x": 0.819336,
            "y": 0.5072
          },
          "26": {
            "x": 0.814453,
            "y": 0.5072
          },
          "27": {
            "x": 0.811523,
            "y": 0.5104
          },
          "28": {
            "x": 0.800781,
            "y": 0.5136
          },
          "29": {
            "x": 0.799805,
            "y": 0.5152
          },
          "30": {
            "x": 0.795898,
            "y": 0.5152
          },
          "31": {
            "x": 0.791016,
            "y": 0.5184
          },
          "32": {
            "x": 0.786133,
            "y": 0.5184
          },
          "33": {
            "x": 0.785156,
            "y": 0.52
          },
          "34": {
            "x": 0.78125,
            "y": 0.52
          },
          "35": {
            "x": 0.776367,
            "y": 0.5232
          },
          "36": {
            "x": 0.773438,
            "y": 0.5232
          },
          "37": {
            "x": 0.765625,
            "y": 0.5328
          },
          "38": {
            "x": 0.762695,
            "y": 0.5408
          },
          "39": {
            "x": 0.75293,
            "y": 0.5408
          },
          "40": {
            "x": 0.748047,
            "y": 0.5376
          },
          "41": {
            "x": 0.714844,
            "y": 0.5376
          },
          "42": {
            "x": 0.713867,
            "y": 0.536
          },
          "43": {
            "x": 0.708008,
            "y": 0.536
          },
          "44": {
            "x": 0.704102,
            "y": 0.5408
          },
          "45": {
            "x": 0.704102,
            "y": 0.544
          },
          "46": {
            "x": 0.711914,
            "y": 0.5488
          },
          "47": {
            "x": 0.71582,
            "y": 0.5488
          },
          "48": {
            "x": 0.729492,
            "y": 0.56
          },
          "49": {
            "x": 0.736328,
            "y": 0.5616
          },
          "50": {
            "x": 0.737305,
            "y": 0.5632
          },
          "51": {
            "x": 0.759766,
            "y": 0.5632
          },
          "52": {
            "x": 0.760742,
            "y": 0.5616
          },
          "53": {
            "x": 0.763672,
            "y": 0.5616
          },
          "54": {
            "x": 0.770508,
            "y": 0.576
          },
          "55": {
            "x": 0.780273,
            "y": 0.5824
          },
          "56": {
            "x": 0.818359,
            "y": 0.5824
          },
          "57": {
            "x": 0.819336,
            "y": 0.584
          },
          "58": {
            "x": 0.827148,
            "y": 0.584
          },
          "59": {
            "x": 0.828125,
            "y": 0.5856
          },
          "60": {
            "x": 0.84082,
            "y": 0.5888
          },
          "61": {
            "x": 0.847656,
            "y": 0.5936
          },
          "62": {
            "x": 0.860352,
            "y": 0.5968
          },
          "63": {
            "x": 0.864258,
            "y": 0.6
          },
          "64": {
            "x": 0.869141,
            "y": 0.6
          },
          "65": {
            "x": 0.874023,
            "y": 0.6032
          },
          "66": {
            "x": 0.885742,
            "y": 0.6048
          },
          "67": {
            "x": 0.886719,
            "y": 0.6064
          },
          "68": {
            "x": 0.897461,
            "y": 0.6064
          },
          "69": {
            "x": 0.898438,
            "y": 0.608
          },
          "70": {
            "x": 0.919922,
            "y": 0.608
          },
          "71": {
            "x": 0.920898,
            "y": 0.6064
          },
          "72": {
            "x": 0.932617,
            "y": 0.6064
          },
          "73": {
            "x": 0.933594,
            "y": 0.6048
          },
          "74": {
            "x": 0.97168,
            "y": 0.6032
          },
          "75": {
            "x": 0.972656,
            "y": 0.6016
          },
          "76": {
            "x": 0.982422,
            "y": 0.6016
          },
          "77": {
            "x": 0.983398,
            "y": 0.6
          },
          "78": {
            "x": 0.986328,
            "y": 0.6
          },
          "79": {
            "x": 0.989258,
            "y": 0.5936
          },
          "80": {
            "x": 0.994141,
            "y": 0.5536
          },
          "81": {
            "x": 0.99707,
            "y": 0.5088
          },
          "82": {
            "x": 0.99707,
            "y": 0.4848
          },
          "83": {
            "x": 0.999023,
            "y": 0.4832
          },
          "84": {
            "x": 0.999023,
            "y": 0.4752
          },
          "85": {
            "x": 0.99707,
            "y": 0.4736
          },
          "86": {
            "x": 0.999023,
            "y": 0.472
          },
          "87": {
            "x": 0.999023,
            "y": 0.464
          },
          "88": {
            "x": 0.99707,
            "y": 0.4624
          },
          "89": {
            "x": 0.99707,
            "y": 0.4512
          },
          "90": {
            "x": 0.999023,
            "y": 0.4496
          },
          "91": {
            "x": 0.999023,
            "y": 0.4464
          },
          "92": {
            "x": 0.99707,
            "y": 0.4448
          },
          "93": {
            "x": 0.99707,
            "y": 0.4384
          },
          "94": {
            "x": 0.999023,
            "y": 0.4368
          },
          "95": {
            "x": 0.999023,
            "y": 0.3952
          },