{
  "labels": {
    "149": [
      {
        "instrument_polygon": {
          "0": {
            "x": 0.335938,
            "y": 0.906412
          },
          "1": {
            "x": 0.328125,
            "y": 0.911612
          },
          "10": {
            "x": 0.376953,
            "y": 0.954939
          },
          "11": {
            "x": 0.358398,
            "y": 0.916811
          },
          "12": {
            "x": 0.348633,
            "y": 0.906412
          },
          "2": {
            "x": 0.320312,
            "y": 0.925477
          },
          "3": {
            "x": 0.317383,
            "y": 0.934142
          },
          "4": {
            "x": 0.31543,
            "y": 0.948007
          },
          "5": {
            "x": 0.31543,
            "y": 0.970537
          },
          "6": {
            "x": 0.326172,
            "y": 0.998267
          },
          "7": {
            "x": 0.408203,
            "y": 0.998267
          },
          "8": {
            "x": 0.393555,
            "y": 0.97747
          },
          "9": {
            "x": 0.390625,
            "y": 0.975737
          }
        },
        "instrument_type": "Cautery (Hook, Spatula)"
      },
      {
        "is_tti": 1,
        "interaction_type": "Blunt dissection",
        "interaction_tool": "Cautery (Hook, Spatula)",
        "tti_polygon": {
          "0": {
            "x": 0.3054736379185713,
            "y": 0.9752234396693171
          },
          "1": {
            "x": 0.2999987240038031,
            "y": 0.9729160750347091
          },
          "10": {
            "x": 0.2810340450622509,
            "y": 0.8911722595607725
          },
          "11": {
            "x": 0.281323369781324,
            "y": 0.8772590480247381
          },
          "12": {
            "x": 0.2830593180957627,
            "y": 0.8662201817493373
          },
          "13": {
            "x": 0.28440857279528636,
            "y": 0.8545699624510917
          },
          "14": {
            "x": 0.28705144282528117,
            "y": 0.8459617174681308
          },
          "15": {
            "x": 0.2942122296223408,
            "y": 0.8403855862678278
          },
          "16": {
            "x": 0.2993477433858886,
            "y": 0.8359582071185158
          },
          "17": {
            "x": 0.3047948376161306,
            "y": 0.8328915814716648
          },
          "18": {
            "x": 0.3111099060035918,
            "y": 0.8328915814716648
          },
          "19": {
            "x": 0.31653474448621277,
            "y": 0.8328915814716648
          },
          "2": {
            "x": 0.29521930220219145,
            "y": 0.9677885980689134
          },
          "20": {
            "x": 0.3232365064885891,
            "y": 0.8328915814716648
          },
          "21": {
            "x": 0.3293596190528192,
            "y": 0.8370625867726872
          },
          "22": {
            "x": 0.33521566264559716,
            "y": 0.8422048545374228
          },
          "23": {
            "x": 0.3396529023275358,
            "y": 0.8471597721822542
          },
          "24": {
            "x": 0.34735339100440493,
            "y": 0.8546143348479112
          },
          "25": {
            "x": 0.35140393707142853,
            "y": 0.8617928026000252
          },
          "26": {
            "x": 0.35528478306284195,
            "y": 0.8681577764104507
          },
          "27": {
            "x": 0.3580806613577312,
            "y": 0.8760215511801086
          },
          "28": {
            "x": 0.36010593439124305,
            "y": 0.885975758866591
          },
          "29": {
            "x": 0.36010593439124305,
            "y": 0.8986662643569355
          },
          "3": {
            "x": 0.2908599576369263,
            "y": 0.9616060441120788
          },
          "30": {
            "x": 0.3598138277037173,
            "y": 0.9085317272497792
          },
          "31": {
            "x": 0.3564198261915134,
            "y": 0.9174209974125963
          },
          "32": {
            "x": 0.3519380750143328,
            "y": 0.9240571358702512
          },
          "33": {
            "x": 0.3481851995717401,
            "y": 0.931418023475956
          },
          "34": {
            "x": 0.3437006664261068,
            "y": 0.9362743357945223
          },
          "35": {
            "x": 0.3382313164482439,
            "y": 0.9395924050233498
          },
          "36": {
            "x": 0.3330485092210014,
            "y": 0.9441775526946864
          },
          "37": {
            "x": 0.3275763772746858,
            "y": 0.9472540388741638
          },
          "38": {
            "x": 0.3224297356373275,
            "y": 0.9502269894610628
          },
          "39": {
            "x": 0.3175362531291582,
            "y": 0.9537866417392401
          },
          "4": {
            "x": 0.2866647492103661,
            "y": 0.9554432112204972
          },
          "40": {
            "x": 0.3125760033781258,
            "y": 0.9594268664016155
          },
          "5": {
            "x": 0.2828033769981211,
            "y": 0.9432112204972865
          },
          "6": {
            "x": 0.2812065271063137,
            "y": 0.9337204578442508
          },
          "7": {
            "x": 0.2804859972770835,
            "y": 0.923716947494636
          },
          "8": {
            "x": 0.2796319329621273,
            "y": 0.9145318613530229
          },
          "9": {
            "x": 0.2802105824002735,
            "y": 0.9038036018553578
          }
        }
      }
    ]
  }
}