{
  "labels": {
    "51": [
      {
        "is_tti": 0,
        "non_interaction_tool": "Grasper",
        "tti_polygon": {
          "0": {
            "x": 0.598633,
            "y": 0.682616
          },
          "1": {
            "x": 0.601562,
            "y": 0.673046
          },
          "2": {
            "x": 0.602539,
            "y": 0.653907
          },
          "3": {
            "x": 0.608398,
            "y": 0.629984
          },
          "4": {
            "x": 0.607422,
            "y": 0.596491
          },
          "5": {
            "x": 0.612305,
            "y": 0.567783
          },
          "6": {
            "x": 0.628906,
            "y": 0.518341
          },
          "7": {
            "x": 0.635742,
            "y": 0.505582
          },
          "8": {
            "x": 0.644531,
            "y": 0.499203
          },
          "9": {
            "x": 0.662109,
            "y": 0.499203
          },
          "10": {
            "x": 0.670898,
            "y": 0.508772
          },
          "11": {
            "x": 0.671875,
            "y": 0.513557
          },
          "12": {
            "x": 0.680664,
            "y": 0.527911
          },
          "13": {
            "x": 0.680664,
            "y": 0.532695
          },
          "14": {
            "x": 0.6875,
            "y": 0.556619
          },
          "15": {
            "x": 0.689453,
            "y": 0.575758
          },
          "16": {
            "x": 0.691406,
            "y": 0.577352
          },
          "17": {
            "x": 0.694336,
            "y": 0.590112
          },
          "18": {
            "x": 0.698242,
            "y": 0.623604
          },
          "19": {
            "x": 0.706055,
            "y": 0.658692
          },
          "20": {
            "x": 0.706055,
            "y": 0.665072
          },
          "21": {
            "x": 0.708008,
            "y": 0.668262
          },
          "22": {
            "x": 0.713867,
            "y": 0.751196
          },
          "23": {
            "x": 0.716797,
            "y": 0.767145
          },
          "24": {
            "x": 0.71875,
            "y": 0.792663
          },
          "25": {
            "x": 0.720703,
            "y": 0.799043
          },
          "26": {
            "x": 0.720703,
            "y": 0.822967
          },
          "27": {
            "x": 0.722656,
            "y": 0.830941
          },
          "28": {
            "x": 0.720703,
            "y": 0.880383
          },
          "29": {
            "x": 0.719727,
            "y": 0.881978
          },
          "30": {
            "x": 0.716797,
            "y": 0.881978
          },
          "31": {
            "x": 0.714844,
            "y": 0.885167
          },
          "32": {
            "x": 0.714844,
            "y": 0.896332
          },
          "33": {
            "x": 0.712891,
            "y": 0.899522
          },
          "34": {
            "x": 0.712891,
            "y": 0.904306
          },
          "35": {
            "x": 0.71582,
            "y": 0.910686
          },
          "36": {
            "x": 0.713867,
            "y": 0.913876
          },
          "37": {
            "x": 0.713867,
            "y": 0.917065
          },
          "38": {
            "x": 0.71582,
            "y": 0.91866
          },
          "39": {
            "x": 0.713867,
            "y": 0.92185
          },
          "40": {
            "x": 0.713867,
            "y": 0.964912
          },
          "41": {
            "x": 0.714844,
            "y": 0.971292
          },
          "42": {
            "x": 0.717773,
            "y": 0.974482
          },
          "43": {
            "x": 0.71582,
            "y": 0.977671
          },
          "44": {
            "x": 0.716797,
            "y": 0.980861
          },
          "45": {
            "x": 0.714844,
            "y": 0.985646
          },
          "46": {
            "x": 0.719727,
            "y": 0.99362
          },
          "47": {
            "x": 0.716797,
            "y": 0.992026
          },
          "48": {
            "x": 0.708984,
            "y": 0.99681
          },
          "49": {
            "x": 0.697266,
            "y": 0.99681
          },
          "50": {
            "x": 0.696289,
            "y": 0.998405
          },
          "51": {
            "x": 0.643555,
            "y": 0.998405
          },
          "52": {
            "x": 0.638672,
            "y": 0.995215
          },
          "53": {
            "x": 0.6306287173666288,
            "y": 0.995215
          },
          "54": {
            "x": 0.6293984108967083,
            "y": 0.9972222222222222
          },
          "55": {
            "x": 0.6288308740068105,
            "y": 0.9972222222222222
          },
          "56": {
            "x": 0.6282633371169126,
            "y": 0.9981481481481481
          },
          "57": {
            "x": 0.6276958002270148,
            "y": 0.9981481481481481
          },
          "58": {
            "x": 0.6271282633371169,
            "y": 0.9990740740740741
          },
          "59": {
            "x": 0.6112372304199774,
            "y": 0.9990740740740741
          },
          "60": {
            "x": 0.6106696935300795,
            "y": 0.9981481481481481
          },
          "61": {
            "x": 0.6101021566401816,
            "y": 0.9981481481481481
          },
          "62": {
            "x": 0.6095346197502838,
            "y": 0.9972222222222222
          },
          "63": {
            "x": 0.6089670828603859,
            "y": 0.9972222222222222
          },
          "64": {
            "x": 0.6067591373439273,
            "y": 0.99362
          },
          "65": {
            "x": 0.601562,
            "y": 0.99362
          },
          "66": {
            "x": 0.599609,
            "y": 0.990431
          },
          "67": {
            "x": 0.600586,
            "y": 0.969697
          },
          "68": {
            "x": 0.598633,
            "y": 0.963317
          },
          "69": {
            "x": 0.599609,
            "y": 0.948963
          },
          "70": {
            "x": 0.601562,
            "y": 0.945774
          },
          "71": {
            "x": 0.601562,
            "y": 0.937799
          },
          "72": {
            "x": 0.601589103291714,
            "y": 0.9377547525585632
          },
          "73": {
            "x": 0.601589103291714,
            "y": 0.924074074074074
          },
          "74": {
            "x": 0.6021566401816119,
            "y": 0.9231481481481482
          },
          "75": {
            "x": 0.6021566401816119,
            "y": 0.9203703703703704
          },
          "76": {
            "x": 0.6027241770715096,
            "y": 0.9194444444444444
          },
          "77": {
            "x": 0.6027241770715096,
            "y": 0.9185185185185185
          },
          "78": {
            "x": 0.6032917139614075,
            "y": 0.9175925925925926
          },
          "79": {
            "x": 0.6032917139614075,
            "y": 0.9166666666666666
          },
          "80": {
            "x": 0.6038004914451097,
            "y": 0.9158366056238118
          },
          "81": {
            "x": 0.602539,
            "y": 0.910686
          },
          "82": {
            "x": 0.603516,
            "y": 0.902711
          },
          "83": {
            "x": 0.601562,
            "y": 0.891547
          },
          "84": {
            "x": 0.604492,
            "y": 0.886762
          },
          "85": {
            "x": 0.602539,
            "y": 0.878788
          },
          "86": {
            "x": 0.603516,
            "y": 0.872408
          },
          "87": {
            "x": 0.601562,
            "y": 0.861244
          },
          "88": {
            "x": 0.603516,
            "y": 0.856459
          },