{
  "labels": {
    "0": [
      {
        "instrument_polygon": {
          "0": {
            "x": 0.371740678285156,
            "y": 0.4108307959982601
          },
          "1": {
            "x": 0.42055189246518687,
            "y": 0.40735100890927445
          },
          "2": {
            "x": 0.4704017071787431,
            "y": 0.3829926320292111
          },
          "3": {
            "x": 0.5005193002667626,
            "y": 0.40561114855049074
          },
          "4": {
            "x": 0.5514076362797476,
            "y": 0.3864724191181968
          },
          "5": {
            "x": 0.6064500574904491,
            "y": 0.37081341040347027
          },
          "6": {
            "x": 0.9491673157523829,
            "y": 0.27859938440244064
          },
          "7": {
            "x": 0.9637069308807744,
            "y": 0.374293197492456
          },
          "8": {
            "x": 0.9657839734796325,
            "y": 0.5117442233503358
          },
          "9": {
            "x": 0.9553986020171497,
            "y": 0.638756020684095
          },
          "10": {
            "x": 0.8673825154853305,
            "y": 0.620052223155788
          },
          "11": {
            "x": 0.7129001149808981,
            "y": 0.5983036368139001
          },
          "12": {
            "x": 0.6106042219222615,
            "y": 0.5761200521966072
          },
          "13": {
            "x": 0.5368681003854525,
            "y": 0.5674206176598522
          },
          "14": {
            "x": 0.4724787497776012,
            "y": 0.5709004047488377
          },
          "15": {
            "x": 0.4423612359236779,
            "y": 0.5482818882275582
          },
          "16": {
            "x": 0.3945884638089798,
            "y": 0.5552413960341114
          },
          "17": {
            "x": 0.3561626210914318,
            "y": 0.5187037975283072
          },
          "18": {
            "x": 0.3520084566596194,
            "y": 0.4543279686820357
          },
          "19": {
            "x": 0.38004900714878076,
            "y": 0.4334493125195398
          }
        },
        "instrument_type": "Bipolar"
      },
      {
        "is_tti": 1,
        "interaction_type": "Energy - sharp dissection",
        "interaction_tool": "Bipolar",
        "tti_polygon": {
          "0": {
            "x": 0.4041949641054149,
            "y": 0.403436289916302
          },
          "1": {
            "x": 0.3720003284185374,
            "y": 0.37211833885826723
          },
          "2": {
            "x": 0.31384226407545274,
            "y": 0.42083515898981216
          },
          "3": {
            "x": 0.30968809964364036,
            "y": 0.46085254458460206
          },
          "4": {
            "x": 0.3128036635419274,
            "y": 0.4869508481948674
          },
          "5": {
            "x": 0.31903494980669406,
            "y": 0.5260983036102653
          },
          "6": {
            "x": 0.33565152829984746,
            "y": 0.5756851202926205
          },
          "7": {
            "x": 0.3564222712248131,
            "y": 0.6052631446204532
          },
          "8": {
            "x": 0.403156442805986,
            "y": 0.6157025058874104
          },
          "9": {
            "x": 0.4125032929690397,
            "y": 0.5809047677403898
          },
          "10": {
            "x": 0.41769597870028113,
            "y": 0.5165289388941184
          },
          "11": {
            "x": 0.4166573781667559,
            "y": 0.45737275749561634
          }
        }
      }
    ],
    "70": [
      {
        "instrument_polygon": {
          "0": {
            "x": 0.34889289276133223,
            "y": 0.43866902633872745
          },
          "1": {
            "x": 0.3322762350340828,
            "y": 0.4612875428600071
          },
          "2": {
            "x": 0.33331483556760805,
            "y": 0.5030447888135806
          },
          "3": {
            "x": 0.3540855784925737,
            "y": 0.5552413960341114
          },
          "4": {
            "x": 0.3758948427169684,
            "y": 0.5726402651076216
          },
          "5": {
            "x": 0.409127999703275,
            "y": 0.5674206176598522
          },
          "6": {
            "x": 0.444438278522536,
            "y": 0.5813396996443767
          },
          "7": {
            "x": 0.47871003604236784,
            "y": 0.5987385687178869
          },
          "8": {
            "x": 0.508827549896291,
            "y": 0.6056981428958582
          },
          "9": {
            "x": 0.5285597715218278,
            "y": 0.5935189212701175
          },
          "10": {
            "x": 0.9408589868887581,
            "y": 0.6926924882634095
          },
          "11": {
            "x": 0.9647453729461073,
            "y": 0.5274032320650622
          },
          "12": {
            "x": 0.9668224155449654,
            "y": 0.39169206656596617
          },
          "13": {
            "x": 0.9574756446160078,
            "y": 0.3029578276539222
          },
          "14": {
            "x": 0.6531842290716219,
            "y": 0.3621139758667151
          },
          "15": {
            "x": 0.5025963428656206,
            "y": 0.402131361461505
          },
          "16": {
            "x": 0.46728606404635975,
            "y": 0.41953023053501526
          },
          "17": {
            "x": 0.44859244295434836,
            "y": 0.423010017624001
          },
          "18": {
            "x": 0.43197586446119496,
            "y": 0.40735100890927445
          },
          "19": {
            "x": 0.3997811495402212,
            "y": 0.4299695918019723
          },
          "20": {
            "x": 0.37485632141753933,
            "y": 0.43866902633872745
          }
        },
        "instrument_type": "Bipolar"
      },
      {
        "is_tti": 1,
        "interaction_type": "Energy - sharp dissection",
        "interaction_tool": "Bipolar",
        "tti_polygon": {
          "0": {
            "x": 0.37070215698572695,
            "y": 0.40735100890927445
          },
          "1": {
            "x": 0.3156596565409294,
            "y": 0.3812527052990091
          },
          "2": {
            "x": 0.2845035421534809,
            "y": 0.41953023053501526
          },
          "3": {
            "x": 0.28658066398643517,
            "y": 0.5152240104393215
          },
          "4": {
            "x": 0.3301991924352247,
            "y": 0.6213571516105848
          },
          "5": {
            "x": 0.38212604974763886,
            "y": 0.6335363068649074
          },
          "6": {
            "x": 0.3945884638089798,
            "y": 0.607438003254642
          },
          "7": {
            "x": 0.40081975007374643,
            "y": 0.48912570682905615
          },
          "8": {
            "x": 0.3904343786112637,
            "y": 0.44040888669751116
          }
        }
      }
    ],
    "149": [
      {
        "instrument_polygon": {
          "0": {
            "x": 0.3177367783738837,
            "y": 0.39343192692474993
          },
          "1": {
            "x": 0.37745266428316004,
            "y": 0.37385819921705105
          },
          "2": {
            "x": 0.38939577807773845,
            "y": 0.39169206656596617
          },
          "3": {
            "x": 0.41535920673394555,
            "y": 0.3829926320292111
          },
          "4": {
            "x": 0.43093726392766973,
            "y": 0.37081341040347027
          },
          "5": {
            "x": 0.566985693473472,
            "y": 0.3186168031829396
          },
          "6": {
            "x": 0.9398205448234253,
            "y": 0.20552415420512318
          },
          "7": {
            "x": 0.9605912877483911,
            "y": 0.33601567225644985
          },
          "8": {
            "x": 0.9668224155449654,
            "y": 0.43170945216075607
          },