{
  "labels": {
    "113": [
      {
        "is_tti": 0,
        "non_interaction_tool": "Cautery (Hook, Spatula)",
        "instrument_polygon": {
          "0": {
            "x": 0.980469,
            "y": 0.499205
          },
          "1": {
            "x": 0.979492,
            "y": 0.500795
          },
          "2": {
            "x": 0.972656,
            "y": 0.500795
          },
          "3": {
            "x": 0.97168,
            "y": 0.502385
          },
          "4": {
            "x": 0.96582,
            "y": 0.502385
          },
          "5": {
            "x": 0.964844,
            "y": 0.503975
          },
          "6": {
            "x": 0.958984,
            "y": 0.503975
          },
          "7": {
            "x": 0.958008,
            "y": 0.505564
          },
          "8": {
            "x": 0.952148,
            "y": 0.505564
          },
          "9": {
            "x": 0.947266,
            "y": 0.508744
          },
          "10": {
            "x": 0.942383,
            "y": 0.508744
          },
          "11": {
            "x": 0.936523,
            "y": 0.511924
          },
          "12": {
            "x": 0.930664,
            "y": 0.511924
          },
          "13": {
            "x": 0.924805,
            "y": 0.515103
          },
          "14": {
            "x": 0.919922,
            "y": 0.515103
          },
          "15": {
            "x": 0.916016,
            "y": 0.518283
          },
          "16": {
            "x": 0.911133,
            "y": 0.518283
          },
          "17": {
            "x": 0.904297,
            "y": 0.523052
          },
          "18": {
            "x": 0.891602,
            "y": 0.526232
          },
          "19": {
            "x": 0.885742,
            "y": 0.531002
          },
          "20": {
            "x": 0.881836,
            "y": 0.531002
          },
          "21": {
            "x": 0.87793,
            "y": 0.534181
          },
          "22": {
            "x": 0.875,
            "y": 0.534181
          },
          "23": {
            "x": 0.869141,
            "y": 0.538951
          },
          "24": {
            "x": 0.859375,
            "y": 0.54213
          },
          "25": {
            "x": 0.856445,
            "y": 0.54531
          },
          "26": {
            "x": 0.851562,
            "y": 0.54531
          },
          "27": {
            "x": 0.84082,
            "y": 0.551669
          },
          "28": {
            "x": 0.830078,
            "y": 0.554849
          },
          "29": {
            "x": 0.823242,
            "y": 0.559618
          },
          "30": {
            "x": 0.81543,
            "y": 0.561208
          },
          "31": {
            "x": 0.806641,
            "y": 0.565978
          },
          "32": {
            "x": 0.797852,
            "y": 0.567568
          },
          "33": {
            "x": 0.793945,
            "y": 0.572337
          },
          "34": {
            "x": 0.787109,
            "y": 0.572337
          },
          "35": {
            "x": 0.786133,
            "y": 0.573927
          },
          "36": {
            "x": 0.782227,
            "y": 0.573927
          },
          "37": {
            "x": 0.78125,
            "y": 0.575517
          },
          "38": {
            "x": 0.768555,
            "y": 0.578696
          },
          "39": {
            "x": 0.767578,
            "y": 0.580286
          },
          "40": {
            "x": 0.763672,
            "y": 0.580286
          },
          "41": {
            "x": 0.762695,
            "y": 0.581876
          },
          "42": {
            "x": 0.754883,
            "y": 0.581876
          },
          "43": {
            "x": 0.753906,
            "y": 0.583466
          },
          "44": {
            "x": 0.74707,
            "y": 0.583466
          },
          "45": {
            "x": 0.746094,
            "y": 0.585056
          },
          "46": {
            "x": 0.71875,
            "y": 0.585056
          },
          "47": {
            "x": 0.717773,
            "y": 0.583466
          },
          "48": {
            "x": 0.708984,
            "y": 0.583466
          },
          "49": {
            "x": 0.708008,
            "y": 0.581876
          },
          "50": {
            "x": 0.695312,
            "y": 0.581876
          },
          "51": {
            "x": 0.694336,
            "y": 0.583466
          },
          "52": {
            "x": 0.69043,
            "y": 0.583466
          },
          "53": {
            "x": 0.688477,
            "y": 0.580286
          },
          "54": {
            "x": 0.691406,
            "y": 0.575517
          },
          "55": {
            "x": 0.692383,
            "y": 0.564388
          },
          "56": {
            "x": 0.695312,
            "y": 0.559618
          },
          "57": {
            "x": 0.702148,
            "y": 0.537361
          },
          "58": {
            "x": 0.704102,
            "y": 0.516693
          },
          "59": {
            "x": 0.701172,
            "y": 0.507154
          },
          "60": {
            "x": 0.698242,
            "y": 0.507154
          },
          "61": {
            "x": 0.695312,
            "y": 0.508744
          },
          "62": {
            "x": 0.694336,
            "y": 0.513514
          },
          "63": {
            "x": 0.69043,
            "y": 0.515103
          },
          "64": {
            "x": 0.6875,
            "y": 0.519873
          },
          "65": {
            "x": 0.6875,
            "y": 0.532591
          },
          "66": {
            "x": 0.68457,
            "y": 0.535771
          },
          "67": {
            "x": 0.683594,
            "y": 0.54372
          },
          "68": {
            "x": 0.679688,
            "y": 0.550079
          },
          "69": {
            "x": 0.676758,
            "y": 0.559618
          },
          "70": {
            "x": 0.671875,
            "y": 0.586645
          },
          "71": {
            "x": 0.672852,
            "y": 0.610493
          },
          "72": {
            "x": 0.678711,
            "y": 0.618442
          },
          "73": {
            "x": 0.679688,
            "y": 0.624801
          },
          "74": {
            "x": 0.689453,
            "y": 0.643879
          },
          "75": {
            "x": 0.697266,
            "y": 0.650238
          },
          "76": {
            "x": 0.707031,
            "y": 0.655008
          },
          "77": {
            "x": 0.724609,
            "y": 0.658188
          },
          "78": {
            "x": 0.729492,
            "y": 0.661367
          },
          "79": {
            "x": 0.745117,
            "y": 0.664547
          },
          "80": {
            "x": 0.75,
            "y": 0.667727
          },
          "81": {
            "x": 0.759766,
            "y": 0.667727
          },
          "82": {
            "x": 0.765625,
            "y": 0.670906
          },
          "83": {
            "x": 0.779297,
            "y": 0.672496
          },
          "84": {
            "x": 0.786133,
            "y": 0.677266
          },
          "85": {
            "x": 0.795898,
            "y": 0.678855
          },
          "86": {
            "x": 0.798828,
            "y": 0.682035
          },
          "87": {
            "x": 0.806641,
            "y": 0.682035
          },
          "88": {
            "x": 0.811523,
            "y": 0.685215
          },
          "89": {
            "x": 0.816406,
            "y": 0.685215
          },
          "90": {
            "x": 0.817383,
            "y": 0.686804
          },
          "91": {
            "x": 0.826172,
            "y": 0.686804
          },
          "92": {
            "x": 0.832031,
            "y": 0.689984
          },
          "93": {
            "x": 0.836914,