{
  "labels": {
    "0": [
      {
        "instrument_polygon": {
          "0": {
            "x": 0.130859,
            "y": 0.587326
          },
          "1": {
            "x": 0.129883,
            "y": 0.588872
          },
          "2": {
            "x": 0.125977,
            "y": 0.588872
          },
          "3": {
            "x": 0.124023,
            "y": 0.591963
          },
          "4": {
            "x": 0.119141,
            "y": 0.591963
          },
          "5": {
            "x": 0.115234,
            "y": 0.595054
          },
          "6": {
            "x": 0.106445,
            "y": 0.5966
          },
          "7": {
            "x": 0.099609,
            "y": 0.602782
          },
          "8": {
            "x": 0.09668,
            "y": 0.602782
          },
          "9": {
            "x": 0.095703,
            "y": 0.601236
          },
          "10": {
            "x": 0.092773,
            "y": 0.607419
          },
          "11": {
            "x": 0.087891,
            "y": 0.608964
          },
          "12": {
            "x": 0.083984,
            "y": 0.613601
          },
          "13": {
            "x": 0.078125,
            "y": 0.615147
          },
          "14": {
            "x": 0.075195,
            "y": 0.621329
          },
          "15": {
            "x": 0.073242,
            "y": 0.618238
          },
          "16": {
            "x": 0.071289,
            "y": 0.618238
          },
          "17": {
            "x": 0.069336,
            "y": 0.625966
          },
          "18": {
            "x": 0.066406,
            "y": 0.630603
          },
          "19": {
            "x": 0.0625,
            "y": 0.632148
          },
          "20": {
            "x": 0.05957,
            "y": 0.638331
          },
          "21": {
            "x": 0.055664,
            "y": 0.639876
          },
          "22": {
            "x": 0.049805,
            "y": 0.647604
          },
          "23": {
            "x": 0.047852,
            "y": 0.647604
          },
          "24": {
            "x": 0.042969,
            "y": 0.655332
          },
          "25": {
            "x": 0.039062,
            "y": 0.656878
          },
          "26": {
            "x": 0.03418,
            "y": 0.66306
          },
          "27": {
            "x": 0.032227,
            "y": 0.66306
          },
          "28": {
            "x": 0.02832,
            "y": 0.670788
          },
          "29": {
            "x": 0.022461,
            "y": 0.673879
          },
          "30": {
            "x": 0.020508,
            "y": 0.678516
          },
          "31": {
            "x": 0.018555,
            "y": 0.678516
          },
          "32": {
            "x": 0.015625,
            "y": 0.683153
          },
          "33": {
            "x": 0.015625,
            "y": 0.698609
          },
          "34": {
            "x": 0.024414,
            "y": 0.74034
          },
          "35": {
            "x": 0.026367,
            "y": 0.743431
          },
          "36": {
            "x": 0.025391,
            "y": 0.746522
          },
          "37": {
            "x": 0.03125,
            "y": 0.769706
          },
          "38": {
            "x": 0.03125,
            "y": 0.775889
          },
          "39": {
            "x": 0.042969,
            "y": 0.822257
          },
          "40": {
            "x": 0.051758,
            "y": 0.848532
          },
          "41": {
            "x": 0.056641,
            "y": 0.846986
          },
          "42": {
            "x": 0.076172,
            "y": 0.819165
          },
          "43": {
            "x": 0.081055,
            "y": 0.816074
          },
          "44": {
            "x": 0.086914,
            "y": 0.806801
          },
          "45": {
            "x": 0.091797,
            "y": 0.800618
          },
          "46": {
            "x": 0.09668,
            "y": 0.797527
          },
          "47": {
            "x": 0.101562,
            "y": 0.789799
          },
          "48": {
            "x": 0.104492,
            "y": 0.782071
          },
          "49": {
            "x": 0.101562,
            "y": 0.771252
          },
          "50": {
            "x": 0.104492,
            "y": 0.758887
          },
          "51": {
            "x": 0.125977,
            "y": 0.724884
          },
          "52": {
            "x": 0.139648,
            "y": 0.707883
          },
          "53": {
            "x": 0.149414,
            "y": 0.690881
          },
          "54": {
            "x": 0.155273,
            "y": 0.672334
          },
          "55": {
            "x": 0.158203,
            "y": 0.667697
          },
          "56": {
            "x": 0.160156,
            "y": 0.656878
          },
          "57": {
            "x": 0.163086,
            "y": 0.652241
          },
          "58": {
            "x": 0.168945,
            "y": 0.629057
          },
          "59": {
            "x": 0.169922,
            "y": 0.608964
          },
          "60": {
            "x": 0.161133,
            "y": 0.595054
          },
          "61": {
            "x": 0.158203,
            "y": 0.595054
          },
          "62": {
            "x": 0.15332,
            "y": 0.590417
          },
          "63": {
            "x": 0.149414,
            "y": 0.590417
          },
          "64": {
            "x": 0.145508,
            "y": 0.587326
          }
        },
        "instrument_type": "Grasper"
      },
      {
        "is_tti": 1,
        "interaction_type": "Retract and grab",
        "interaction_tool": "Grasper",
        "tti_polygon": {
          "0": {
            "x": 0.1123622020309915,
            "y": 0.783535165346996
          },
          "1": {
            "x": 0.107426815499597,
            "y": 0.7783271352468561
          },
          "2": {
            "x": 0.10220094293109827,
            "y": 0.772368602992548
          },
          "3": {
            "x": 0.09642285928216382,
            "y": 0.7687116106776899
          },
          "4": {
            "x": 0.09106756224168797,
            "y": 0.7642313402421985
          },
          "5": {
            "x": 0.08436912679202725,
            "y": 0.7583774234396835
          },
          "6": {
            "x": 0.0786658217269018,
            "y": 0.7524643761644156
          },
          "7": {
            "x": 0.07198176677412743,
            "y": 0.7472836370517002
          },
          "8": {
            "x": 0.06637624908782916,
            "y": 0.742907982068002
          },
          "9": {
            "x": 0.060854138283471665,
            "y": 0.7362990146134142
          },
          "10": {
            "x": 0.05591587565269991,
            "y": 0.7313093124126689
          },
          "11": {
            "x": 0.05128823175467325,
            "y": 0.725382619643689
          },
          "12": {
            "x": 0.04548138711196609,
            "y": 0.718409772356777
          },
          "13": {
            "x": 0.03936392373651381,
            "y": 0.709690301874709
          },
          "14": {
            "x": 0.034020131093547054,
            "y": 0.7024127052282256
          },
          "15": {
            "x": 0.03176526918176776,
            "y": 0.6936568467629252
          },
          "16": {
            "x": 0.029858415294638067,
            "y": 0.6844688809967397
          },
          "17": {
            "x": 0.02911350555592526,
            "y": 0.6739118173614347
          },
          "18": {
            "x": 0.02771572125857227,
            "y": 0.6640643193991618
          },
          "19": {
            "x": 0.02771572125857227,
            "y": 0.6524110677689801
          },
          "20": {
            "x": 0.02845487879853054,
            "y": 0.6420450410456452
          },
          "21": {
            "x": 0.030390493679432917,
            "y": 0.6321520581043317
          },