{
  "labels": {
    "110": [
      {
        "is_tti": 0,
        "non_interaction_tool": "Cautery (Hook, Spatula)",
        "tti_polygon": {
          "0": {
            "x": 0.736328,
            "y": 0.420139
          },
          "1": {
            "x": 0.727539,
            "y": 0.432292
          },
          "2": {
            "x": 0.72168,
            "y": 0.432292
          },
          "3": {
            "x": 0.71875,
            "y": 0.430556
          },
          "4": {
            "x": 0.717773,
            "y": 0.432292
          },
          "5": {
            "x": 0.711914,
            "y": 0.432292
          },
          "6": {
            "x": 0.710938,
            "y": 0.430556
          },
          "7": {
            "x": 0.701172,
            "y": 0.428819
          },
          "8": {
            "x": 0.700195,
            "y": 0.427083
          },
          "9": {
            "x": 0.696289,
            "y": 0.427083
          },
          "10": {
            "x": 0.696289,
            "y": 0.430556
          },
          "11": {
            "x": 0.702148,
            "y": 0.435764
          },
          "12": {
            "x": 0.709961,
            "y": 0.4375
          },
          "13": {
            "x": 0.712891,
            "y": 0.440972
          },
          "14": {
            "x": 0.72168,
            "y": 0.442708
          },
          "15": {
            "x": 0.726562,
            "y": 0.446181
          },
          "16": {
            "x": 0.733398,
            "y": 0.458333
          },
          "17": {
            "x": 0.740234,
            "y": 0.463542
          },
          "18": {
            "x": 0.75,
            "y": 0.475694
          },
          "19": {
            "x": 0.755859,
            "y": 0.479167
          },
          "20": {
            "x": 0.758789,
            "y": 0.484375
          },
          "21": {
            "x": 0.766602,
            "y": 0.491319
          },
          "22": {
            "x": 0.77832,
            "y": 0.513889
          },
          "23": {
            "x": 0.795898,
            "y": 0.536458
          },
          "24": {
            "x": 0.800781,
            "y": 0.538194
          },
          "25": {
            "x": 0.805664,
            "y": 0.543403
          },
          "26": {
            "x": 0.810547,
            "y": 0.545139
          },
          "27": {
            "x": 0.813477,
            "y": 0.548611
          },
          "28": {
            "x": 0.819336,
            "y": 0.550347
          },
          "29": {
            "x": 0.828125,
            "y": 0.557292
          },
          "30": {
            "x": 0.837891,
            "y": 0.559028
          },
          "31": {
            "x": 0.852539,
            "y": 0.571181
          },
          "32": {
            "x": 0.862305,
            "y": 0.574653
          },
          "33": {
            "x": 0.869141,
            "y": 0.579861
          },
          "34": {
            "x": 0.87207,
            "y": 0.579861
          },
          "35": {
            "x": 0.875,
            "y": 0.583333
          },
          "36": {
            "x": 0.882812,
            "y": 0.586806
          },
          "37": {
            "x": 0.888672,
            "y": 0.592014
          },
          "38": {
            "x": 0.897461,
            "y": 0.59375
          },
          "39": {
            "x": 0.907227,
            "y": 0.602431
          },
          "40": {
            "x": 0.919922,
            "y": 0.609375
          },
          "41": {
            "x": 0.922852,
            "y": 0.614583
          },
          "42": {
            "x": 0.927734,
            "y": 0.616319
          },
          "43": {
            "x": 0.932617,
            "y": 0.621528
          },
          "44": {
            "x": 0.944336,
            "y": 0.626736
          },
          "45": {
            "x": 0.946289,
            "y": 0.630208
          },
          "46": {
            "x": 0.950195,
            "y": 0.630208
          },
          "47": {
            "x": 0.954102,
            "y": 0.633681
          },
          "48": {
            "x": 0.958008,
            "y": 0.633681
          },
          "49": {
            "x": 0.962891,
            "y": 0.637153
          },
          "50": {
            "x": 0.96582,
            "y": 0.635417
          },
          "51": {
            "x": 0.970703,
            "y": 0.642361
          },
          "52": {
            "x": 0.974609,
            "y": 0.642361
          },
          "53": {
            "x": 0.977539,
            "y": 0.645833
          },
          "54": {
            "x": 0.982422,
            "y": 0.645833
          },
          "55": {
            "x": 0.985352,
            "y": 0.652778
          },
          "56": {
            "x": 0.990234,
            "y": 0.652778
          },
          "57": {
            "x": 0.992188,
            "y": 0.65625
          },
          "58": {
            "x": 0.992188,
            "y": 0.661458
          },
          "59": {
            "x": 0.994141,
            "y": 0.661458
          },
          "60": {
            "x": 0.994141,
            "y": 0.649306
          },
          "61": {
            "x": 0.996094,
            "y": 0.642361
          },
          "62": {
            "x": 0.995117,
            "y": 0.633681
          },
          "63": {
            "x": 0.99707,
            "y": 0.546875
          },
          "64": {
            "x": 0.996094,
            "y": 0.5
          },
          "65": {
            "x": 0.994141,
            "y": 0.487847
          },
          "66": {
            "x": 0.985352,
            "y": 0.491319
          },
          "67": {
            "x": 0.983398,
            "y": 0.494792
          },
          "68": {
            "x": 0.979492,
            "y": 0.494792
          },
          "69": {
            "x": 0.978516,
            "y": 0.489583
          },
          "70": {
            "x": 0.976562,
            "y": 0.491319
          },
          "71": {
            "x": 0.97168,
            "y": 0.491319
          },
          "72": {
            "x": 0.962891,
            "y": 0.486111
          },
          "73": {
            "x": 0.961914,
            "y": 0.487847
          },
          "74": {
            "x": 0.955078,
            "y": 0.487847
          },
          "75": {
            "x": 0.954102,
            "y": 0.486111
          },
          "76": {
            "x": 0.953125,
            "y": 0.487847
          },
          "77": {
            "x": 0.950195,
            "y": 0.487847
          },
          "78": {
            "x": 0.950195,
            "y": 0.482639
          },
          "79": {
            "x": 0.948242,
            "y": 0.480903
          },
          "80": {
            "x": 0.941406,
            "y": 0.480903
          },
          "81": {
            "x": 0.932617,
            "y": 0.475694
          },
          "82": {
            "x": 0.925781,
            "y": 0.475694
          },
          "83": {
            "x": 0.924805,
            "y": 0.473958
          },
          "84": {
            "x": 0.920898,
            "y": 0.473958
          },
          "85": {
            "x": 0.919922,
            "y": 0.472222
          },
          "86": {
            "x": 0.916992,
            "y": 0.472222
          },
          "87": {
            "x": 0.912109,
            "y": 0.467014
          },
          "88": {
            "x": 0.907227,
            "y": 0.467014
          },
          "89": {
            "x": 0.901367,
            "y": 0.461806
          },
          "90": {
            "x": 0.885742,
            "y": 0.456597
          },
          "91": {
            "x": 0.879883,
            "y": 0.451389
          },
          "92": {
            "x": 0.875977,
            "y": 0.451389
          },
          "93": {
            "x": 0.873047,