{
  "labels": {
    "75": [
      {
        "is_tti": 0,
        "non_interaction_tool": "Grasper",
        "instrument_polygon": {
          "0": {
            "x": 0.536133,
            "y": 0.510417
          },
          "1": {
            "x": 0.529297,
            "y": 0.515625
          },
          "2": {
            "x": 0.526367,
            "y": 0.515625
          },
          "3": {
            "x": 0.517578,
            "y": 0.524306
          },
          "4": {
            "x": 0.501953,
            "y": 0.557292
          },
          "5": {
            "x": 0.490234,
            "y": 0.621528
          },
          "6": {
            "x": 0.488281,
            "y": 0.642361
          },
          "7": {
            "x": 0.484375,
            "y": 0.65625
          },
          "8": {
            "x": 0.482422,
            "y": 0.694444
          },
          "9": {
            "x": 0.486328,
            "y": 0.701389
          },
          "10": {
            "x": 0.494141,
            "y": 0.706597
          },
          "11": {
            "x": 0.495117,
            "y": 0.710069
          },
          "12": {
            "x": 0.486328,
            "y": 0.725694
          },
          "13": {
            "x": 0.484375,
            "y": 0.725694
          },
          "14": {
            "x": 0.480469,
            "y": 0.730903
          },
          "15": {
            "x": 0.474609,
            "y": 0.75
          },
          "16": {
            "x": 0.472656,
            "y": 0.78125
          },
          "17": {
            "x": 0.46582,
            "y": 0.815972
          },
          "18": {
            "x": 0.463867,
            "y": 0.855903
          },
          "19": {
            "x": 0.461914,
            "y": 0.866319
          },
          "20": {
            "x": 0.462891,
            "y": 0.876736
          },
          "21": {
            "x": 0.458008,
            "y": 0.932292
          },
          "22": {
            "x": 0.458008,
            "y": 0.963542
          },
          "23": {
            "x": 0.455078,
            "y": 0.986111
          },
          "24": {
            "x": 0.455078,
            "y": 0.994792
          },
          "25": {
            "x": 0.457031,
            "y": 0.998264
          },
          "26": {
            "x": 0.491211,
            "y": 0.998264
          },
          "27": {
            "x": 0.493164,
            "y": 0.996528
          },
          "28": {
            "x": 0.494141,
            "y": 0.998264
          },
          "29": {
            "x": 0.5,
            "y": 0.998264
          },
          "30": {
            "x": 0.500977,
            "y": 0.996528
          },
          "31": {
            "x": 0.515625,
            "y": 0.996528
          },
          "32": {
            "x": 0.516602,
            "y": 0.994792
          },
          "33": {
            "x": 0.519531,
            "y": 0.994792
          },
          "34": {
            "x": 0.520508,
            "y": 0.996528
          },
          "35": {
            "x": 0.545898,
            "y": 0.996528
          },
          "36": {
            "x": 0.546875,
            "y": 0.994792
          },
          "37": {
            "x": 0.551758,
            "y": 0.994792
          },
          "38": {
            "x": 0.552734,
            "y": 0.996528
          },
          "39": {
            "x": 0.561523,
            "y": 0.996528
          },
          "40": {
            "x": 0.5625,
            "y": 0.994792
          },
          "41": {
            "x": 0.572266,
            "y": 0.994792
          },
          "42": {
            "x": 0.575195,
            "y": 0.993056
          },
          "43": {
            "x": 0.576172,
            "y": 0.989583
          },
          "44": {
            "x": 0.575195,
            "y": 0.986111
          },
          "45": {
            "x": 0.577148,
            "y": 0.980903
          },
          "46": {
            "x": 0.575195,
            "y": 0.970486
          },
          "47": {
            "x": 0.574219,
            "y": 0.947917
          },
          "48": {
            "x": 0.572266,
            "y": 0.940972
          },
          "49": {
            "x": 0.573242,
            "y": 0.934028
          },
          "50": {
            "x": 0.571289,
            "y": 0.925347
          },
          "51": {
            "x": 0.571289,
            "y": 0.911458
          },
          "52": {
            "x": 0.569336,
            "y": 0.907986
          },
          "53": {
            "x": 0.570312,
            "y": 0.902778
          },
          "54": {
            "x": 0.567383,
            "y": 0.892361
          },
          "55": {
            "x": 0.563477,
            "y": 0.855903
          },
          "56": {
            "x": 0.558594,
            "y": 0.838542
          },
          "57": {
            "x": 0.552734,
            "y": 0.765625
          },
          "58": {
            "x": 0.554688,
            "y": 0.755208
          },
          "59": {
            "x": 0.553711,
            "y": 0.751736
          },
          "60": {
            "x": 0.55957,
            "y": 0.741319
          },
          "61": {
            "x": 0.564453,
            "y": 0.736111
          },
          "62": {
            "x": 0.567383,
            "y": 0.723958
          },
          "63": {
            "x": 0.568359,
            "y": 0.704861
          },
          "64": {
            "x": 0.570312,
            "y": 0.699653
          },
          "65": {
            "x": 0.573242,
            "y": 0.642361
          },
          "66": {
            "x": 0.575195,
            "y": 0.637153
          },
          "67": {
            "x": 0.575195,
            "y": 0.625
          },
          "68": {
            "x": 0.577148,
            "y": 0.618056
          },
          "69": {
            "x": 0.577148,
            "y": 0.600694
          },
          "70": {
            "x": 0.572266,
            "y": 0.567708
          },
          "71": {
            "x": 0.560547,
            "y": 0.53125
          },
          "72": {
            "x": 0.551758,
            "y": 0.517361
          },
          "73": {
            "x": 0.547852,
            "y": 0.515625
          },
          "74": {
            "x": 0.543945,
            "y": 0.510417
          }
        }
      }
    ]
  }
}