{
  "labels": {
    "0": [],
    "16": [],
    "51": [],
    "73": [
      {
        "is_tti": 0,
        "non_interaction_tool": "Grasper",
        "tti_polygon": {
          "0": {
            "x": 0.032272699370970916,
            "y": 0.7705681054464837
          },
          "1": {
            "x": 0.34855823210404197,
            "y": 0.5866426108750059
          },
          "2": {
            "x": 0.35880434132368566,
            "y": 0.5401349556528676
          },
          "3": {
            "x": 0.35142736407337094,
            "y": 0.49844549593500903
          },
          "4": {
            "x": 0.33604975161383605,
            "y": 0.47795932718313583
          },
          "5": {
            "x": 0.27440086561375465,
            "y": 0.5045601252070765
          },
          "6": {
            "x": 0.21007163475803,
            "y": 0.5319209924198116
          },
          "7": {
            "x": 0.1448488874513563,
            "y": 0.5699221324540126
          },
          "8": {
            "x": 0.1019627562694515,
            "y": 0.5972829416816097
          },
          "9": {
            "x": 0.038526905533206604,
            "y": 0.6368041041231236
          },
          "10": {
            "x": 0,
            "y": 0.6504845377294912
          },
          "11": {
            "x": 0.011052978809888475,
            "y": 0.740167193419123
          },
          "12": {
            "x": 0.022668011014880127,
            "y": 0.7815884708474851
          }
        }
      }
    ]
  }
}