{
  "labels": {
    "115": [
      {
        "is_tti": 0,
        "non_interaction_tool": "Cautery (Hook, Spatula)",
        "instrument_polygon": {
          "0": {
            "x": 0.548828,
            "y": 0.444444
          },
          "1": {
            "x": 0.543945,
            "y": 0.449653
          },
          "2": {
            "x": 0.542969,
            "y": 0.456597
          },
          "3": {
            "x": 0.540039,
            "y": 0.461806
          },
          "4": {
            "x": 0.540039,
            "y": 0.472222
          },
          "5": {
            "x": 0.538086,
            "y": 0.480903
          },
          "6": {
            "x": 0.539062,
            "y": 0.508681
          },
          "7": {
            "x": 0.537109,
            "y": 0.513889
          },
          "8": {
            "x": 0.540039,
            "y": 0.519097
          },
          "9": {
            "x": 0.540039,
            "y": 0.524306
          },
          "10": {
            "x": 0.542969,
            "y": 0.527778
          },
          "11": {
            "x": 0.541992,
            "y": 0.532986
          },
          "12": {
            "x": 0.543945,
            "y": 0.534722
          },
          "13": {
            "x": 0.544922,
            "y": 0.539931
          },
          "14": {
            "x": 0.549805,
            "y": 0.539931
          },
          "15": {
            "x": 0.551758,
            "y": 0.543403
          },
          "16": {
            "x": 0.554688,
            "y": 0.543403
          },
          "17": {
            "x": 0.555664,
            "y": 0.541667
          },
          "18": {
            "x": 0.560547,
            "y": 0.567708
          },
          "19": {
            "x": 0.571289,
            "y": 0.581597
          },
          "20": {
            "x": 0.580078,
            "y": 0.588542
          },
          "21": {
            "x": 0.585938,
            "y": 0.597222
          },
          "22": {
            "x": 0.59082,
            "y": 0.600694
          },
          "23": {
            "x": 0.613281,
            "y": 0.626736
          },
          "24": {
            "x": 0.615234,
            "y": 0.626736
          },
          "25": {
            "x": 0.625,
            "y": 0.635417
          },
          "26": {
            "x": 0.626953,
            "y": 0.635417
          },
          "27": {
            "x": 0.650391,
            "y": 0.657986
          },
          "28": {
            "x": 0.662109,
            "y": 0.664931
          },
          "29": {
            "x": 0.671875,
            "y": 0.675347
          },
          "30": {
            "x": 0.673828,
            "y": 0.675347
          },
          "31": {
            "x": 0.683594,
            "y": 0.684028
          },
          "32": {
            "x": 0.685547,
            "y": 0.684028
          },
          "33": {
            "x": 0.696289,
            "y": 0.694444
          },
          "34": {
            "x": 0.708008,
            "y": 0.701389
          },
          "35": {
            "x": 0.709961,
            "y": 0.704861
          },
          "36": {
            "x": 0.71582,
            "y": 0.708333
          },
          "37": {
            "x": 0.725586,
            "y": 0.717014
          },
          "38": {
            "x": 0.727539,
            "y": 0.720486
          },
          "39": {
            "x": 0.729492,
            "y": 0.720486
          },
          "40": {
            "x": 0.746094,
            "y": 0.736111
          },
          "41": {
            "x": 0.748047,
            "y": 0.736111
          },
          "42": {
            "x": 0.753906,
            "y": 0.743056
          },
          "43": {
            "x": 0.758789,
            "y": 0.744792
          },
          "44": {
            "x": 0.765625,
            "y": 0.753472
          },
          "45": {
            "x": 0.767578,
            "y": 0.753472
          },
          "46": {
            "x": 0.771484,
            "y": 0.758681
          },
          "47": {
            "x": 0.777344,
            "y": 0.762153
          },
          "48": {
            "x": 0.780273,
            "y": 0.767361
          },
          "49": {
            "x": 0.786133,
            "y": 0.772569
          },
          "50": {
            "x": 0.788086,
            "y": 0.772569
          },
          "51": {
            "x": 0.798828,
            "y": 0.782986
          },
          "52": {
            "x": 0.800781,
            "y": 0.782986
          },
          "53": {
            "x": 0.802734,
            "y": 0.786458
          },
          "54": {
            "x": 0.804688,
            "y": 0.786458
          },
          "55": {
            "x": 0.827148,
            "y": 0.807292
          },
          "56": {
            "x": 0.835938,
            "y": 0.8125
          },
          "57": {
            "x": 0.841797,
            "y": 0.817708
          },
          "58": {
            "x": 0.844727,
            "y": 0.822917
          },
          "59": {
            "x": 0.850586,
            "y": 0.828125
          },
          "60": {
            "x": 0.855469,
            "y": 0.829861
          },
          "61": {
            "x": 0.867188,
            "y": 0.842014
          },
          "62": {
            "x": 0.87207,
            "y": 0.84375
          },
          "63": {
            "x": 0.875,
            "y": 0.848958
          },
          "64": {
            "x": 0.880859,
            "y": 0.854167
          },
          "65": {
            "x": 0.882812,
            "y": 0.854167
          },
          "66": {
            "x": 0.899414,
            "y": 0.869792
          },
          "67": {
            "x": 0.90625,
            "y": 0.880208
          },
          "68": {
            "x": 0.915039,
            "y": 0.885417
          },
          "69": {
            "x": 0.921875,
            "y": 0.894097
          },
          "70": {
            "x": 0.935547,
            "y": 0.904514
          },
          "71": {
            "x": 0.941406,
            "y": 0.911458
          },
          "72": {
            "x": 0.945312,
            "y": 0.913194
          },
          "73": {
            "x": 0.954102,
            "y": 0.925347
          },
          "74": {
            "x": 0.956055,
            "y": 0.925347
          },
          "75": {
            "x": 0.96582,
            "y": 0.935764
          },
          "76": {
            "x": 0.970703,
            "y": 0.935764
          },
          "77": {
            "x": 0.974609,
            "y": 0.927083
          },
          "78": {
            "x": 0.984375,
            "y": 0.894097
          },
          "79": {
            "x": 0.995117,
            "y": 0.848958
          },
          "80": {
            "x": 0.996094,
            "y": 0.836806
          },
          "81": {
            "x": 0.999023,
            "y": 0.831597
          },
          "82": {
            "x": 0.999023,
            "y": 0.748264
          },
          "83": {
            "x": 0.99707,
            "y": 0.746528
          },
          "84": {
            "x": 0.99707,
            "y": 0.741319
          },
          "85": {
            "x": 0.999023,
            "y": 0.737847
          },
          "86": {
            "x": 0.99707,
            "y": 0.736111
          },
          "87": {
            "x": 0.99707,
            "y": 0.725694
          },
          "88": {
            "x": 0.999023,
            "y": 0.722222
          },
          "89": {
            "x": 0.99707,
            "y": 0.720486
          },
          "90": {
            "x": 0.99707,
            "y": 0.711806
          },
          "91": {
            "x": 0.999023,
            "y": 0.710069
          },
          "92": {
            "x": 0.999023,
            "y": 0.706597
          },
          "93": {
            "x": 0.99707,