{
  "labels": {
    "118": [
      {
        "is_tti": 0,
        "non_interaction_tool": "Cautery (Hook, Spatula)",
        "instrument_polygon": {
          "0": {
            "x": 0.910156,
            "y": 0.128613
          },
          "1": {
            "x": 0.90918,
            "y": 0.130058
          },
          "2": {
            "x": 0.905273,
            "y": 0.130058
          },
          "3": {
            "x": 0.892578,
            "y": 0.138728
          },
          "4": {
            "x": 0.891602,
            "y": 0.143064
          },
          "5": {
            "x": 0.885742,
            "y": 0.144509
          },
          "6": {
            "x": 0.876953,
            "y": 0.151734
          },
          "7": {
            "x": 0.87207,
            "y": 0.153179
          },
          "8": {
            "x": 0.870117,
            "y": 0.15896
          },
          "9": {
            "x": 0.860352,
            "y": 0.160405
          },
          "10": {
            "x": 0.856445,
            "y": 0.166185
          },
          "11": {
            "x": 0.84375,
            "y": 0.16763
          },
          "12": {
            "x": 0.84082,
            "y": 0.17052
          },
          "13": {
            "x": 0.836914,
            "y": 0.17052
          },
          "14": {
            "x": 0.832031,
            "y": 0.174855
          },
          "15": {
            "x": 0.818359,
            "y": 0.180636
          },
          "16": {
            "x": 0.81543,
            "y": 0.183526
          },
          "17": {
            "x": 0.808594,
            "y": 0.184971
          },
          "18": {
            "x": 0.805664,
            "y": 0.189306
          },
          "19": {
            "x": 0.801758,
            "y": 0.190751
          },
          "20": {
            "x": 0.789062,
            "y": 0.200867
          },
          "21": {
            "x": 0.787109,
            "y": 0.200867
          },
          "22": {
            "x": 0.773438,
            "y": 0.212428
          },
          "23": {
            "x": 0.764648,
            "y": 0.216763
          },
          "24": {
            "x": 0.761719,
            "y": 0.221098
          },
          "25": {
            "x": 0.74707,
            "y": 0.231214
          },
          "26": {
            "x": 0.745117,
            "y": 0.231214
          },
          "27": {
            "x": 0.739258,
            "y": 0.236994
          },
          "28": {
            "x": 0.732422,
            "y": 0.238439
          },
          "29": {
            "x": 0.727539,
            "y": 0.242775
          },
          "30": {
            "x": 0.71582,
            "y": 0.248555
          },
          "31": {
            "x": 0.708008,
            "y": 0.261561
          },
          "32": {
            "x": 0.707031,
            "y": 0.286127
          },
          "33": {
            "x": 0.692383,
            "y": 0.306358
          },
          "34": {
            "x": 0.691406,
            "y": 0.315029
          },
          "35": {
            "x": 0.6875,
            "y": 0.322254
          },
          "36": {
            "x": 0.68457,
            "y": 0.348266
          },
          "37": {
            "x": 0.680664,
            "y": 0.356936
          },
          "38": {
            "x": 0.681641,
            "y": 0.364162
          },
          "39": {
            "x": 0.679688,
            "y": 0.371387
          },
          "40": {
            "x": 0.676758,
            "y": 0.375723
          },
          "41": {
            "x": 0.675781,
            "y": 0.384393
          },
          "42": {
            "x": 0.670898,
            "y": 0.393064
          },
          "43": {
            "x": 0.672852,
            "y": 0.400289
          },
          "44": {
            "x": 0.688477,
            "y": 0.400289
          },
          "45": {
            "x": 0.691406,
            "y": 0.395954
          },
          "46": {
            "x": 0.694336,
            "y": 0.384393
          },
          "47": {
            "x": 0.699219,
            "y": 0.375723
          },
          "48": {
            "x": 0.699219,
            "y": 0.368497
          },
          "49": {
            "x": 0.701172,
            "y": 0.365607
          },
          "50": {
            "x": 0.702148,
            "y": 0.355491
          },
          "51": {
            "x": 0.705078,
            "y": 0.346821
          },
          "52": {
            "x": 0.704102,
            "y": 0.34104
          },
          "53": {
            "x": 0.708008,
            "y": 0.33237
          },
          "54": {
            "x": 0.709961,
            "y": 0.322254
          },
          "55": {
            "x": 0.716797,
            "y": 0.310694
          },
          "56": {
            "x": 0.71875,
            "y": 0.313584
          },
          "57": {
            "x": 0.72168,
            "y": 0.313584
          },
          "58": {
            "x": 0.725586,
            "y": 0.316474
          },
          "59": {
            "x": 0.733398,
            "y": 0.316474
          },
          "60": {
            "x": 0.734375,
            "y": 0.315029
          },
          "61": {
            "x": 0.739258,
            "y": 0.315029
          },
          "62": {
            "x": 0.744141,
            "y": 0.312139
          },
          "63": {
            "x": 0.751953,
            "y": 0.310694
          },
          "64": {
            "x": 0.755859,
            "y": 0.306358
          },
          "65": {
            "x": 0.759766,
            "y": 0.306358
          },
          "66": {
            "x": 0.763672,
            "y": 0.303468
          },
          "67": {
            "x": 0.768555,
            "y": 0.303468
          },
          "68": {
            "x": 0.774414,
            "y": 0.300578
          },
          "69": {
            "x": 0.779297,
            "y": 0.300578
          },
          "70": {
            "x": 0.780273,
            "y": 0.299133
          },
          "71": {
            "x": 0.819336,
            "y": 0.297688
          },
          "72": {
            "x": 0.820312,
            "y": 0.296243
          },
          "73": {
            "x": 0.825195,
            "y": 0.296243
          },
          "74": {
            "x": 0.826172,
            "y": 0.297688
          },
          "75": {
            "x": 0.84082,
            "y": 0.297688
          },
          "76": {
            "x": 0.841797,
            "y": 0.299133
          },
          "77": {
            "x": 0.87207,
            "y": 0.299133
          },
          "78": {
            "x": 0.873047,
            "y": 0.300578
          },
          "79": {
            "x": 0.888672,
            "y": 0.300578
          },
          "80": {
            "x": 0.889648,
            "y": 0.302023
          },
          "81": {
            "x": 0.916992,
            "y": 0.302023
          },
          "82": {
            "x": 0.917969,
            "y": 0.303468
          },
          "83": {
            "x": 0.945312,
            "y": 0.303468
          },
          "84": {
            "x": 0.946289,
            "y": 0.302023
          },
          "85": {
            "x": 0.950195,
            "y": 0.302023
          },
          "86": {
            "x": 0.951172,
            "y": 0.303468
          },
          "87": {
            "x": 0.960938,
            "y": 0.303468
          },
          "88": {
            "x": 0.962891,
            "y": 0.302023
          },
          "89": {
            "x": 0.963867,
            "y": 0.303468
          },
          "90": {
            "x": 0.966797,
            "y": 0.303468
          },
          "91": {
            "x": 0.967773,
            "y": 0.302023
          },
          "92": {
            "x": 0.972656,
            "y": 0.302023
          },
          "93": {
            "x": 0.969727,