{
  "labels": {
    "110": [
      {
        "is_tti": 0,
        "non_interaction_tool": "Grasper",
        "instrument_polygon": {
          "0": {
            "x": 0.368164,
            "y": 0.643059
          },
          "1": {
            "x": 0.364258,
            "y": 0.645892
          },
          "10": {
            "x": 0.294922,
            "y": 0.729462
          },
          "11": {
            "x": 0.282227,
            "y": 0.752125
          },
          "12": {
            "x": 0.279297,
            "y": 0.766289
          },
          "13": {
            "x": 0.270508,
            "y": 0.784703
          },
          "14": {
            "x": 0.264648,
            "y": 0.803116
          },
          "15": {
            "x": 0.264648,
            "y": 0.807365
          },
          "16": {
            "x": 0.260742,
            "y": 0.814448
          },
          "17": {
            "x": 0.251953,
            "y": 0.856941
          },
          "18": {
            "x": 0.248047,
            "y": 0.864023
          },
          "19": {
            "x": 0.24707,
            "y": 0.872521
          },
          "2": {
            "x": 0.360352,
            "y": 0.645892
          },
          "20": {
            "x": 0.240234,
            "y": 0.892351
          },
          "21": {
            "x": 0.230469,
            "y": 0.930595
          },
          "22": {
            "x": 0.226562,
            "y": 0.937677
          },
          "23": {
            "x": 0.211914,
            "y": 0.98017
          },
          "24": {
            "x": 0.208008,
            "y": 0.992918
          },
          "25": {
            "x": 0.208008,
            "y": 0.998584
          },
          "26": {
            "x": 0.251953,
            "y": 0.998584
          },
          "27": {
            "x": 0.253906,
            "y": 0.995751
          },
          "28": {
            "x": 0.256836,
            "y": 0.995751
          },
          "29": {
            "x": 0.264648,
            "y": 0.998584
          },
          "3": {
            "x": 0.353516,
            "y": 0.652975
          },
          "30": {
            "x": 0.34668,
            "y": 0.998584
          },
          "31": {
            "x": 0.350586,
            "y": 0.997167
          },
          "32": {
            "x": 0.353516,
            "y": 0.998584
          },
          "33": {
            "x": 0.358398,
            "y": 0.995751
          },
          "34": {
            "x": 0.371094,
            "y": 0.997167
          },
          "35": {
            "x": 0.373047,
            "y": 0.995751
          },
          "36": {
            "x": 0.378906,
            "y": 0.998584
          },
          "37": {
            "x": 0.389648,
            "y": 0.998584
          },
          "38": {
            "x": 0.395508,
            "y": 0.994334
          },
          "39": {
            "x": 0.395508,
            "y": 0.978754
          },
          "4": {
            "x": 0.34375,
            "y": 0.65864
          },
          "40": {
            "x": 0.400391,
            "y": 0.957507
          },
          "41": {
            "x": 0.40918,
            "y": 0.892351
          },
          "42": {
            "x": 0.415039,
            "y": 0.864023
          },
          "43": {
            "x": 0.420898,
            "y": 0.754958
          },
          "44": {
            "x": 0.418945,
            "y": 0.729462
          },
          "45": {
            "x": 0.413086,
            "y": 0.691218
          },
          "46": {
            "x": 0.405273,
            "y": 0.667139
          },
          "47": {
            "x": 0.398438,
            "y": 0.655807
          },
          "48": {
            "x": 0.393555,
            "y": 0.652975
          },
          "49": {
            "x": 0.387695,
            "y": 0.645892
          },
          "5": {
            "x": 0.336914,
            "y": 0.668555
          },
          "50": {
            "x": 0.380859,
            "y": 0.643059
          },
          "6": {
            "x": 0.332031,
            "y": 0.671388
          },
          "7": {
            "x": 0.316406,
            "y": 0.688385
          },
          "8": {
            "x": 0.3125,
            "y": 0.696884
          },
          "9": {
            "x": 0.296875,
            "y": 0.720963
          }
        }
      }
    ]
  }
}