{
  "labels": {
    "0": [
      {
        "instrument_polygon": {
          "0": {
            "x": 0.445312,
            "y": 0.453659
          },
          "1": {
            "x": 0.444336,
            "y": 0.455285
          },
          "2": {
            "x": 0.435547,
            "y": 0.455285
          },
          "3": {
            "x": 0.423828,
            "y": 0.461789
          },
          "4": {
            "x": 0.421875,
            "y": 0.465041
          },
          "5": {
            "x": 0.419922,
            "y": 0.465041
          },
          "6": {
            "x": 0.417969,
            "y": 0.468293
          },
          "7": {
            "x": 0.411133,
            "y": 0.473171
          },
          "8": {
            "x": 0.402344,
            "y": 0.487805
          },
          "9": {
            "x": 0.383789,
            "y": 0.541463
          },
          "10": {
            "x": 0.378906,
            "y": 0.547967
          },
          "11": {
            "x": 0.363281,
            "y": 0.58374
          },
          "12": {
            "x": 0.351562,
            "y": 0.603252
          },
          "13": {
            "x": 0.34668,
            "y": 0.621138
          },
          "14": {
            "x": 0.329102,
            "y": 0.658537
          },
          "15": {
            "x": 0.329102,
            "y": 0.661789
          },
          "16": {
            "x": 0.320312,
            "y": 0.681301
          },
          "17": {
            "x": 0.320312,
            "y": 0.684553
          },
          "18": {
            "x": 0.308594,
            "y": 0.707317
          },
          "19": {
            "x": 0.300781,
            "y": 0.726829
          },
          "20": {
            "x": 0.292969,
            "y": 0.739837
          },
          "21": {
            "x": 0.291016,
            "y": 0.746341
          },
          "22": {
            "x": 0.287109,
            "y": 0.75122
          },
          "23": {
            "x": 0.277344,
            "y": 0.773984
          },
          "24": {
            "x": 0.261719,
            "y": 0.801626
          },
          "25": {
            "x": 0.254883,
            "y": 0.81626
          },
          "26": {
            "x": 0.24707,
            "y": 0.845528
          },
          "27": {
            "x": 0.238281,
            "y": 0.863415
          },
          "28": {
            "x": 0.222656,
            "y": 0.887805
          },
          "29": {
            "x": 0.220703,
            "y": 0.895935
          },
          "30": {
            "x": 0.210938,
            "y": 0.913821
          },
          "31": {
            "x": 0.198242,
            "y": 0.944715
          },
          "32": {
            "x": 0.196289,
            "y": 0.946341
          },
          "33": {
            "x": 0.188477,
            "y": 0.96748
          },
          "34": {
            "x": 0.175781,
            "y": 0.990244
          },
          "35": {
            "x": 0.171875,
            "y": 0.993496
          },
          "36": {
            "x": 0.174805,
            "y": 0.995122
          },
          "37": {
            "x": 0.455078,
            "y": 0.995122
          },
          "38": {
            "x": 0.458008,
            "y": 0.99187
          },
          "39": {
            "x": 0.458008,
            "y": 0.954472
          },
          "40": {
            "x": 0.459961,
            "y": 0.95122
          },
          "41": {
            "x": 0.458984,
            "y": 0.946341
          },
          "42": {
            "x": 0.462891,
            "y": 0.923577
          },
          "43": {
            "x": 0.464844,
            "y": 0.891057
          },
          "44": {
            "x": 0.467773,
            "y": 0.878049
          },
          "45": {
            "x": 0.467773,
            "y": 0.868293
          },
          "46": {
            "x": 0.47168,
            "y": 0.843902
          },
          "47": {
            "x": 0.470703,
            "y": 0.84065
          },
          "48": {
            "x": 0.476562,
            "y": 0.803252
          },
          "49": {
            "x": 0.476562,
            "y": 0.782114
          },
          "50": {
            "x": 0.478516,
            "y": 0.772358
          },
          "51": {
            "x": 0.480469,
            "y": 0.726829
          },
          "52": {
            "x": 0.482422,
            "y": 0.712195
          },
          "53": {
            "x": 0.485352,
            "y": 0.705691
          },
          "54": {
            "x": 0.484375,
            "y": 0.697561
          },
          "55": {
            "x": 0.491211,
            "y": 0.656911
          },
          "56": {
            "x": 0.493164,
            "y": 0.634146
          },
          "57": {
            "x": 0.495117,
            "y": 0.629268
          },
          "58": {
            "x": 0.496094,
            "y": 0.617886
          },
          "59": {
            "x": 0.500977,
            "y": 0.606504
          },
          "60": {
            "x": 0.501953,
            "y": 0.598374
          },
          "61": {
            "x": 0.50293,
            "y": 0.539837
          },
          "62": {
            "x": 0.498047,
            "y": 0.510569
          },
          "63": {
            "x": 0.488281,
            "y": 0.486179
          },
          "64": {
            "x": 0.480469,
            "y": 0.473171
          },
          "65": {
            "x": 0.47168,
            "y": 0.463415
          },
          "66": {
            "x": 0.455078,
            "y": 0.453659
          }
        },
        "instrument_type": "Grasper"
      },
      {
        "instrument_polygon": {
          "0": {
            "x": 0.547852,
            "y": 0
          },
          "1": {
            "x": 0.549805,
            "y": 0.056911
          },
          "2": {
            "x": 0.547852,
            "y": 0.15935
          },
          "3": {
            "x": 0.550781,
            "y": 0.17561
          },
          "4": {
            "x": 0.555664,
            "y": 0.186992
          },
          "5": {
            "x": 0.56543,
            "y": 0.201626
          },
          "6": {
            "x": 0.571289,
            "y": 0.20813
          },
          "7": {
            "x": 0.577148,
            "y": 0.211382
          },
          "8": {
            "x": 0.59082,
            "y": 0.211382
          },
          "9": {
            "x": 0.59668,
            "y": 0.20813
          },
          "10": {
            "x": 0.604492,
            "y": 0.198374
          },
          "11": {
            "x": 0.610352,
            "y": 0.178862
          },
          "12": {
            "x": 0.615234,
            "y": 0.144715
          },
          "13": {
            "x": 0.615234,
            "y": 0.128455
          },
          "14": {
            "x": 0.617188,
            "y": 0.121951
          },
          "15": {
            "x": 0.618164,
            "y": 0.094309
          },
          "16": {
            "x": 0.62207,
            "y": 0.068293
          },
          "17": {
            "x": 0.623047,
            "y": 0.034146
          },
          "18": {
            "x": 0.625977,
            "y": 0.019512
          },
          "19": {
            "x": 0.625,
            "y": 0.011382
          },
          "20": {
            "x": 0.626953,
            "y": 0
          }
        },
        "instrument_type": "Grasper"
      },
      {
        "is_tti": 1,
        "interaction_type": "Energy - sharp dissection",
        "interaction_tool": "Grasper",
        "tti_polygon": {
          "0": {
            "x": 0.30924761679753554,
            "y": 0.6243448682535927
          },
          "1": {
            "x": 0.37498660226095026,
            "y": 0.7003471483219949
          },
          "2": {
            "x": 0.4626386757582567,