{
  "labels": {
    "0": [],
    "61": [],
    "149": [
      {
        "instrument_polygon": {
          "0": {
            "x": 0.242188,
            "y": 0.648233
          },
          "1": {
            "x": 0.241211,
            "y": 0.64977
          },
          "2": {
            "x": 0.236328,
            "y": 0.64977
          },
          "3": {
            "x": 0.233398,
            "y": 0.652842
          },
          "4": {
            "x": 0.226562,
            "y": 0.654378
          },
          "5": {
            "x": 0.222656,
            "y": 0.65745
          },
          "6": {
            "x": 0.21875,
            "y": 0.65745
          },
          "7": {
            "x": 0.21582,
            "y": 0.663594
          },
          "8": {
            "x": 0.204102,
            "y": 0.665131
          },
          "9": {
            "x": 0.19043,
            "y": 0.675883
          },
          "10": {
            "x": 0.185547,
            "y": 0.682028
          },
          "11": {
            "x": 0.172852,
            "y": 0.691244
          },
          "12": {
            "x": 0.169922,
            "y": 0.695853
          },
          "13": {
            "x": 0.158203,
            "y": 0.705069
          },
          "14": {
            "x": 0.154297,
            "y": 0.711214
          },
          "15": {
            "x": 0.142578,
            "y": 0.72043
          },
          "16": {
            "x": 0.125,
            "y": 0.738863
          },
          "17": {
            "x": 0.118164,
            "y": 0.743472
          },
          "18": {
            "x": 0.108398,
            "y": 0.754224
          },
          "19": {
            "x": 0.101562,
            "y": 0.758833
          },
          "20": {
            "x": 0.09668,
            "y": 0.764977
          },
          "21": {
            "x": 0.084961,
            "y": 0.774194
          },
          "22": {
            "x": 0.080078,
            "y": 0.780338
          },
          "23": {
            "x": 0.068359,
            "y": 0.789555
          },
          "24": {
            "x": 0.054688,
            "y": 0.803379
          },
          "25": {
            "x": 0.047852,
            "y": 0.807988
          },
          "26": {
            "x": 0.042969,
            "y": 0.814132
          },
          "27": {
            "x": 0.051758,
            "y": 0.847926
          },
          "28": {
            "x": 0.070312,
            "y": 0.90169
          },
          "29": {
            "x": 0.083008,
            "y": 0.932412
          },
          "30": {
            "x": 0.086914,
            "y": 0.935484
          },
          "31": {
            "x": 0.095703,
            "y": 0.930876
          },
          "32": {
            "x": 0.104492,
            "y": 0.918587
          },
          "33": {
            "x": 0.113281,
            "y": 0.910906
          },
          "34": {
            "x": 0.139648,
            "y": 0.878648
          },
          "35": {
            "x": 0.149414,
            "y": 0.869432
          },
          "36": {
            "x": 0.155273,
            "y": 0.860215
          },
          "37": {
            "x": 0.157227,
            "y": 0.860215
          },
          "38": {
            "x": 0.189453,
            "y": 0.81874
          },
          "39": {
            "x": 0.196289,
            "y": 0.812596
          },
          "40": {
            "x": 0.201172,
            "y": 0.804916
          },
          "41": {
            "x": 0.206055,
            "y": 0.801843
          },
          "42": {
            "x": 0.211914,
            "y": 0.791091
          },
          "43": {
            "x": 0.227539,
            "y": 0.771121
          },
          "44": {
            "x": 0.230469,
            "y": 0.764977
          },
          "45": {
            "x": 0.230469,
            "y": 0.758833
          },
          "46": {
            "x": 0.227539,
            "y": 0.754224
          },
          "47": {
            "x": 0.22168,
            "y": 0.749616
          },
          "48": {
            "x": 0.21875,
            "y": 0.743472
          },
          "49": {
            "x": 0.217773,
            "y": 0.735791
          },
          "50": {
            "x": 0.220703,
            "y": 0.732719
          },
          "51": {
            "x": 0.219727,
            "y": 0.723502
          },
          "52": {
            "x": 0.22168,
            "y": 0.718894
          },
          "53": {
            "x": 0.225586,
            "y": 0.717358
          },
          "54": {
            "x": 0.232422,
            "y": 0.709677
          },
          "55": {
            "x": 0.237305,
            "y": 0.700461
          },
          "56": {
            "x": 0.242188,
            "y": 0.695853
          },
          "57": {
            "x": 0.254883,
            "y": 0.669739
          },
          "58": {
            "x": 0.253906,
            "y": 0.655914
          },
          "59": {
            "x": 0.250977,
            "y": 0.64977
          },
          "60": {
            "x": 0.248047,
            "y": 0.64977
          },
          "61": {
            "x": 0.24707,
            "y": 0.648233
          }
        },
        "instrument_type": "Grasper"
      },
      {
        "is_tti": 0,
        "non_interaction_tool": "Cautery (Hook, Spatula)",
        "instrument_polygon": {
          "0": {
            "x": 0.47534630111134446,
            "y": 0.5714421548613257
          },
          "1": {
            "x": 0.5265873700592643,
            "y": 0.5638419268544854
          },
          "2": {
            "x": 0.5381891757968783,
            "y": 0.5471214484334922
          },
          "3": {
            "x": 0.5758948415985883,
            "y": 0.557761721254958
          },
          "4": {
            "x": 0.5932975133240027,
            "y": 0.5486414708408051
          },
          "5": {
            "x": 0.6841779930062544,
            "y": 0.6246437509092071
          },
          "6": {
            "x": 1,
            "y": 0.8693711275205445
          },
          "7": {
            "x": 1,
            "y": 1
          },
          "8": {
            "x": 0.736385860658472,
            "y": 1
          },
          "9": {
            "x": 0.5720276467813965,
            "y": 0.7766484270162872
          },
          "10": {
            "x": 0.5613926397480805,
            "y": 0.7386472869820861
          },
          "11": {
            "x": 0.5555917737602799,
            "y": 0.6778454629273645
          },
          "12": {
            "x": 0.5430232430803809,
            "y": 0.6231237285018942
          },
          "13": {
            "x": 0.5275541687635621,
            "y": 0.5896827136747698
          },
          "14": {
            "x": 0.4850144356783496,
            "y": 0.5866426108750061
          },
          "15": {
            "x": 0.4637444953737304,
            "y": 0.577522360460853
          }
        }
      },
      {
        "is_tti": 1,
        "interaction_type": "Retract and grab",
        "interaction_tool": "Grasper",
        "tti_polygon": {
          "0": {
            "x": 0.24293047061311618,
            "y": 0.7646588990451795
          },
          "1": {
            "x": 0.22880087528657786,
            "y": 0.7573540114112717
          },
          "2": {
            "x": 0.2151573102661121,
            "y": 0.7514955461108526
          },
          "3": {
            "x": 0.20364302087225006,
            "y": 0.7443362104098744
          },
          "4": {
            "x": 0.19262633393460513,
            "y": 0.7317869046925944
          },
          "5": {
            "x": 0.1840571567525399,
            "y": 0.7173681663367492
          },
          "6": {
            "x": 0.17767511594780125,
            "y": 0.7001930382510481
          },
          "7": {
            "x": 0.1740038513144317,