{
  "labels": {
    "121": [
      {
        "is_tti": 0,
        "non_interaction_tool": "Suction",
        "tti_polygon": {
          "0": {
            "x": 0.357623,
            "y": 0.005556
          },
          "1": {
            "x": 0.360987,
            "y": 0
          },
          "2": {
            "x": 0.634529,
            "y": 0
          },
          "3": {
            "x": 0.63565,
            "y": 0.013889
          },
          "4": {
            "x": 0.631166,
            "y": 0.0625
          },
          "5": {
            "x": 0.632287,
            "y": 0.069444
          },
          "6": {
            "x": 0.631166,
            "y": 0.070833
          },
          "7": {
            "x": 0.631166,
            "y": 0.083333
          },
          "8": {
            "x": 0.627803,
            "y": 0.094444
          },
          "9": {
            "x": 0.626682,
            "y": 0.122222
          },
          "10": {
            "x": 0.623318,
            "y": 0.136111
          },
          "11": {
            "x": 0.622197,
            "y": 0.177778
          },
          "12": {
            "x": 0.619955,
            "y": 0.195833
          },
          "13": {
            "x": 0.621076,
            "y": 0.208333
          },
          "14": {
            "x": 0.616592,
            "y": 0.241667
          },
          "15": {
            "x": 0.616592,
            "y": 0.273611
          },
          "16": {
            "x": 0.61435,
            "y": 0.2875
          },
          "17": {
            "x": 0.61435,
            "y": 0.301389
          },
          "18": {
            "x": 0.612108,
            "y": 0.306944
          },
          "19": {
            "x": 0.613229,
            "y": 0.313889
          },
          "20": {
            "x": 0.610987,
            "y": 0.325
          },
          "21": {
            "x": 0.612108,
            "y": 0.333333
          },
          "22": {
            "x": 0.609865,
            "y": 0.340278
          },
          "23": {
            "x": 0.607623,
            "y": 0.381944
          },
          "24": {
            "x": 0.60426,
            "y": 0.391667
          },
          "25": {
            "x": 0.605381,
            "y": 0.395833
          },
          "26": {
            "x": 0.602018,
            "y": 0.401389
          },
          "27": {
            "x": 0.602018,
            "y": 0.411111
          },
          "28": {
            "x": 0.600896860986547,
            "y": 0.4166671889288474
          },
          "29": {
            "x": 0.600896860986547,
            "y": 0.43472222222222223
          },
          "30": {
            "x": 0.599776,
            "y": 0.4361108444444445
          },
          "31": {
            "x": 0.599776,
            "y": 0.443056
          },
          "32": {
            "x": 0.5997757847533632,
            "y": 0.44305626651412294
          },
          "33": {
            "x": 0.5997757847533632,
            "y": 0.44722222222222224
          },
          "34": {
            "x": 0.598655,
            "y": 0.4486107499999999
          },
          "35": {
            "x": 0.598655,
            "y": 0.458333
          },
          "36": {
            "x": 0.5986547085201793,
            "y": 0.4583333611645593
          },
          "37": {
            "x": 0.5986547085201793,
            "y": 0.475
          },
          "38": {
            "x": 0.5975336322869955,
            "y": 0.47638888888888886
          },
          "39": {
            "x": 0.5975336322869955,
            "y": 0.49027777777777776
          },
          "40": {
            "x": 0.5964125560538116,
            "y": 0.49166666666666664
          },
          "41": {
            "x": 0.5964125560538116,
            "y": 0.49583333333333335
          },
          "42": {
            "x": 0.5952914798206278,
            "y": 0.49722222222222223
          },
          "43": {
            "x": 0.5952914798206278,
            "y": 0.5083333333333333
          },
          "44": {
            "x": 0.594170403587444,
            "y": 0.5097222222222222
          },
          "45": {
            "x": 0.594170403587444,
            "y": 0.5310186665959952
          },
          "46": {
            "x": 0.595291,
            "y": 0.531944
          },
          "47": {
            "x": 0.59417,
            "y": 0.536111
          },
          "48": {
            "x": 0.595291,
            "y": 0.5375
          },
          "49": {
            "x": 0.59417,
            "y": 0.544444
          },
          "50": {
            "x": 0.596413,
            "y": 0.547222
          },
          "51": {
            "x": 0.595291,
            "y": 0.572222
          },
          "52": {
            "x": 0.590807,
            "y": 0.591667
          },
          "53": {
            "x": 0.580717,
            "y": 0.611111
          },
          "54": {
            "x": 0.567265,
            "y": 0.622222
          },
          "55": {
            "x": 0.5641255354103456,
            "y": 0.6233333644638497
          },
          "56": {
            "x": 0.5639013452914798,
            "y": 0.6236111111111111
          },
          "57": {
            "x": 0.56334093612511,
            "y": 0.6236111111111111
          },
          "58": {
            "x": 0.562555975767079,
            "y": 0.623888985577452
          },
          "59": {
            "x": 0.5616591928251121,
            "y": 0.625
          },
          "60": {
            "x": 0.5594175,
            "y": 0.625
          },
          "61": {
            "x": 0.5594168564805463,
            "y": 0.6250002278046566
          },
          "62": {
            "x": 0.5582959641255605,
            "y": 0.6263888888888889
          },
          "63": {
            "x": 0.5560538116591929,
            "y": 0.6263888888888889
          },
          "64": {
            "x": 0.554932735426009,
            "y": 0.6277777777777778
          },
          "65": {
            "x": 0.5515706277497799,
            "y": 0.6277777777777778
          },
          "66": {
            "x": 0.55157,
            "y": 0.627778
          },
          "67": {
            "x": 0.547085,
            "y": 0.627778
          },
          "68": {
            "x": 0.5470848206543477,
            "y": 0.6277777777777778
          },
          "69": {
            "x": 0.5358744394618834,
            "y": 0.6277777777777778
          },
          "70": {
            "x": 0.5347534529147983,
            "y": 0.626389
          },
          "71": {
            "x": 0.53139,
            "y": 0.626389
          },
          "72": {
            "x": 0.5246633783637836,
            "y": 0.6222222222222222
          },
          "73": {
            "x": 0.523542600896861,
            "y": 0.6222222222222222
          },
          "74": {
            "x": 0.5224218183863665,
            "y": 0.6208336972231097
          },
          "75": {
            "x": 0.5224212309423094,
            "y": 0.6208333333333333
          },
          "76": {
            "x": 0.5213004484304933,
            "y": 0.6208333333333333
          },
          "77": {
            "x": 0.5201796608750825,
            "y": 0.6194448020841301
          },
          "78": {
            "x": 0.5201790835208353,
            "y": 0.6194444444444445
          },
          "79": {
            "x": 0.5179372197309418,
            "y": 0.6194444444444445
          },
          "80": {
            "x": 0.5168161434977578,
            "y": 0.6180555555555556
          },
          "81": {
            "x": 0.515695067264574,
            "y": 0.6180555555555556
          },
          "82": {
            "x": 0.5145739910313901,
            "y": 0.6166666666666667
          },
          "83": {
            "x": 0.5134529147982063,
            "y": 0.6166666666666667
          },
          "84": {
            "x": 0.5123318385650224,