{
  "labels": {
    "0": [
      {
        "is_tti": 0,
        "non_interaction_tool": "Cautery (Hook, Spatula)",
        "instrument_polygon": {
          "0": {
            "x": 0.511211,
            "y": 0.365922
          },
          "1": {
            "x": 0.512332,
            "y": 0.360335
          },
          "2": {
            "x": 0.516816,
            "y": 0.356145
          },
          "3": {
            "x": 0.517937,
            "y": 0.357542
          },
          "4": {
            "x": 0.5213,
            "y": 0.357542
          },
          "5": {
            "x": 0.525785,
            "y": 0.364525
          },
          "6": {
            "x": 0.533632,
            "y": 0.371508
          },
          "7": {
            "x": 0.535874,
            "y": 0.371508
          },
          "8": {
            "x": 0.544843,
            "y": 0.354749
          },
          "9": {
            "x": 0.549327,
            "y": 0.354749
          },
          "10": {
            "x": 0.56278,
            "y": 0.336592
          },
          "11": {
            "x": 0.568386,
            "y": 0.332402
          },
          "12": {
            "x": 0.576233,
            "y": 0.317039
          },
          "13": {
            "x": 0.577354,
            "y": 0.308659
          },
          "14": {
            "x": 0.581839,
            "y": 0.298883
          },
          "15": {
            "x": 0.58296,
            "y": 0.28352
          },
          "16": {
            "x": 0.587444,
            "y": 0.272346
          },
          "17": {
            "x": 0.600897,
            "y": 0.252793
          },
          "18": {
            "x": 0.609865,
            "y": 0.23324
          },
          "19": {
            "x": 0.618834,
            "y": 0.22067
          },
          "20": {
            "x": 0.621076,
            "y": 0.215084
          },
          "21": {
            "x": 0.64574,
            "y": 0.184358
          },
          "22": {
            "x": 0.646861,
            "y": 0.180168
          },
          "23": {
            "x": 0.652466,
            "y": 0.174581
          },
          "24": {
            "x": 0.654709,
            "y": 0.168994
          },
          "25": {
            "x": 0.67713,
            "y": 0.141061
          },
          "26": {
            "x": 0.680493,
            "y": 0.134078
          },
          "27": {
            "x": 0.68722,
            "y": 0.125698
          },
          "28": {
            "x": 0.68722,
            "y": 0.122905
          },
          "29": {
            "x": 0.693946,
            "y": 0.114525
          },
          "30": {
            "x": 0.697309,
            "y": 0.113128
          },
          "31": {
            "x": 0.711883,
            "y": 0.092179
          },
          "32": {
            "x": 0.730942,
            "y": 0.071229
          },
          "33": {
            "x": 0.736547,
            "y": 0.062849
          },
          "34": {
            "x": 0.736547,
            "y": 0.060056
          },
          "35": {
            "x": 0.748879,
            "y": 0.047486
          },
          "36": {
            "x": 0.762332,
            "y": 0.030726
          },
          "37": {
            "x": 0.764574,
            "y": 0.02514
          },
          "38": {
            "x": 0.769058,
            "y": 0.022346
          },
          "39": {
            "x": 0.782511,
            "y": 0.00838
          },
          "40": {
            "x": 0.79148,
            "y": 0.00838
          },
          "41": {
            "x": 0.800448,
            "y": 0.01257
          },
          "42": {
            "x": 0.815022,
            "y": 0.02514
          },
          "43": {
            "x": 0.830717,
            "y": 0.043296
          },
          "44": {
            "x": 0.835202,
            "y": 0.046089
          },
          "45": {
            "x": 0.840807,
            "y": 0.055866
          },
          "46": {
            "x": 0.841928,
            "y": 0.060056
          },
          "47": {
            "x": 0.840807,
            "y": 0.067039
          },
          "48": {
            "x": 0.836323,
            "y": 0.072626
          },
          "49": {
            "x": 0.835202,
            "y": 0.076816
          },
          "50": {
            "x": 0.826233,
            "y": 0.086592
          },
          "51": {
            "x": 0.823991,
            "y": 0.093575
          },
          "52": {
            "x": 0.81278,
            "y": 0.104749
          },
          "53": {
            "x": 0.811659,
            "y": 0.108939
          },
          "54": {
            "x": 0.806054,
            "y": 0.111732
          },
          "55": {
            "x": 0.800448,
            "y": 0.117318
          },
          "56": {
            "x": 0.790359,
            "y": 0.131285
          },
          "57": {
            "x": 0.784753,
            "y": 0.134078
          },
          "58": {
            "x": 0.766816,
            "y": 0.156425
          },
          "59": {
            "x": 0.755605,
            "y": 0.164804
          },
          "60": {
            "x": 0.75,
            "y": 0.174581
          },
          "61": {
            "x": 0.734305,
            "y": 0.192737
          },
          "62": {
            "x": 0.716368,
            "y": 0.209497
          },
          "63": {
            "x": 0.695067,
            "y": 0.234637
          },
          "64": {
            "x": 0.691704,
            "y": 0.236034
          },
          "65": {
            "x": 0.684978,
            "y": 0.243017
          },
          "66": {
            "x": 0.649103,
            "y": 0.28352
          },
          "67": {
            "x": 0.641256,
            "y": 0.289106
          },
          "68": {
            "x": 0.639013,
            "y": 0.289106
          },
          "69": {
            "x": 0.630045,
            "y": 0.297486
          },
          "70": {
            "x": 0.609865,
            "y": 0.325419
          },
          "71": {
            "x": 0.6098652914904297,
            "y": 0.32541921786387806
          },
          "72": {
            "x": 0.6076233183856502,
            "y": 0.32821229050279327
          },
          "73": {
            "x": 0.6076233183856502,
            "y": 0.329608938547486
          },
          "74": {
            "x": 0.6065022421524664,
            "y": 0.329608938547486
          },
          "75": {
            "x": 0.6065022421524664,
            "y": 0.3296096034370338
          },
          "76": {
            "x": 0.606502,
            "y": 0.329609
          },
          "77": {
            "x": 0.603139,
            "y": 0.332402
          },
          "78": {
            "x": 0.599776,
            "y": 0.337989
          },
          "79": {
            "x": 0.59417,
            "y": 0.342179
          },
          "80": {
            "x": 0.591928,
            "y": 0.349162
          },
          "81": {
            "x": 0.578475,
            "y": 0.365922
          },
          "82": {
            "x": 0.575112,
            "y": 0.367318
          },
          "83": {
            "x": 0.569507,
            "y": 0.375698
          },
          "84": {
            "x": 0.560538,
            "y": 0.384078
          },
          "85": {
            "x": 0.552691,
            "y": 0.395251
          },
          "86": {
            "x": 0.544843,
            "y": 0.399441
          },
          "87": {
            "x": 0.532511,
            "y": 0.399441
          },
          "88": {
            "x": 0.525785,
            "y": 0.396648
          },
          "89": {
            "x": 0.5213,
            "y": 0.391061
          },
          "90": {
            "x": 0.520179,
            "y": 0.385475
          },
          "91": {
            "x": 0.517937,
            "y": 0.384078
          },
          "92": {
            "x": 0.515695,