{
  "labels": {
    "13": [
      {
        "instrument_polygon": {
          "0": {
            "x": 0.970655,
            "y": 0.297222
          },
          "1": {
            "x": 0.961625,
            "y": 0.301389
          },
          "10": {
            "x": 0.861174,
            "y": 0.325
          },
          "11": {
            "x": 0.849887,
            "y": 0.331944
          },
          "12": {
            "x": 0.845372,
            "y": 0.331944
          },
          "13": {
            "x": 0.839729,
            "y": 0.336111
          },
          "14": {
            "x": 0.836343,
            "y": 0.336111
          },
          "15": {
            "x": 0.828442,
            "y": 0.340278
          },
          "16": {
            "x": 0.823928,
            "y": 0.340278
          },
          "17": {
            "x": 0.810384,
            "y": 0.347222
          },
          "18": {
            "x": 0.79684,
            "y": 0.351389
          },
          "19": {
            "x": 0.793454,
            "y": 0.354167
          },
          "2": {
            "x": 0.954853,
            "y": 0.301389
          },
          "20": {
            "x": 0.783296,
            "y": 0.355556
          },
          "21": {
            "x": 0.777652,
            "y": 0.359722
          },
          "22": {
            "x": 0.767494,
            "y": 0.363889
          },
          "23": {
            "x": 0.758465,
            "y": 0.365278
          },
          "24": {
            "x": 0.744921,
            "y": 0.372222
          },
          "25": {
            "x": 0.713318,
            "y": 0.380556
          },
          "26": {
            "x": 0.706546,
            "y": 0.384722
          },
          "27": {
            "x": 0.689616,
            "y": 0.3875
          },
          "28": {
            "x": 0.674944,
            "y": 0.394444
          },
          "29": {
            "x": 0.65237,
            "y": 0.401389
          },
          "3": {
            "x": 0.953725,
            "y": 0.302778
          },
          "30": {
            "x": 0.641084,
            "y": 0.411111
          },
          "31": {
            "x": 0.63544,
            "y": 0.411111
          },
          "32": {
            "x": 0.628668,
            "y": 0.413889
          },
          "33": {
            "x": 0.620767,
            "y": 0.420833
          },
          "34": {
            "x": 0.617381,
            "y": 0.426389
          },
          "35": {
            "x": 0.615124,
            "y": 0.434722
          },
          "36": {
            "x": 0.616253,
            "y": 0.445833
          },
          "37": {
            "x": 0.615124,
            "y": 0.452778
          },
          "38": {
            "x": 0.612867,
            "y": 0.455556
          },
          "39": {
            "x": 0.604966,
            "y": 0.455556
          },
          "4": {
            "x": 0.943567,
            "y": 0.304167
          },
          "40": {
            "x": 0.597065,
            "y": 0.458333
          },
          "41": {
            "x": 0.582393,
            "y": 0.459722
          },
          "42": {
            "x": 0.577878,
            "y": 0.461111
          },
          "43": {
            "x": 0.571106,
            "y": 0.466667
          },
          "44": {
            "x": 0.568849,
            "y": 0.470833
          },
          "45": {
            "x": 0.568849,
            "y": 0.475
          },
          "46": {
            "x": 0.572235,
            "y": 0.484722
          },
          "47": {
            "x": 0.575621,
            "y": 0.488889
          },
          "48": {
            "x": 0.581264,
            "y": 0.491667
          },
          "49": {
            "x": 0.603837,
            "y": 0.491667
          },
          "5": {
            "x": 0.933409,
            "y": 0.308333
          },
          "50": {
            "x": 0.610609,
            "y": 0.488889
          },
          "51": {
            "x": 0.616253,
            "y": 0.488889
          },
          "52": {
            "x": 0.617381,
            "y": 0.4875
          },
          "53": {
            "x": 0.633183,
            "y": 0.484722
          },
          "54": {
            "x": 0.638826,
            "y": 0.477778
          },
          "55": {
            "x": 0.646727,
            "y": 0.475
          },
          "56": {
            "x": 0.697517,
            "y": 0.475
          },
          "57": {
            "x": 0.698646,
            "y": 0.473611
          },
          "58": {
            "x": 0.707675,
            "y": 0.473611
          },
          "59": {
            "x": 0.708804,
            "y": 0.472222
          },
          "6": {
            "x": 0.917607,
            "y": 0.311111
          },
          "60": {
            "x": 0.724605,
            "y": 0.472222
          },
          "61": {
            "x": 0.725734,
            "y": 0.470833
          },
          "62": {
            "x": 0.767494,
            "y": 0.469444
          },
          "63": {
            "x": 0.773138,
            "y": 0.466667
          },
          "64": {
            "x": 0.781038,
            "y": 0.466667
          },
          "65": {
            "x": 0.790068,
            "y": 0.463889
          },
          "66": {
            "x": 0.848758,
            "y": 0.461111
          },
          "67": {
            "x": 0.849887,
            "y": 0.459722
          },
          "68": {
            "x": 0.866817,
            "y": 0.458333
          },
          "69": {
            "x": 0.867946,
            "y": 0.456944
          },
          "7": {
            "x": 0.913093,
            "y": 0.313889
          },
          "70": {
            "x": 0.875847,
            "y": 0.456944
          },
          "71": {
            "x": 0.876975,
            "y": 0.455556
          },
          "72": {
            "x": 0.899549,
            "y": 0.455556
          },
          "73": {
            "x": 0.904063,
            "y": 0.454167
          },
          "74": {
            "x": 0.905192,
            "y": 0.455556
          },
          "75": {
            "x": 0.911964,
            "y": 0.455556
          },
          "76": {
            "x": 0.913093,
            "y": 0.454167
          },
          "77": {
            "x": 0.918736,
            "y": 0.454167
          },
          "78": {
            "x": 0.920993,
            "y": 0.45
          },
          "79": {
            "x": 0.931151,
            "y": 0.448611
          },
          "8": {
            "x": 0.893905,
            "y": 0.316667
          },
          "80": {
            "x": 0.93228,
            "y": 0.447222
          },
          "81": {
            "x": 0.996614,
            "y": 0.438889
          },
          "82": {
            "x": 0.998871,
            "y": 0.4375
          },
          "83": {
            "x": 0.998871,
            "y": 0.366667
          },
          "84": {
            "x": 0.996614,
            "y": 0.365278
          },
          "85": {
            "x": 0.995485,
            "y": 0.356944
          },
          "86": {
            "x": 0.993228,
            "y": 0.352778
          },
          "87": {
            "x": 0.992099,
            "y": 0.338889
          },
          "88": {
            "x": 0.987585,
            "y": 0.318056
          },
          "89": {
            "x": 0.981941,
            "y": 0.302778
          },
          "9": {
            "x": 0.878104,
            "y": 0.322222
          },
          "90": {
            "x": 0.976298,
            "y": 0.297222
          }
        },
        "instrument_type": "Cautery (Hook, Spatula)"
      },
      {
        "is_tti": 1,
        "interaction_type": "Energy - sharp dissection",
        "interaction_tool": "Cautery (Hook, Spatula)",
        "tti_polygon": {
          "0": {
            "x": 0.5456382364362438,