{
  "labels": {
    "0": [],
    "1": [],
    "2": [],
    "3": [],
    "4": [],
    "5": [],
    "6": [],
    "7": [],
    "8": [],
    "9": [],
    "10": [],
    "11": [],
    "12": [],
    "13": [],
    "14": [],
    "15": [],
    "16": [],
    "17": [],
    "18": [],
    "19": [],
    "20": [],
    "21": [],
    "22": [],
    "23": [],
    "24": [],
    "25": [],
    "26": [],
    "27": [],
    "28": [],
    "29": [],
    "30": [],
    "31": [],
    "32": [],
    "33": [],
    "34": [],
    "35": [],
    "36": [],
    "37": [],
    "38": [],
    "39": [],
    "40": [],
    "41": [],
    "42": [],
    "43": [],
    "44": [],
    "45": [],
    "46": [],
    "47": [],
    "48": [],
    "49": [],
    "50": [],
    "51": [],
    "52": [],
    "53": [],
    "54": [],
    "55": [],
    "56": [],
    "57": [],
    "58": [],
    "59": [],
    "60": [],
    "61": [],
    "62": [],
    "63": [],
    "64": [],
    "65": [],
    "66": [],
    "67": [],
    "68": [],
    "69": [],
    "70": [],
    "71": [],
    "72": [],
    "73": [],
    "74": [],
    "75": [],
    "76": [],
    "77": [],
    "78": [],
    "79": [],
    "80": [],
    "81": [],
    "82": [],
    "83": [
      {
        "is_tti": 0,
        "non_interaction_tool": "Suction",
        "instrument_polygon": {
          "0": {
            "x": 0.714135,
            "y": 0
          },
          "1": {
            "x": 0.708861,
            "y": 0.016667
          },
          "2": {
            "x": 0.706751,
            "y": 0.034722
          },
          "3": {
            "x": 0.701477,
            "y": 0.056944
          },
          "4": {
            "x": 0.700422,
            "y": 0.070833
          },
          "5": {
            "x": 0.694093,
            "y": 0.094444
          },
          "6": {
            "x": 0.689873,
            "y": 0.122222
          },
          "7": {
            "x": 0.686709,
            "y": 0.131944
          },
          "8": {
            "x": 0.682489,
            "y": 0.168056
          },
          "9": {
            "x": 0.679325,
            "y": 0.175
          },
          "10": {
            "x": 0.674051,
            "y": 0.208333
          },
          "11": {
            "x": 0.671941,
            "y": 0.2125
          },
          "12": {
            "x": 0.670886,
            "y": 0.223611
          },
          "13": {
            "x": 0.668776,
            "y": 0.229167
          },
          "14": {
            "x": 0.662447,
            "y": 0.276389
          },
          "15": {
            "x": 0.656118,
            "y": 0.302778
          },
          "16": {
            "x": 0.654008,
            "y": 0.326389
          },
          "17": {
            "x": 0.648734,
            "y": 0.345833
          },
          "18": {
            "x": 0.644515,
            "y": 0.376389
          },
          "19": {
            "x": 0.636076,
            "y": 0.415278
          },
          "20": {
            "x": 0.628692,
            "y": 0.473611
          },
          "21": {
            "x": 0.621308,
            "y": 0.501389
          },
          "22": {
            "x": 0.617089,
            "y": 0.508333
          },
          "23": {
            "x": 0.616034,
            "y": 0.533333
          },
          "24": {
            "x": 0.618143,
            "y": 0.544444
          },
          "25": {
            "x": 0.622363,
            "y": 0.55
          },
          "26": {
            "x": 0.625527,
            "y": 0.558333
          },
          "27": {
            "x": 0.635021,
            "y": 0.565278
          },
          "28": {
            "x": 0.638186,
            "y": 0.565278
          },
          "29": {
            "x": 0.64135,
            "y": 0.569444
          },
          "30": {
            "x": 0.644515,
            "y": 0.569444
          },
          "31": {
            "x": 0.648734,
            "y": 0.572222
          },
          "32": {
            "x": 0.654008,
            "y": 0.572222
          },
          "33": {
            "x": 0.662447,
            "y": 0.569444
          },
          "34": {
            "x": 0.669831,
            "y": 0.565278
          },
          "35": {
            "x": 0.679325,
            "y": 0.552778
          },
          "36": {
            "x": 0.685654,
            "y": 0.540278
          },
          "37": {
            "x": 0.696203,
            "y": 0.5125
          },
          "38": {
            "x": 0.698312,
            "y": 0.494444
          },
          "39": {
            "x": 0.700422,
            "y": 0.490278
          },
          "40": {
            "x": 0.703586,
            "y": 0.470833
          },
          "41": {
            "x": 0.71308,
            "y": 0.444444
          },
          "42": {
            "x": 0.718354,
            "y": 0.4375
          },
          "43": {
            "x": 0.720464,
            "y": 0.430556
          },
          "44": {
            "x": 0.726793,
            "y": 0.420833
          },
          "45": {
            "x": 0.729958,
            "y": 0.405556
          },
          "46": {
            "x": 0.738397,
            "y": 0.384722
          },
          "47": {
            "x": 0.738397,
            "y": 0.379167
          },
          "48": {
            "x": 0.742616,
            "y": 0.375
          },
          "49": {
            "x": 0.74789,
            "y": 0.359722
          },
          "50": {
            "x": 0.751055,
            "y": 0.363889
          },
          "51": {
            "x": 0.751055,
            "y": 0.368056
          },
          "52": {
            "x": 0.753165,
            "y": 0.348611
          },
          "53": {
            "x": 0.766878,
            "y": 0.306944
          },
          "54": {
            "x": 0.768987,
            "y": 0.295833
          },
          "55": {
            "x": 0.781646,
            "y": 0.263889
          },
          "56": {
            "x": 0.78481,
            "y": 0.25
          },
          "57": {
            "x": 0.797468,
            "y": 0.216667
          },
          "58": {
            "x": 0.799578,
            "y": 0.206944
          },
          "59": {
            "x": 0.809072,
            "y": 0.184722
          },
          "60": {
            "x": 0.816456,
            "y": 0.158333
          },
          "61": {
            "x": 0.828059,
            "y": 0.129167
          },
          "62": {
            "x": 0.831224,
            "y": 0.115278
          },
          "63": {
            "x": 0.848101,
            "y": 0.070833
          },
          "64": {
            "x": 0.849156,
            "y": 0.063889
          },
          "65": {
            "x": 0.852321,
            "y": 0.058333
          },
          "66": {
            "x": 0.853376,
            "y": 0.051389
          },
          "67": {
            "x": 0.857595,
            "y": 0.043056
          },
          "68": {
            "x": 0.864979,
            "y": 0.018056
          },
          "69": {
            "x": 0.871308,
            "y": 0.004167
          },
          "70": {
            "x": 0.871308,
            "y": 0
          }
        }
      },
      {
        "instrument_polygon": {
          "0": {
            "x": 0,
            "y": 0.501389
          },
          "1": {
            "x": 0,
            "y": 0.602778
          },
          "2": {
            "x": 0.00211,
            "y": 0.604167
          },
          "3": {
            "x": 0.005274,
            "y": 0.611111
          },
          "4": {
            "x": 0.014768,
            "y": 0.6125
          },
          "5": {
            "x": 0.022152,
            "y": 0.616667
          },
          "6": {
            "x": 0.027426,
            "y": 0.616667
          },
          "7": {
            "x": 0.0327,
            "y": 0.620833
          },
          "8": {
            "x": 0.044304,
            "y": 0.625
          },