{
  "labels": {
    "0": [],
    "37": [],
    "70": [],
    "91": [
      {
        "is_tti": 0,
        "non_interaction_tool": "Cautery (Hook, Spatula)",
        "tti_polygon": {
          "0": {
            "x": 0.9375,
            "y": 0.233983
          },
          "1": {
            "x": 0.924479,
            "y": 0.247911
          },
          "2": {
            "x": 0.924479,
            "y": 0.252089
          },
          "3": {
            "x": 0.91276,
            "y": 0.263231
          },
          "4": {
            "x": 0.91276,
            "y": 0.266017
          },
          "5": {
            "x": 0.907552,
            "y": 0.271588
          },
          "6": {
            "x": 0.901042,
            "y": 0.277159
          },
          "7": {
            "x": 0.891927,
            "y": 0.281337
          },
          "8": {
            "x": 0.864583,
            "y": 0.307799
          },
          "9": {
            "x": 0.856771,
            "y": 0.311978
          },
          "10": {
            "x": 0.847656,
            "y": 0.320334
          },
          "11": {
            "x": 0.838542,
            "y": 0.324513
          },
          "12": {
            "x": 0.832031,
            "y": 0.331476
          },
          "13": {
            "x": 0.826823,
            "y": 0.334262
          },
          "14": {
            "x": 0.815104,
            "y": 0.346797
          },
          "15": {
            "x": 0.807292,
            "y": 0.359331
          },
          "16": {
            "x": 0.78776,
            "y": 0.380223
          },
          "17": {
            "x": 0.772135,
            "y": 0.388579
          },
          "18": {
            "x": 0.735677,
            "y": 0.422006
          },
          "19": {
            "x": 0.709635,
            "y": 0.455432
          },
          "20": {
            "x": 0.701823,
            "y": 0.462396
          },
          "21": {
            "x": 0.695312,
            "y": 0.472145
          },
          "22": {
            "x": 0.691406,
            "y": 0.481894
          },
          "23": {
            "x": 0.691406,
            "y": 0.493036
          },
          "24": {
            "x": 0.683594,
            "y": 0.505571
          },
          "25": {
            "x": 0.684896,
            "y": 0.508357
          },
          "26": {
            "x": 0.679688,
            "y": 0.516713
          },
          "27": {
            "x": 0.677083,
            "y": 0.530641
          },
          "28": {
            "x": 0.673177,
            "y": 0.537604
          },
          "29": {
            "x": 0.63151,
            "y": 0.582173
          },
          "30": {
            "x": 0.601562,
            "y": 0.608635
          },
          "31": {
            "x": 0.598958,
            "y": 0.612813
          },
          "32": {
            "x": 0.580729,
            "y": 0.614206
          },
          "33": {
            "x": 0.572917,
            "y": 0.611421
          },
          "34": {
            "x": 0.563802,
            "y": 0.603064
          },
          "35": {
            "x": 0.559896,
            "y": 0.603064
          },
          "36": {
            "x": 0.557292,
            "y": 0.607242
          },
          "37": {
            "x": 0.557292,
            "y": 0.611421
          },
          "38": {
            "x": 0.566406,
            "y": 0.628134
          },
          "39": {
            "x": 0.575521,
            "y": 0.639276
          },
          "40": {
            "x": 0.58724,
            "y": 0.644847
          },
          "41": {
            "x": 0.597656,
            "y": 0.644847
          },
          "42": {
            "x": 0.626302,
            "y": 0.63649
          },
          "43": {
            "x": 0.670573,
            "y": 0.593315
          },
          "44": {
            "x": 0.691406,
            "y": 0.575209
          },
          "45": {
            "x": 0.704427,
            "y": 0.561281
          },
          "46": {
            "x": 0.710938,
            "y": 0.551532
          },
          "47": {
            "x": 0.713542,
            "y": 0.541783
          },
          "48": {
            "x": 0.71875,
            "y": 0.532033
          },
          "49": {
            "x": 0.71875,
            "y": 0.529248
          },
          "50": {
            "x": 0.721354,
            "y": 0.526462
          },
          "51": {
            "x": 0.733073,
            "y": 0.52507
          },
          "52": {
            "x": 0.742188,
            "y": 0.519499
          },
          "53": {
            "x": 0.763021,
            "y": 0.5
          },
          "54": {
            "x": 0.792969,
            "y": 0.481894
          },
          "55": {
            "x": 0.799479,
            "y": 0.47493
          },
          "56": {
            "x": 0.804688,
            "y": 0.472145
          },
          "57": {
            "x": 0.820312,
            "y": 0.458217
          },
          "58": {
            "x": 0.829427,
            "y": 0.448468
          },
          "59": {
            "x": 0.865885,
            "y": 0.417827
          },
          "60": {
            "x": 0.88151,
            "y": 0.408078
          },
          "61": {
            "x": 0.886719,
            "y": 0.406685
          },
          "62": {
            "x": 0.891927,
            "y": 0.401114
          },
          "63": {
            "x": 0.90625,
            "y": 0.39415
          },
          "64": {
            "x": 0.908854,
            "y": 0.391365
          },
          "65": {
            "x": 0.920573,
            "y": 0.387187
          },
          "66": {
            "x": 0.93099,
            "y": 0.380223
          },
          "67": {
            "x": 0.934896,
            "y": 0.380223
          },
          "68": {
            "x": 0.9375,
            "y": 0.376045
          },
          "69": {
            "x": 0.977865,
            "y": 0.341226
          },
          "70": {
            "x": 0.979167,
            "y": 0.331476
          },
          "71": {
            "x": 0.977865,
            "y": 0.330084
          },
          "72": {
            "x": 0.976562,
            "y": 0.317549
          },
          "73": {
            "x": 0.970052,
            "y": 0.300836
          },
          "74": {
            "x": 0.970052,
            "y": 0.296657
          },
          "75": {
            "x": 0.966146,
            "y": 0.289694
          },
          "76": {
            "x": 0.966146,
            "y": 0.285515
          },
          "77": {
            "x": 0.96224,
            "y": 0.277159
          },
          "78": {
            "x": 0.960938,
            "y": 0.270195
          },
          "79": {
            "x": 0.947917,
            "y": 0.24234
          },
          "80": {
            "x": 0.942708,
            "y": 0.235376
          },
          "81": {
            "x": 0.938802,
            "y": 0.233983
          }
        }
      }
    ],
    "125": []
  }
}