{
  "labels": {
    "23": [
      {
        "is_tti": 0,
        "non_interaction_tool": "Cautery (Hook, Spatula)",
        "instrument_polygon": {
          "0": {
            "x": 0.801124,
            "y": 0.004167
          },
          "1": {
            "x": 0.798876,
            "y": 0.005556
          },
          "2": {
            "x": 0.785393,
            "y": 0.036111
          },
          "3": {
            "x": 0.766292,
            "y": 0.070833
          },
          "4": {
            "x": 0.759551,
            "y": 0.0875
          },
          "5": {
            "x": 0.739326,
            "y": 0.126389
          },
          "6": {
            "x": 0.733708,
            "y": 0.140278
          },
          "7": {
            "x": 0.732584,
            "y": 0.154167
          },
          "8": {
            "x": 0.729213,
            "y": 0.158333
          },
          "9": {
            "x": 0.720225,
            "y": 0.161111
          },
          "10": {
            "x": 0.71573,
            "y": 0.158333
          },
          "11": {
            "x": 0.71236,
            "y": 0.1625
          },
          "12": {
            "x": 0.688764,
            "y": 0.161111
          },
          "13": {
            "x": 0.673034,
            "y": 0.15
          },
          "14": {
            "x": 0.666292,
            "y": 0.148611
          },
          "15": {
            "x": 0.661798,
            "y": 0.145833
          },
          "16": {
            "x": 0.652809,
            "y": 0.144444
          },
          "17": {
            "x": 0.646067,
            "y": 0.147222
          },
          "18": {
            "x": 0.640449,
            "y": 0.155556
          },
          "19": {
            "x": 0.640449,
            "y": 0.168056
          },
          "20": {
            "x": 0.644944,
            "y": 0.175
          },
          "21": {
            "x": 0.648315,
            "y": 0.177778
          },
          "22": {
            "x": 0.659551,
            "y": 0.180556
          },
          "23": {
            "x": 0.668539,
            "y": 0.1875
          },
          "24": {
            "x": 0.679775,
            "y": 0.193056
          },
          "25": {
            "x": 0.683146,
            "y": 0.193056
          },
          "26": {
            "x": 0.696629,
            "y": 0.198611
          },
          "27": {
            "x": 0.701124,
            "y": 0.198611
          },
          "28": {
            "x": 0.702247,
            "y": 0.2
          },
          "29": {
            "x": 0.726966,
            "y": 0.2
          },
          "30": {
            "x": 0.735955,
            "y": 0.197222
          },
          "31": {
            "x": 0.740449,
            "y": 0.193056
          },
          "32": {
            "x": 0.74382,
            "y": 0.193056
          },
          "33": {
            "x": 0.746067,
            "y": 0.188889
          },
          "34": {
            "x": 0.744944,
            "y": 0.184722
          },
          "35": {
            "x": 0.755056,
            "y": 0.176389
          },
          "36": {
            "x": 0.761798,
            "y": 0.181944
          },
          "37": {
            "x": 0.765169,
            "y": 0.181944
          },
          "38": {
            "x": 0.769663,
            "y": 0.179167
          },
          "39": {
            "x": 0.779775,
            "y": 0.177778
          },
          "40": {
            "x": 0.786517,
            "y": 0.172222
          },
          "41": {
            "x": 0.820225,
            "y": 0.115278
          },
          "42": {
            "x": 0.841573,
            "y": 0.086111
          },
          "43": {
            "x": 0.846067,
            "y": 0.073611
          },
          "44": {
            "x": 0.851685,
            "y": 0.063889
          },
          "45": {
            "x": 0.850562,
            "y": 0.054167
          },
          "46": {
            "x": 0.838202,
            "y": 0.038889
          },
          "47": {
            "x": 0.823596,
            "y": 0.025
          },
          "48": {
            "x": 0.807865,
            "y": 0.006944
          },
          "49": {
            "x": 0.803371,
            "y": 0.004167
          }
        }
      }
    ]
  }
}