{
  "labels": {
    "128": [
      {
        "is_tti": 0,
        "non_interaction_tool": "Suction",
        "instrument_polygon": {
          "0": {
            "x": 0.858209,
            "y": 0
          },
          "1": {
            "x": 0.850746,
            "y": 0.0125
          },
          "2": {
            "x": 0.848614,
            "y": 0.019444
          },
          "3": {
            "x": 0.842217,
            "y": 0.026389
          },
          "4": {
            "x": 0.821962,
            "y": 0.063889
          },
          "5": {
            "x": 0.815565,
            "y": 0.070833
          },
          "6": {
            "x": 0.810235,
            "y": 0.083333
          },
          "7": {
            "x": 0.804904,
            "y": 0.088889
          },
          "8": {
            "x": 0.791045,
            "y": 0.111111
          },
          "9": {
            "x": 0.785714,
            "y": 0.123611
          },
          "10": {
            "x": 0.785714,
            "y": 0.127778
          },
          "11": {
            "x": 0.773987,
            "y": 0.143056
          },
          "12": {
            "x": 0.767591,
            "y": 0.159722
          },
          "13": {
            "x": 0.76226,
            "y": 0.165278
          },
          "14": {
            "x": 0.757996,
            "y": 0.173611
          },
          "15": {
            "x": 0.753731,
            "y": 0.176389
          },
          "16": {
            "x": 0.747335,
            "y": 0.184722
          },
          "17": {
            "x": 0.750533,
            "y": 0.190278
          },
          "18": {
            "x": 0.747335,
            "y": 0.195833
          },
          "19": {
            "x": 0.744136,
            "y": 0.197222
          },
          "20": {
            "x": 0.74307,
            "y": 0.205556
          },
          "21": {
            "x": 0.73774,
            "y": 0.218056
          },
          "22": {
            "x": 0.730277,
            "y": 0.225
          },
          "23": {
            "x": 0.728145,
            "y": 0.225
          },
          "24": {
            "x": 0.721748,
            "y": 0.231944
          },
          "25": {
            "x": 0.719616,
            "y": 0.2375
          },
          "26": {
            "x": 0.708955,
            "y": 0.247222
          },
          "27": {
            "x": 0.710021,
            "y": 0.251389
          },
          "28": {
            "x": 0.708955,
            "y": 0.254167
          },
          "29": {
            "x": 0.702559,
            "y": 0.261111
          },
          "30": {
            "x": 0.701493,
            "y": 0.268056
          },
          "31": {
            "x": 0.696162,
            "y": 0.273611
          },
          "32": {
            "x": 0.692964,
            "y": 0.283333
          },
          "33": {
            "x": 0.687633,
            "y": 0.290278
          },
          "34": {
            "x": 0.684435,
            "y": 0.301389
          },
          "35": {
            "x": 0.679104,
            "y": 0.305556
          },
          "36": {
            "x": 0.678038,
            "y": 0.309722
          },
          "37": {
            "x": 0.664179,
            "y": 0.326389
          },
          "38": {
            "x": 0.663113,
            "y": 0.330556
          },
          "39": {
            "x": 0.657783,
            "y": 0.3375
          },
          "40": {
            "x": 0.65565,
            "y": 0.348611
          },
          "41": {
            "x": 0.651386,
            "y": 0.352778
          },
          "42": {
            "x": 0.649254,
            "y": 0.3625
          },
          "43": {
            "x": 0.646055,
            "y": 0.366667
          },
          "44": {
            "x": 0.643923,
            "y": 0.386111
          },
          "45": {
            "x": 0.646055,
            "y": 0.397222
          },
          "46": {
            "x": 0.657783,
            "y": 0.415278
          },
          "47": {
            "x": 0.662047,
            "y": 0.419444
          },
          "48": {
            "x": 0.668443,
            "y": 0.422222
          },
          "49": {
            "x": 0.672708,
            "y": 0.420833
          },
          "50": {
            "x": 0.680171,
            "y": 0.422222
          },
          "51": {
            "x": 0.681237,
            "y": 0.420833
          },
          "52": {
            "x": 0.685501,
            "y": 0.420833
          },
          "53": {
            "x": 0.704691,
            "y": 0.406944
          },
          "54": {
            "x": 0.707889,
            "y": 0.4
          },
          "55": {
            "x": 0.71322,
            "y": 0.395833
          },
          "56": {
            "x": 0.714286,
            "y": 0.391667
          },
          "57": {
            "x": 0.722814,
            "y": 0.380556
          },
          "58": {
            "x": 0.728145,
            "y": 0.377778
          },
          "59": {
            "x": 0.731343,
            "y": 0.372222
          },
          "60": {
            "x": 0.736674,
            "y": 0.372222
          },
          "61": {
            "x": 0.745203,
            "y": 0.363889
          },
          "62": {
            "x": 0.748401,
            "y": 0.354167
          },
          "63": {
            "x": 0.75693,
            "y": 0.344444
          },
          "64": {
            "x": 0.757996,
            "y": 0.340278
          },
          "65": {
            "x": 0.76226,
            "y": 0.334722
          },
          "66": {
            "x": 0.770789,
            "y": 0.330556
          },
          "67": {
            "x": 0.777186,
            "y": 0.320833
          },
          "68": {
            "x": 0.785714,
            "y": 0.3125
          },
          "69": {
            "x": 0.801706,
            "y": 0.291667
          },
          "70": {
            "x": 0.804904,
            "y": 0.284722
          },
          "71": {
            "x": 0.808102,
            "y": 0.280556
          },
          "72": {
            "x": 0.811301,
            "y": 0.279167
          },
          "73": {
            "x": 0.813433,
            "y": 0.266667
          },
          "74": {
            "x": 0.816631,
            "y": 0.263889
          },
          "75": {
            "x": 0.82516,
            "y": 0.25
          },
          "76": {
            "x": 0.832623,
            "y": 0.247222
          },
          "77": {
            "x": 0.834755,
            "y": 0.243056
          },
          "78": {
            "x": 0.841151,
            "y": 0.238889
          },
          "79": {
            "x": 0.847548,
            "y": 0.230556
          },
          "80": {
            "x": 0.848614,
            "y": 0.226389
          },
          "81": {
            "x": 0.86887,
            "y": 0.2125
          },
          "82": {
            "x": 0.876333,
            "y": 0.2
          },
          "83": {
            "x": 0.889126,
            "y": 0.1875
          },
          "84": {
            "x": 0.891258,
            "y": 0.181944
          },
          "85": {
            "x": 0.91258,
            "y": 0.154167
          },
          "86": {
            "x": 0.914712,
            "y": 0.147222
          },
          "87": {
            "x": 0.91791,
            "y": 0.143056
          },
          "88": {
            "x": 0.91791,
            "y": 0.136111
          },
          "89": {
            "x": 0.921109,
            "y": 0.130556
          },
          "90": {
            "x": 0.925373,
            "y": 0.111111
          },
          "91": {
            "x": 0.929638,
            "y": 0.106944
          },
          "92": {
            "x": 0.930704,
            "y": 0.094444
          },
          "93": {
            "x": 0.933902,
            "y": 0.090278
          },