{
  "labels": {
    "142": [
      {
        "instrument_polygon": {
          "0": {
            "x": 0.950226,
            "y": 0.246518
          },
          "1": {
            "x": 0.949095,
            "y": 0.247911
          },
          "2": {
            "x": 0.917421,
            "y": 0.249304
          },
          "3": {
            "x": 0.899321,
            "y": 0.256267
          },
          "4": {
            "x": 0.875566,
            "y": 0.25766
          },
          "5": {
            "x": 0.866516,
            "y": 0.261838
          },
          "6": {
            "x": 0.852941,
            "y": 0.263231
          },
          "7": {
            "x": 0.847285,
            "y": 0.266017
          },
          "8": {
            "x": 0.839367,
            "y": 0.266017
          },
          "9": {
            "x": 0.83371,
            "y": 0.268802
          },
          "10": {
            "x": 0.823529,
            "y": 0.268802
          },
          "11": {
            "x": 0.815611,
            "y": 0.271588
          },
          "12": {
            "x": 0.809955,
            "y": 0.271588
          },
          "13": {
            "x": 0.808824,
            "y": 0.272981
          },
          "14": {
            "x": 0.802036,
            "y": 0.272981
          },
          "15": {
            "x": 0.791855,
            "y": 0.277159
          },
          "16": {
            "x": 0.780543,
            "y": 0.277159
          },
          "17": {
            "x": 0.772624,
            "y": 0.279944
          },
          "18": {
            "x": 0.765837,
            "y": 0.279944
          },
          "19": {
            "x": 0.761312,
            "y": 0.28273
          },
          "20": {
            "x": 0.742081,
            "y": 0.284123
          },
          "21": {
            "x": 0.74095,
            "y": 0.285515
          },
          "22": {
            "x": 0.734163,
            "y": 0.285515
          },
          "23": {
            "x": 0.726244,
            "y": 0.288301
          },
          "24": {
            "x": 0.717195,
            "y": 0.288301
          },
          "25": {
            "x": 0.716063,
            "y": 0.289694
          },
          "26": {
            "x": 0.70362,
            "y": 0.291086
          },
          "27": {
            "x": 0.702489,
            "y": 0.292479
          },
          "28": {
            "x": 0.693439,
            "y": 0.292479
          },
          "29": {
            "x": 0.679864,
            "y": 0.296657
          },
          "30": {
            "x": 0.670814,
            "y": 0.296657
          },
          "31": {
            "x": 0.65724,
            "y": 0.300836
          },
          "32": {
            "x": 0.647059,
            "y": 0.300836
          },
          "33": {
            "x": 0.640271,
            "y": 0.303621
          },
          "34": {
            "x": 0.626697,
            "y": 0.305014
          },
          "35": {
            "x": 0.622172,
            "y": 0.307799
          },
          "36": {
            "x": 0.593891,
            "y": 0.311978
          },
          "37": {
            "x": 0.58371,
            "y": 0.316156
          },
          "38": {
            "x": 0.56448,
            "y": 0.320334
          },
          "39": {
            "x": 0.559955,
            "y": 0.324513
          },
          "40": {
            "x": 0.55543,
            "y": 0.324513
          },
          "41": {
            "x": 0.548643,
            "y": 0.328691
          },
          "42": {
            "x": 0.545249,
            "y": 0.332869
          },
          "43": {
            "x": 0.545249,
            "y": 0.337047
          },
          "44": {
            "x": 0.539593,
            "y": 0.345404
          },
          "45": {
            "x": 0.536199,
            "y": 0.356546
          },
          "46": {
            "x": 0.530543,
            "y": 0.362117
          },
          "47": {
            "x": 0.529412,
            "y": 0.367688
          },
          "48": {
            "x": 0.522624,
            "y": 0.376045
          },
          "49": {
            "x": 0.516968,
            "y": 0.376045
          },
          "50": {
            "x": 0.516968,
            "y": 0.381616
          },
          "51": {
            "x": 0.529412,
            "y": 0.388579
          },
          "52": {
            "x": 0.532805,
            "y": 0.387187
          },
          "53": {
            "x": 0.533937,
            "y": 0.388579
          },
          "54": {
            "x": 0.54638,
            "y": 0.388579
          },
          "55": {
            "x": 0.547511,
            "y": 0.387187
          },
          "56": {
            "x": 0.561086,
            "y": 0.387187
          },
          "57": {
            "x": 0.563348,
            "y": 0.384401
          },
          "58": {
            "x": 0.575792,
            "y": 0.384401
          },
          "59": {
            "x": 0.580317,
            "y": 0.387187
          },
          "60": {
            "x": 0.605204,
            "y": 0.387187
          },
          "61": {
            "x": 0.606335,
            "y": 0.385794
          },
          "62": {
            "x": 0.607466,
            "y": 0.387187
          },
          "63": {
            "x": 0.61991,
            "y": 0.387187
          },
          "64": {
            "x": 0.622172,
            "y": 0.385794
          },
          "65": {
            "x": 0.623303,
            "y": 0.387187
          },
          "66": {
            "x": 0.647059,
            "y": 0.387187
          },
          "67": {
            "x": 0.64819,
            "y": 0.385794
          },
          "68": {
            "x": 0.676471,
            "y": 0.384401
          },
          "69": {
            "x": 0.677602,
            "y": 0.383008
          },
          "70": {
            "x": 0.725113,
            "y": 0.381616
          },
          "71": {
            "x": 0.726244,
            "y": 0.380223
          },
          "72": {
            "x": 0.769231,
            "y": 0.380223
          },
          "73": {
            "x": 0.771493,
            "y": 0.37883
          },
          "74": {
            "x": 0.772624,
            "y": 0.380223
          },
          "75": {
            "x": 0.859729,
            "y": 0.380223
          },
          "76": {
            "x": 0.86086,
            "y": 0.37883
          },
          "77": {
            "x": 0.867647,
            "y": 0.37883
          },
          "78": {
            "x": 0.868778,
            "y": 0.380223
          },
          "79": {
            "x": 0.86991,
            "y": 0.37883
          },
          "80": {
            "x": 0.88914,
            "y": 0.37883
          },
          "81": {
            "x": 0.890271,
            "y": 0.377437
          },
          "82": {
            "x": 0.925339,
            "y": 0.377437
          },
          "83": {
            "x": 0.934389,
            "y": 0.374652
          },
          "84": {
            "x": 0.937783,
            "y": 0.376045
          },
          "85": {
            "x": 0.942308,
            "y": 0.374652
          },
          "86": {
            "x": 0.943439,
            "y": 0.376045
          },
          "87": {
            "x": 0.967195,
            "y": 0.376045
          },
          "88": {
            "x": 0.968326,
            "y": 0.374652
          },
          "89": {
            "x": 0.976244,
            "y": 0.374652
          },
          "90": {
            "x": 0.977376,
            "y": 0.376045
          },
          "91": {
            "x": 0.995475,
            "y": 0.377437
          },
          "92": {
            "x": 0.996606,
            "y": 0.367688
          },
          "93": {
            "x": 0.995475,
            "y": 0.360724
          },
          "94": {
            "x": 0.992081,