{
  "labels": {
    "0": [
      {
        "instrument_polygon": {
          "0": {
            "x": 0.441176,
            "y": 0
          },
          "1": {
            "x": 0.444118,
            "y": 0.006944
          },
          "2": {
            "x": 0.455882,
            "y": 0.020833
          },
          "3": {
            "x": 0.472549,
            "y": 0.036111
          },
          "4": {
            "x": 0.479412,
            "y": 0.040278
          },
          "5": {
            "x": 0.482353,
            "y": 0.044444
          },
          "6": {
            "x": 0.484314,
            "y": 0.044444
          },
          "7": {
            "x": 0.492157,
            "y": 0.052778
          },
          "8": {
            "x": 0.497059,
            "y": 0.055556
          },
          "9": {
            "x": 0.501961,
            "y": 0.054167
          },
          "10": {
            "x": 0.507843,
            "y": 0.059722
          },
          "11": {
            "x": 0.513725,
            "y": 0.061111
          },
          "12": {
            "x": 0.517647,
            "y": 0.066667
          },
          "13": {
            "x": 0.528431,
            "y": 0.072222
          },
          "14": {
            "x": 0.535294,
            "y": 0.080556
          },
          "15": {
            "x": 0.543137,
            "y": 0.086111
          },
          "16": {
            "x": 0.560784,
            "y": 0.106944
          },
          "17": {
            "x": 0.570588,
            "y": 0.122222
          },
          "18": {
            "x": 0.573529,
            "y": 0.123611
          },
          "19": {
            "x": 0.576471,
            "y": 0.127778
          },
          "20": {
            "x": 0.587255,
            "y": 0.145833
          },
          "21": {
            "x": 0.596078,
            "y": 0.156944
          },
          "22": {
            "x": 0.59902,
            "y": 0.158333
          },
          "23": {
            "x": 0.606863,
            "y": 0.169444
          },
          "24": {
            "x": 0.609804,
            "y": 0.170833
          },
          "25": {
            "x": 0.610784,
            "y": 0.173611
          },
          "26": {
            "x": 0.612745,
            "y": 0.173611
          },
          "27": {
            "x": 0.637255,
            "y": 0.2
          },
          "28": {
            "x": 0.641176,
            "y": 0.201389
          },
          "29": {
            "x": 0.653922,
            "y": 0.213889
          },
          "30": {
            "x": 0.658824,
            "y": 0.215278
          },
          "31": {
            "x": 0.665686,
            "y": 0.2125
          },
          "32": {
            "x": 0.670588,
            "y": 0.205556
          },
          "33": {
            "x": 0.67451,
            "y": 0.195833
          },
          "34": {
            "x": 0.676471,
            "y": 0.183333
          },
          "35": {
            "x": 0.681373,
            "y": 0.168056
          },
          "36": {
            "x": 0.683333,
            "y": 0.133333
          },
          "37": {
            "x": 0.682353,
            "y": 0.109722
          },
          "38": {
            "x": 0.680392,
            "y": 0.094444
          },
          "39": {
            "x": 0.67451,
            "y": 0.083333
          },
          "40": {
            "x": 0.673529,
            "y": 0.070833
          },
          "41": {
            "x": 0.669608,
            "y": 0.063889
          },
          "42": {
            "x": 0.664706,
            "y": 0.047222
          },
          "43": {
            "x": 0.656863,
            "y": 0.036111
          },
          "44": {
            "x": 0.656863,
            "y": 0.033333
          },
          "45": {
            "x": 0.652941,
            "y": 0.029167
          },
          "46": {
            "x": 0.651961,
            "y": 0.020833
          },
          "47": {
            "x": 0.65,
            "y": 0.020833
          },
          "48": {
            "x": 0.647059,
            "y": 0.016667
          },
          "49": {
            "x": 0.648039,
            "y": 0.011111
          },
          "50": {
            "x": 0.643137,
            "y": 0
          }
        },
        "instrument_type": "Grasper"
      },
      {
        "is_tti": 1,
        "interaction_type": "Retract and grab",
        "interaction_tool": "Grasper",
        "tti_polygon": {
          "0": {
            "x": 0.5736631911148251,
            "y": 0.147132081101537
          },
          "1": {
            "x": 0.5775224578070632,
            "y": 0.1340005676525384
          },
          "2": {
            "x": 0.5867660757828982,
            "y": 0.12252925593851886
          },
          "3": {
            "x": 0.5931874845886189,
            "y": 0.11178570388914763
          },
          "4": {
            "x": 0.6028517048412286,
            "y": 0.09889071233115974
          },
          "5": {
            "x": 0.6085185981122772,
            "y": 0.08741030362133208
          },
          "6": {
            "x": 0.6161889709307106,
            "y": 0.07517029576152769
          },
          "7": {
            "x": 0.6254550638373655,
            "y": 0.06813831800186305
          },
          "8": {
            "x": 0.6385964769582728,
            "y": 0.0659277480204937
          },
          "9": {
            "x": 0.6484597608838599,
            "y": 0.0659277480204937
          },
          "10": {
            "x": 0.6602912066084002,
            "y": 0.0659277480204937
          },
          "11": {
            "x": 0.6701769654648073,
            "y": 0.0659277480204937
          },
          "12": {
            "x": 0.6800402493903943,
            "y": 0.0659277480204937
          },
          "13": {
            "x": 0.6896402555549467,
            "y": 0.0689888871099208
          },
          "14": {
            "x": 0.699888824008877,
            "y": 0.07751277218211457
          },
          "15": {
            "x": 0.7068143134058468,
            "y": 0.0913629482999534
          },
          "16": {
            "x": 0.7093539805885093,
            "y": 0.1063002154168607
          },
          "17": {
            "x": 0.7096878938464067,
            "y": 0.12378009286213318
          },
          "18": {
            "x": 0.7086187292802543,
            "y": 0.1424016432813228
          },
          "19": {
            "x": 0.7065638784624236,
            "y": 0.1587216537610619
          },
          "20": {
            "x": 0.7033660168771747,
            "y": 0.1723216624941779
          },
          "21": {
            "x": 0.700669025178772,
            "y": 0.1895741150442478
          },
          "22": {
            "x": 0.6943856766623743,
            "y": 0.201709507452259
          },
          "23": {
            "x": 0.6874922943094331,
            "y": 0.2229373471704704
          },
          "24": {
            "x": 0.6841435296172498,
            "y": 0.2390253842571029
          },
          "25": {
            "x": 0.6705654606975534,
            "y": 0.2437558220773172
          },
          "26": {
            "x": 0.6603586314008604,
            "y": 0.2448565585700978
          },
          "27": {
            "x": 0.6470952115126442,
            "y": 0.2448565585700978
          },
          "28": {
            "x": 0.6366475793857367,
            "y": 0.23627354302515136
          },
          "29": {
            "x": 0.6281488448313653,
            "y": 0.22631688111318118
          },
          "30": {
            "x": 0.6203789401764432,
            "y": 0.21778844754308338
          },
          "31": {
            "x": 0.6084222769801912,
            "y": 0.20764529721704703
          },
          "32": {
            "x": 0.6000744455327544,
            "y": 0.19560087476711688
          },
          "33": {
            "x": 0.5919706276199348,