{
  "labels": {
    "81": [
      {
        "is_tti": 0,
        "non_interaction_tool": "Cautery (Hook, Spatula)",
        "tti_polygon": {
          "0": {
            "x": 0.986425,
            "y": 0.416435
          },
          "1": {
            "x": 0.985294,
            "y": 0.417827
          },
          "2": {
            "x": 0.975113,
            "y": 0.417827
          },
          "3": {
            "x": 0.973982,
            "y": 0.41922
          },
          "4": {
            "x": 0.957014,
            "y": 0.41922
          },
          "5": {
            "x": 0.955882,
            "y": 0.420613
          },
          "6": {
            "x": 0.946833,
            "y": 0.420613
          },
          "7": {
            "x": 0.945701,
            "y": 0.422006
          },
          "8": {
            "x": 0.93552,
            "y": 0.422006
          },
          "9": {
            "x": 0.930995,
            "y": 0.424791
          },
          "10": {
            "x": 0.925339,
            "y": 0.423398
          },
          "11": {
            "x": 0.917421,
            "y": 0.426184
          },
          "12": {
            "x": 0.906109,
            "y": 0.426184
          },
          "13": {
            "x": 0.904977,
            "y": 0.427577
          },
          "14": {
            "x": 0.897059,
            "y": 0.427577
          },
          "15": {
            "x": 0.895928,
            "y": 0.428969
          },
          "16": {
            "x": 0.892534,
            "y": 0.427577
          },
          "17": {
            "x": 0.891403,
            "y": 0.428969
          },
          "18": {
            "x": 0.883484,
            "y": 0.428969
          },
          "19": {
            "x": 0.882353,
            "y": 0.430362
          },
          "20": {
            "x": 0.859729,
            "y": 0.430362
          },
          "21": {
            "x": 0.858597,
            "y": 0.431755
          },
          "22": {
            "x": 0.839367,
            "y": 0.431755
          },
          "23": {
            "x": 0.838235,
            "y": 0.433148
          },
          "24": {
            "x": 0.832579,
            "y": 0.431755
          },
          "25": {
            "x": 0.831448,
            "y": 0.433148
          },
          "26": {
            "x": 0.819005,
            "y": 0.43454
          },
          "27": {
            "x": 0.817873,
            "y": 0.435933
          },
          "28": {
            "x": 0.794118,
            "y": 0.437326
          },
          "29": {
            "x": 0.792986,
            "y": 0.438719
          },
          "30": {
            "x": 0.776018,
            "y": 0.440111
          },
          "31": {
            "x": 0.774887,
            "y": 0.441504
          },
          "32": {
            "x": 0.771493,
            "y": 0.440111
          },
          "33": {
            "x": 0.770362,
            "y": 0.441504
          },
          "34": {
            "x": 0.760181,
            "y": 0.441504
          },
          "35": {
            "x": 0.75905,
            "y": 0.442897
          },
          "36": {
            "x": 0.743213,
            "y": 0.44429
          },
          "37": {
            "x": 0.742081,
            "y": 0.445682
          },
          "38": {
            "x": 0.733032,
            "y": 0.445682
          },
          "39": {
            "x": 0.7319,
            "y": 0.447075
          },
          "40": {
            "x": 0.723982,
            "y": 0.447075
          },
          "41": {
            "x": 0.722851,
            "y": 0.448468
          },
          "42": {
            "x": 0.711538,
            "y": 0.448468
          },
          "43": {
            "x": 0.710407,
            "y": 0.449861
          },
          "44": {
            "x": 0.701357,
            "y": 0.449861
          },
          "45": {
            "x": 0.700226,
            "y": 0.451253
          },
          "46": {
            "x": 0.674208,
            "y": 0.452646
          },
          "47": {
            "x": 0.667421,
            "y": 0.455432
          },
          "48": {
            "x": 0.658371,
            "y": 0.455432
          },
          "49": {
            "x": 0.653846,
            "y": 0.458217
          },
          "50": {
            "x": 0.645928,
            "y": 0.458217
          },
          "51": {
            "x": 0.633484,
            "y": 0.462396
          },
          "52": {
            "x": 0.611991,
            "y": 0.462396
          },
          "53": {
            "x": 0.602941,
            "y": 0.465181
          },
          "54": {
            "x": 0.59276,
            "y": 0.465181
          },
          "55": {
            "x": 0.584842,
            "y": 0.467967
          },
          "56": {
            "x": 0.569005,
            "y": 0.469359
          },
          "57": {
            "x": 0.567873,
            "y": 0.470752
          },
          "58": {
            "x": 0.563348,
            "y": 0.470752
          },
          "59": {
            "x": 0.559955,
            "y": 0.473538
          },
          "60": {
            "x": 0.55543,
            "y": 0.473538
          },
          "61": {
            "x": 0.552036,
            "y": 0.476323
          },
          "62": {
            "x": 0.548643,
            "y": 0.476323
          },
          "63": {
            "x": 0.532805,
            "y": 0.48468
          },
          "64": {
            "x": 0.526018,
            "y": 0.48468
          },
          "65": {
            "x": 0.513575,
            "y": 0.488858
          },
          "66": {
            "x": 0.506787,
            "y": 0.5
          },
          "67": {
            "x": 0.505656,
            "y": 0.51532
          },
          "68": {
            "x": 0.506787,
            "y": 0.518106
          },
          "69": {
            "x": 0.503394,
            "y": 0.523677
          },
          "70": {
            "x": 0.473982,
            "y": 0.523677
          },
          "71": {
            "x": 0.467195,
            "y": 0.520891
          },
          "72": {
            "x": 0.460407,
            "y": 0.520891
          },
          "73": {
            "x": 0.454751,
            "y": 0.523677
          },
          "74": {
            "x": 0.451357,
            "y": 0.516713
          },
          "75": {
            "x": 0.451357,
            "y": 0.509749
          },
          "76": {
            "x": 0.449095,
            "y": 0.501393
          },
          "77": {
            "x": 0.451357,
            "y": 0.497214
          },
          "78": {
            "x": 0.450226,
            "y": 0.493036
          },
          "79": {
            "x": 0.451357,
            "y": 0.488858
          },
          "80": {
            "x": 0.44457,
            "y": 0.481894
          },
          "81": {
            "x": 0.440045,
            "y": 0.481894
          },
          "82": {
            "x": 0.436652,
            "y": 0.486072
          },
          "83": {
            "x": 0.437783,
            "y": 0.487465
          },
          "84": {
            "x": 0.437783,
            "y": 0.501393
          },
          "85": {
            "x": 0.445701,
            "y": 0.532033
          },
          "86": {
            "x": 0.454751,
            "y": 0.544568
          },
          "87": {
            "x": 0.459276,
            "y": 0.548747
          },
          "88": {
            "x": 0.461538,
            "y": 0.548747
          },
          "89": {
            "x": 0.471719,
            "y": 0.55571
          },
          "90": {
            "x": 0.480769,
            "y": 0.558496
          },
          "91": {
            "x": 0.487557,
            "y": 0.558496
          },
          "92": {
            "x": 0.492081,
            "y": 0.562674
          },
          "93": {
            "x": 0.496606,