{
  "labels": {
    "52": [
      {
        "instrument_polygon": {
          "0": {
            "x": 0.160227,
            "y": 0.079277
          },
          "1": {
            "x": 0.142045,
            "y": 0.098748
          },
          "2": {
            "x": 0.128409,
            "y": 0.11822
          },
          "3": {
            "x": 0.123864,
            "y": 0.122392
          },
          "4": {
            "x": 0.123864,
            "y": 0.125174
          },
          "5": {
            "x": 0.114773,
            "y": 0.1363
          },
          "6": {
            "x": 0.113636,
            "y": 0.140473
          },
          "7": {
            "x": 0.097727,
            "y": 0.162726
          },
          "8": {
            "x": 0.0875,
            "y": 0.184979
          },
          "9": {
            "x": 0.082955,
            "y": 0.189152
          },
          "10": {
            "x": 0.078409,
            "y": 0.197497
          },
          "11": {
            "x": 0.071591,
            "y": 0.215577
          },
          "12": {
            "x": 0.068182,
            "y": 0.218359
          },
          "13": {
            "x": 0.0625,
            "y": 0.229485
          },
          "14": {
            "x": 0.061364,
            "y": 0.236439
          },
          "15": {
            "x": 0.056818,
            "y": 0.246175
          },
          "16": {
            "x": 0.060227,
            "y": 0.253129
          },
          "17": {
            "x": 0.078409,
            "y": 0.272601
          },
          "18": {
            "x": 0.084091,
            "y": 0.275382
          },
          "19": {
            "x": 0.0875,
            "y": 0.279555
          },
          "20": {
            "x": 0.092045,
            "y": 0.280946
          },
          "21": {
            "x": 0.096591,
            "y": 0.2879
          },
          "22": {
            "x": 0.101136,
            "y": 0.290682
          },
          "23": {
            "x": 0.111364,
            "y": 0.303199
          },
          "24": {
            "x": 0.117045,
            "y": 0.305981
          },
          "25": {
            "x": 0.125,
            "y": 0.317107
          },
          "26": {
            "x": 0.132955,
            "y": 0.32267
          },
          "27": {
            "x": 0.1375,
            "y": 0.329624
          },
          "28": {
            "x": 0.147727,
            "y": 0.335188
          },
          "29": {
            "x": 0.153409,
            "y": 0.342142
          },
          "30": {
            "x": 0.169318,
            "y": 0.354659
          },
          "31": {
            "x": 0.173864,
            "y": 0.35605
          },
          "32": {
            "x": 0.176136,
            "y": 0.360223
          },
          "33": {
            "x": 0.184091,
            "y": 0.365786
          },
          "34": {
            "x": 0.188636,
            "y": 0.374131
          },
          "35": {
            "x": 0.205682,
            "y": 0.383866
          },
          "36": {
            "x": 0.210227,
            "y": 0.38943
          },
          "37": {
            "x": 0.231818,
            "y": 0.40612
          },
          "38": {
            "x": 0.246591,
            "y": 0.410292
          },
          "39": {
            "x": 0.251136,
            "y": 0.414465
          },
          "40": {
            "x": 0.254545,
            "y": 0.414465
          },
          "41": {
            "x": 0.263636,
            "y": 0.420028
          },
          "42": {
            "x": 0.284091,
            "y": 0.44089
          },
          "43": {
            "x": 0.295455,
            "y": 0.449235
          },
          "44": {
            "x": 0.301136,
            "y": 0.45758
          },
          "45": {
            "x": 0.304545,
            "y": 0.45758
          },
          "46": {
            "x": 0.314773,
            "y": 0.470097
          },
          "47": {
            "x": 0.320455,
            "y": 0.471488
          },
          "48": {
            "x": 0.325,
            "y": 0.477051
          },
          "49": {
            "x": 0.331818,
            "y": 0.479833
          },
          "50": {
            "x": 0.332955,
            "y": 0.482615
          },
          "51": {
            "x": 0.330682,
            "y": 0.485396
          },
          "52": {
            "x": 0.336364,
            "y": 0.488178
          },
          "53": {
            "x": 0.342045,
            "y": 0.495132
          },
          "54": {
            "x": 0.346591,
            "y": 0.496523
          },
          "55": {
            "x": 0.357955,
            "y": 0.504868
          },
          "56": {
            "x": 0.368182,
            "y": 0.517385
          },
          "57": {
            "x": 0.369318,
            "y": 0.521558
          },
          "58": {
            "x": 0.376136,
            "y": 0.531293
          },
          "59": {
            "x": 0.388636,
            "y": 0.534075
          },
          "60": {
            "x": 0.393182,
            "y": 0.539638
          },
          "61": {
            "x": 0.395455,
            "y": 0.539638
          },
          "62": {
            "x": 0.402273,
            "y": 0.546592
          },
          "63": {
            "x": 0.413636,
            "y": 0.552156
          },
          "64": {
            "x": 0.419318,
            "y": 0.55911
          },
          "65": {
            "x": 0.421591,
            "y": 0.560501
          },
          "66": {
            "x": 0.432955,
            "y": 0.560501
          },
          "67": {
            "x": 0.436364,
            "y": 0.561892
          },
          "68": {
            "x": 0.438636,
            "y": 0.567455
          },
          "69": {
            "x": 0.446591,
            "y": 0.571627
          },
          "70": {
            "x": 0.451136,
            "y": 0.571627
          },
          "71": {
            "x": 0.455682,
            "y": 0.568846
          },
          "72": {
            "x": 0.461364,
            "y": 0.568846
          },
          "73": {
            "x": 0.4625,
            "y": 0.571627
          },
          "74": {
            "x": 0.464773,
            "y": 0.568846
          },
          "75": {
            "x": 0.470455,
            "y": 0.570236
          },
          "76": {
            "x": 0.471591,
            "y": 0.568846
          },
          "77": {
            "x": 0.477273,
            "y": 0.568846
          },
          "78": {
            "x": 0.480682,
            "y": 0.570236
          },
          "79": {
            "x": 0.482955,
            "y": 0.568846
          },
          "80": {
            "x": 0.482955,
            "y": 0.566064
          },
          "81": {
            "x": 0.480682,
            "y": 0.563282
          },
          "82": {
            "x": 0.481818,
            "y": 0.55911
          },
          "83": {
            "x": 0.476136,
            "y": 0.552156
          },
          "84": {
            "x": 0.476136,
            "y": 0.547983
          },
          "85": {
            "x": 0.469318,
            "y": 0.54242
          },
          "86": {
            "x": 0.467045,
            "y": 0.532684
          },
          "87": {
            "x": 0.453409,
            "y": 0.527121
          },
          "88": {
            "x": 0.45,
            "y": 0.515994
          },
          "89": {
            "x": 0.451136,
            "y": 0.513213
          },
          "90": {
            "x": 0.447727,
            "y": 0.511822
          },
          "91": {
            "x": 0.442045,
            "y": 0.503477
          },
          "92": {
            "x": 0.439773,
            "y": 0.503477
          },
          "93": {
            "x": 0.436364,
            "y": 0.499305
          },
          "94": {
            "x": 0.435227,